YYYY,MM,DD,Q(mm/d),TMean(C),Precip(mm/day)
1993,1,1,0.39687425280000005,-7.320001,0.0
1993,1,2,0.35710467840000004,-6.32,0.0
1993,1,3,0.34560178560000004,-6.399999,0.0
1993,1,4,0.334622592,-9.713333,0.0
1993,1,5,0.3185002944,-7.476666,6.702767
1993,1,6,0.30009502080000006,-0.05000019,2.826209
1993,1,7,0.29777339519999996,-1.873333,1.581135
1993,1,8,0.29433985919999994,-5.613333,5.369004
1993,1,9,0.3052569599999999,-3.713333,6.60879
1993,1,10,0.316769184,-5.246666,10.51583
1993,1,11,0.34039077119999994,-6.176666,8.168807
1993,1,12,0.347321088,-6.89,4.149868
1993,1,13,0.3588472512,-3.653334,5.472827
1993,1,14,0.37499581439999996,-6.593333,2.188755
1993,1,15,0.3934024703999999,-3.536667,12.03217
1993,1,16,0.40489096319999995,-1.703333,11.8248
1993,1,17,0.41877532800000006,0.8566675,9.488651
1993,1,18,0.4210405632,-4.163333,4.703274
1993,1,19,0.43835448960000006,-10.74667,0.7348773
1993,1,20,0.44181855360000005,-9.616667,5.778088
1993,1,21,0.45444885119999995,-4.856666,8.776546
1993,1,22,0.4832283456,-3.71,2.266279
1993,1,23,0.45444885119999995,-11.37667,4.931777
1993,1,24,0.46536698880000005,-10.94667,4.01722
1993,1,25,0.4608187776,-14.93667,1.518856
1993,1,26,0.4608187776,-15.18667,0.8209609
1993,1,27,0.4608187776,-9.169999,1.150762
1993,1,28,0.45846771839999995,-15.58667,0.0
1993,1,29,0.43950792960000007,-22.10333,0.0
1993,1,30,0.42566751360000005,-11.97667,0.3963766
1993,1,31,0.40321872,-3.163333,0.2302721
1993,2,1,0.3801845376,2.413333,0.0
1993,2,2,0.37383816960000005,-2.793334,4.837438
1993,2,3,0.40321872,1.223332,28.88848
1993,2,4,0.40321872,0.03666687,8.639898
1993,2,5,0.42160769279999993,-7.703333,1.005771
1993,2,6,0.4377782016000001,-8.43,0.0
1993,2,7,0.45846771839999995,-10.35667,0.0
1993,2,8,0.46427034240000004,4.546667,0.0
1993,2,9,0.46654911360000006,4.073333,0.0
1993,2,10,0.45444885119999995,-0.4133329,0.0
1993,2,11,0.4538639808,-6.469999,0.0
1993,2,12,0.44413418880000005,-5.88,0.0
1993,2,13,0.4429757376000001,-2.97,0.0
1993,2,14,0.42794801280000005,-7.463333,0.9267721
1993,2,15,0.40489096319999995,-4.13,1.439427
1993,2,16,0.40489096319999995,-5.52,7.436219
1993,2,17,0.38994324480000003,-5.619999,0.0
1993,2,18,0.37383816960000005,-7.376666,0.7004572
1993,2,19,0.36112544639999994,-9.176666,0.3580259
1993,2,20,0.3588472512,-13.77667,5.019715
1993,2,21,0.34560178560000004,-12.98333,0.2246379
1993,2,22,0.3185002944,-11.98333,0.0
1993,2,23,0.30009502080000006,-9.993334,0.0
1993,2,24,0.29953152,-11.47667,0.0
1993,2,25,0.2966504256,-8.646667,2.258669
1993,2,26,0.2828299392,-5.179999,2.007958
1993,2,27,0.27069851520000004,-9.636666,0.0
1993,2,28,0.2609118144,-11.39333,0.0
1993,3,1,0.25225712640000003,-14.57667,0.0
1993,3,2,0.2465108928,-14.20667,0.0
1993,3,3,0.24075480959999998,-13.02,0.0
1993,3,4,0.2355648192,-11.90333,0.06655943
1993,3,5,0.22985285760000002,-5.62,0.2541341
1993,3,6,0.22407367680000004,-1.82,0.0
1993,3,7,0.218293344,-3.62,0.0
1993,3,8,0.21312593280000003,-5.173333,0.0
1993,3,9,0.20734323839999996,-0.8333335,1.669821
1993,3,10,0.2016261504,-7.81,0.0
1993,3,11,0.195856704,-10.15,0.0
1993,3,12,0.19009791359999997,-5.22,0.0
1993,3,13,0.18487163519999997,-0.623333,0.0
1993,3,14,0.179135136,0.02333355,0.0
1993,3,15,0.17336067840000002,1.443333,0.5970338
1993,3,16,0.1601368128,-2.4,2.388367
1993,3,17,0.1601368128,-4.646667,4.33696
1993,3,18,0.16128144,-5.34,6.633561
1993,3,19,0.15205887359999998,-6.883333,5.457877
1993,3,20,0.15205887359999998,-4.463334,4.008818
1993,3,21,0.14629714559999998,-3.25,0.9440004
1993,3,22,0.149774976,-5.703332,1.135347
1993,3,23,0.1543569408,-6.266666,1.12296
1993,3,24,0.1428530112,-7.43,2.698284
1993,3,25,0.13131642240000002,-5.72,0.0
1993,3,26,0.1307650752,-7.793333,0.0
1993,3,27,0.13016476800000001,-9.333334,0.0
1993,3,28,0.13016476800000001,-12.14333,0.0
1993,3,29,0.1296154944,-12.35667,0.0
1993,3,30,0.12901731840000003,-12.93,0.0
1993,3,31,0.12847000320000002,-9.066666,5.503572
1993,4,1,0.1278740736,-7.53,2.580116
1993,4,2,0.1278740736,-4.256667,0.0
1993,4,3,0.12727923840000002,-4.736667,0.0
1993,4,4,0.12673497600000003,-6.51,0.0
1993,4,5,0.1261423872,-7.12,1.00624
1993,4,6,0.12555089279999998,-4.75,0.0
1993,4,7,0.12555089279999998,-6.036666,0.0
1993,4,8,0.1250096832,-10.02333,0.0
1993,4,9,0.12442037759999998,-8.45,0.0
1993,4,10,0.12383222400000002,-7.333333,0.0
1993,4,11,0.12324522240000002,-8.396667,0.0
1993,4,12,0.12324522240000002,-7.7,0.0
1993,4,13,0.12270816,-6.873333,0.0
1993,4,14,0.12212334720000001,-6.783334,0.0
1993,4,15,0.12212334720000001,-7.1,1.265124
1993,4,16,0.1065870144,-2.196667,0.0
1993,4,17,0.1384671744,-3.4,1.912104
1993,4,18,0.12212334720000001,-5.396667,5.371006
1993,4,19,0.12212334720000001,-6.79,0.0
1993,4,20,0.09193063679999999,-8.026667,5.224095
1993,4,21,0.07821803520000001,-1.83,1.481912
1993,4,22,0.1065870144,-0.06666672,0.0
1993,4,23,0.15569953920000001,2.006666,0.0
1993,4,24,0.23263816319999997,3.71,0.0
1993,4,25,0.594070848,6.9,1.477993
1993,4,26,1.083209472,6.396667,0.0
1993,4,27,1.414599552,7.08,0.0
1993,4,28,2.235168576,5.58,0.0
1993,4,29,2.560632192,6.083333,0.0
1993,4,30,3.579028992,8.046666,0.0
1993,5,1,4.311127296,8.596667,0.0
1993,5,2,5.781888,7.346667,8.093602
1993,5,3,7.2539712,0.6999998,4.244957
1993,5,4,5.781888,-3.03,0.0
1993,5,5,4.242212928,-0.9866667,0.0
1993,5,6,3.515410368,2.166667,3.698458
1993,5,7,3.3892018560000006,-1.656667,20.48862
1993,5,8,3.9713448960000006,1.846667,0.0
1993,5,9,3.90493152,2.45,0.0
1993,5,10,3.708067392,4.99,0.0
1993,5,11,3.7730903039999992,5.75,0.0
1993,5,12,3.90493152,4.026667,8.597937
1993,5,13,4.105963584,-3.326667,3.767325
1993,5,14,3.708067392,3.703334,0.0
1993,5,15,4.105963584,5.386667,2.060966
1993,5,16,4.805785728,2.25,2.980917
1993,5,17,4.733707968,-0.2366669,2.691858
1993,5,18,4.520386943999998,7.553333,0.0
1993,5,19,5.024472192,9.363334,0.0
1993,5,20,4.805785728,8.883331,0.0
1993,5,21,5.172403392,8.68,0.0
1993,5,22,5.322095424,10.55,0.0
1993,5,23,6.33802752,10.77,0.0
1993,5,24,6.91500672,7.756667,0.0
1993,5,25,6.8312448,0.8599999,0.0
1993,5,26,6.257473920000002,0.8666668,0.0
1993,5,27,5.626961279999999,2.116667,0.0
1993,5,28,4.951057536,3.686666,0.0
1993,5,29,4.450109759999998,3.2,0.0
1993,5,30,3.9713448960000006,4.483333,0.0
1993,5,31,3.7031149439999993,3.82,3.509861
1993,6,1,3.576295872,2.736666,4.198167
1993,6,2,3.586257216,-0.7033334,0.0
1993,6,3,3.293528832,1.886667,0.0
1993,6,4,3.058569216,4.813333,0.0
1993,6,5,2.898517824,4.213333,0.0
1993,6,6,2.8097389439999993,3.09,0.0
1993,6,7,2.711812608,3.68,0.0
1993,6,8,2.592019008,5.786667,0.0
1993,6,9,2.535500736,8.99,0.0
1993,6,10,2.6046864,11.62,0.0
1993,6,11,3.059667648,10.06333,0.0459075
1993,6,12,3.763516032,4.453333,1.035187
1993,6,13,4.08903552,1.806666,0.0
1993,6,14,4.012395839999999,0.6366668,0.0
1993,6,15,3.5447293439999994,0.1333332,0.0
1993,6,16,3.1334434560000006,-0.4066658,2.442901
1993,6,17,2.565568512,0.7233329,0.0
1993,6,18,2.2187808,3.426667,0.0
1993,6,19,2.0258686079999997,5.61,0.0
1993,6,20,1.749959424,3.513333,0.307837
1993,6,21,1.632329856,2.666667,0.0
1993,6,22,1.550617344,2.703334,0.0
1993,6,23,1.4428425600000003,2.85,0.0
1993,6,24,1.388172672,2.390001,4.955119
1993,6,25,1.3616893440000004,3.946666,1.668923
1993,6,26,1.350683712,5.99,5.948606
1993,6,27,1.377739008,7.866666,0.0
1993,6,28,1.4866577280000004,8.353333,0.0
1993,6,29,1.7321005440000004,9.889999,0.0
1993,6,30,2.018919744,10.68667,0.0
1993,7,1,2.316050496,13.01667,0.0
1993,7,2,2.769378048,8.94,0.0
1993,7,3,3.0062194560000006,8.033334,0.0
1993,7,4,3.037182912,6.433332,2.225188
1993,7,5,3.053994048,2.696666,1.656564
1993,7,6,2.90066688,2.766666,1.932641
1993,7,7,2.653709184,2.793333,0.0
1993,7,8,2.30056128,4.406666,6.160669
1993,7,9,2.123707392,5.94,3.959474
1993,7,10,2.1208717440000004,3.223332,3.305316
1993,7,11,2.192856192,4.33,7.602943
1993,7,12,4.285441152,4.066666,40.35872
1993,7,13,13.77544896,6.416667,6.705699
1993,7,14,11.3501088,8.53,8.921258
1993,7,15,11.27331648,9.506666,1.660886
1993,7,16,10.468926719999997,10.22333,0.0
1993,7,17,9.40506048,11.5,0.0
1993,7,18,7.00535808,10.28333,0.0
1993,7,19,5.7673843200000015,9.71,4.061267
1993,7,20,4.924755072,10.23333,0.0
1993,7,21,4.318929792,9.143333,2.937669
1993,7,22,3.9876629759999993,7.679999,14.93285
1993,7,23,5.304407040000001,8.53,0.0
1993,7,24,5.219064576000001,8.913334,21.09648
1993,7,25,6.6199104,7.356667,17.81862
1993,7,26,7.9810848,4.79,6.143322
1993,7,27,6.87460608,5.42,0.0
1993,7,28,5.825715840000001,6.17,0.0
1993,7,29,4.983457536,6.596666,5.715149
1993,7,30,5.216328576000001,5.809999,11.25491
1993,7,31,5.76286848,5.570001,6.752998
1993,8,1,5.417845056,7.033334,0.3838031
1993,8,2,4.801598208,7.203333,2.980626
1993,8,3,4.301645759999999,7.146667,10.45007
1993,8,4,4.403013696,8.516666,1.590447
1993,8,5,4.114851839999999,7.743333,0.0
1993,8,6,3.743403839999999,9.116667,0.0
1993,8,7,3.394931904,9.916667,3.191188
1993,8,8,3.147878016,10.33667,3.994701
1993,8,9,3.0879146880000006,7.489999,7.492486
1993,8,10,3.421533888,5.380001,13.87116
1993,8,11,5.334974784,4.033333,16.22818
1993,8,12,5.85150912,3.576666,7.286879
1993,8,13,5.552604864,2.8,0.0
1993,8,14,4.66795872,4.043333,0.0
1993,8,15,3.8788583039999995,6.093332,2.138461
1993,8,16,4.173755903999999,5.16,22.09916
1993,8,17,4.550305536,3.163333,0.0
1993,8,18,4.84530912,4.313334,0.0
1993,8,19,4.181663232000001,5.366666,0.0
1993,8,20,3.66221664,5.993333,0.0
1993,8,21,3.247992,3.733333,5.747787
1993,8,22,3.4520688,2.533334,11.19265
1993,8,23,3.9312789119999993,2.37,3.578504
1993,8,24,3.400665984,4.71,1.518804
1993,8,25,2.991693312,4.976666,0.0
1993,8,26,2.645599104,3.35,0.0
1993,8,27,2.196209664,3.963333,0.0
1993,8,28,1.9935250560000004,4.953334,2.86252
1993,8,29,1.854661824,5.883334,4.803567
1993,8,30,1.792509696,3.393333,1.679981
1993,8,31,1.7336949120000003,5.42,0.1791738
1993,9,1,1.64153088,7.29,0.0
1993,9,2,1.576454976,6.103333,0.0
1993,9,3,1.5206952960000004,3.513334,0.0
1993,9,4,1.4031538559999996,2.163334,0.0
1993,9,5,1.322552448,2.106667,0.0
1993,9,6,1.275826752,2.646667,0.0
1993,9,7,1.177403904,0.916666,0.0
1993,9,8,1.1007072,3.35,0.0
1993,9,9,1.0304737920000002,3.843333,0.0
1993,9,10,0.9723029759999998,3.86,0.0
1993,9,11,0.89743392,3.246667,0.0
1993,9,12,0.866915712,1.703333,0.0
1993,9,13,0.806975424,0.6833329,1.523849
1993,9,14,0.756320256,-2.063333,0.0
1993,9,15,0.717680448,-2.39,0.0
1993,9,16,0.677414016,-3.056666,0.0
1993,9,17,0.643981248,-1.796666,0.0
1993,9,18,0.611719488,-0.3866668,0.0
1993,9,19,0.5759906687999999,0.6566665,0.0
1993,9,20,0.5564138112,2.76,2.704307
1993,9,21,0.5558689151999999,2.756666,14.56853
1993,9,22,0.6704363519999998,3.376667,1.01833
1993,9,23,0.667594944,1.946666,0.0
1993,9,24,0.591553728,-0.7666669,0.0
1993,9,25,0.5696481024,1.53,1.159798
1993,9,26,0.5495283648,-0.7200001,0.2634863
1993,9,27,0.5275725696,-2.63,0.0
1993,9,28,0.49070897280000003,-0.2133331,0.0
1993,9,29,0.48211464960000006,1.33,0.0
1993,9,30,0.4786943616,2.35,0.0
1993,10,1,0.4510275839999999,-1.25,0.0
1993,10,2,0.42339202560000005,-1.636667,0.0
1993,10,3,0.42047377919999995,-0.7566667,2.968627
1993,10,4,0.415870272,-0.74,3.42955
1993,10,5,0.408964032,-0.3366667,3.134704
1993,10,6,0.4020259968,-0.5766667,16.18585
1993,10,7,0.608229504,-1.503333,4.096567
1993,10,8,0.73552032,-0.6633334,2.108403
1993,10,9,0.683136,1.236666,7.280046
1993,10,10,0.727490304,-1.77,3.516411
1993,10,11,0.778192128,-1.18,3.587469
1993,10,12,0.753437376,-1.186667,2.192419
1993,10,13,0.7044192,-5.383333,0.0
1993,10,14,0.5904368640000002,-6.713333,0.0
1993,10,15,0.5247321408,-10.19333,0.0
1993,10,16,0.5126427072,-8.973333,0.0
1993,10,17,0.49589550720000003,-5.726667,0.0
1993,10,18,0.4832283456,-1.683333,0.0
1993,10,19,0.47690277119999996,-0.8966666,0.0
1993,10,20,0.47349780479999987,-4.39,2.380275
1993,10,21,0.43023352319999997,-5.376666,0.0
1993,10,22,0.32371683840000004,-10.45,0.0
1993,10,23,0.3248807616,-6.066667,0.0
1993,10,24,0.3553656192,-1.136667,0.7166293
1993,10,25,0.3513714624,2.436666,0.3333615
1993,10,26,0.3444823872000001,4.086667,0.0
1993,10,27,0.33006654719999995,3.413333,0.0
1993,10,28,0.3041224704,2.34,0.0
1993,10,29,0.25403109120000006,-1.153333,0.0
1993,10,30,0.24249513599999997,0.7633326,0.0
1993,10,31,0.24075480959999998,-2.293333,0.0
1993,11,1,0.2309906304,-6.593333,0.0
1993,11,2,0.24075480959999998,-4.893333,0.0
1993,11,3,0.27646433280000005,-3.72,0.0
1993,11,4,0.25225712640000003,-7.433333,0.0
1993,11,5,0.20679880319999996,-8.65,0.0
1993,11,6,0.1779967296,-9.803333,0.0
1993,11,7,0.19238123519999997,-10.04,0.0
1993,11,8,0.21773727359999998,-12.91333,0.0
1993,11,9,0.21367710719999997,-9.68,2.576089
1993,11,10,0.2309906304,-4.616666,6.392371
1993,11,11,0.29029685759999996,-2.14,5.142621
1993,11,12,0.1952658432,-4.633333,4.790437
1993,11,13,0.1774286784,-6.546667,3.072909
1993,11,14,0.1774286784,-9.426666,3.414858
1993,11,15,0.179135136,-10.24667,0.0
1993,11,16,0.17336067840000002,-10.93667,0.0
1993,11,17,0.17279873280000002,-9.616667,0.0
1993,11,18,0.17336067840000002,-10.28,0.0
1993,11,19,0.16933155840000003,-11.95667,0.0
1993,11,20,0.1151955648,-16.49,0.0
1993,11,21,0.1543569408,-13.57,1.41071
1993,11,22,0.1543569408,-13.36333,2.297559
1993,11,23,0.1549471104,-8.753333,4.751652
1993,11,24,0.1491929856,-8.860001,0.05008078
1993,11,25,0.14457081600000005,-13.15,0.0
1993,11,26,0.1388261952,-8.513333,0.0
1993,11,27,0.1347962112,-9.119999,0.0
1993,11,28,0.1347962112,-12.63333,0.0
1993,11,29,0.13131642240000002,-14.65,0.934664
1993,11,30,0.13131642240000002,-12.15667,2.086985
1993,12,1,0.11979561600000002,-9.940001,5.029847
1993,12,2,0.11979561600000002,-7.253333,3.099236
1993,12,3,0.11979561600000002,-8.406667,3.915664
1993,12,4,0.11979561600000002,-3.256667,5.365085
1993,12,5,0.11979561600000002,-4.063334,6.076567
1993,12,6,0.1151955648,-2.599999,1.394351
1993,12,7,0.1151955648,-4.883334,5.726936
1993,12,8,0.1151955648,-8.719999,0.0
1993,12,9,0.1151955648,-16.89667,0.0
1993,12,10,0.1151955648,-14.14,0.0
1993,12,11,0.11633863679999999,-16.71,2.167753
1993,12,12,0.11057639040000002,-7.653332,0.0
1993,12,13,0.11057639040000002,-16.46333,0.0
1993,12,14,0.11057639040000002,-12.62667,2.634959
1993,12,15,0.109456992,-8.259999,5.803988
1993,12,16,0.109456992,-10.91333,2.102178
1993,12,17,0.109456992,-14.56,0.0
1993,12,18,0.109456992,-8.406666,5.434343
1993,12,19,0.109456992,-2.226666,4.665504
1993,12,20,0.109456992,-11.06333,5.397171
1993,12,21,0.109456992,-8.24,3.166692
1993,12,22,0.109456992,-11.55667,0.0
1993,12,23,0.109456992,-19.31333,0.0
1993,12,24,0.11633863679999999,-19.34,0.1085087
1993,12,25,0.11633863679999999,-17.52666,1.728035
1993,12,26,0.12324522240000002,-23.63334,0.0
1993,12,27,0.1250096832,-21.49667,0.0
1993,12,28,0.12673497600000003,-16.15667,1.825712
1993,12,29,0.1347962112,-12.61,4.36581
1993,12,30,0.1428530112,-9.993333,1.2102
1993,12,31,0.1439972928,-13.19,0.7302737
1994,1,1,0.1439972928,-5.673334,0.0
1994,1,2,0.1486119744,-12.19667,0.0
1994,1,3,0.1526454144,-16.79333,0.0
1994,1,4,0.1566691776,-18.37333,3.437886
1994,1,5,0.16128144,-17.95,6.961744
1994,1,6,0.15553820159999998,-13.52333,1.959086
1994,1,7,0.149774976,-10.33333,7.317404
1994,1,8,0.16128144,-9.496667,0.0
1994,1,9,0.17279873280000002,-9.99,0.0
1994,1,10,0.164185056,-9.639999,0.0
1994,1,11,0.15553820159999998,-9.2,1.486261
1994,1,12,0.16358065919999998,-10.89,7.596032
1994,1,13,0.1710615168,-5.406667,1.444833
1994,1,14,0.179135136,-8.156667,0.0
1994,1,15,0.18718704,-8.080001,0.0
1994,1,16,0.1952658432,-11.32333,0.2246376
1994,1,17,0.20330438399999995,-7.033332,0.4717791
1994,1,18,0.21080499840000003,-10.32333,5.13057
1994,1,19,0.218850048,-9.370001,1.569192
1994,1,20,0.195856704,-12.06667,3.604362
1994,1,21,0.17279873280000002,-1.513333,8.71224
1994,1,22,0.1785655296,-5.476666,8.888618
1994,1,23,0.184294656,-7.769999,9.046213
1994,1,24,0.19009791359999997,-7.78,6.646207
1994,1,25,0.195856704,-11.24333,2.658256
1994,1,26,0.2016261504,-14.17667,3.4279
1994,1,27,0.20734323839999996,-15.05,4.824145
1994,1,28,0.21312593280000003,-11.53,0.0
1994,1,29,0.218850048,-14.49,7.554352
1994,1,30,0.195856704,-13.53333,6.639163
1994,1,31,0.17279873280000002,-7.353333,0.0
1994,2,1,0.17279873280000002,-10.5,3.169809
1994,2,2,0.17680464,-12.35667,3.755598
1994,2,3,0.18027647999999996,-12.87333,0.0
1994,2,4,0.184294656,-14.75333,0.0
1994,2,5,0.1774286784,-16.22667,0.0
1994,2,6,0.1710615168,-13.34333,0.0
1994,2,7,0.164185056,-11.88333,0.0
1994,2,8,0.157262976,-14.47333,0.0
1994,2,9,0.1508885568,-16.90667,1.519634
1994,2,10,0.1439972928,-17.79333,0.0
1994,2,11,0.1405240704,-20.11333,0.0
1994,2,12,0.1370858112,-18.17,0.0
1994,2,13,0.1336321152,-17.09666,0.0
1994,2,14,0.13016476800000001,-16.33333,0.0
1994,2,15,0.1261423872,-12.09667,0.0
1994,2,16,0.12270816,-13.0,0.0
1994,2,17,0.11921656320000001,-13.83,0.0
1994,2,18,0.11576649599999998,-11.83,0.0
1994,2,19,0.11231124479999999,-13.82,0.0
1994,2,20,0.10885265279999999,-14.55667,0.0
1994,2,21,0.10539285119999998,-14.7,0.0
1994,2,22,0.10193391360000001,-13.34333,0.0
1994,2,23,0.09847808640000001,-14.32333,0.0
1994,2,24,0.0944572608,-9.280001,0.0
1994,2,25,0.09102274560000001,-12.91667,0.0
1994,2,26,0.0875558016,-13.5,0.0
1994,2,27,0.084102624,-15.57333,0.0
1994,2,28,0.0806246784,-13.10667,0.0
1994,3,1,0.0731399616,-17.08667,0.0
1994,3,2,0.066222432,-16.32667,2.319527
1994,3,3,0.079478784,-14.73667,3.280599
1994,3,4,0.0927552384,-12.07333,1.414763
1994,3,5,0.10598924159999998,-3.469999,4.257032
1994,3,6,0.11979561600000002,-4.876667,6.496109
1994,3,7,0.1330768512,-4.103333,1.945317
1994,3,8,0.14629714559999998,-1.246667,8.013301
1994,3,9,0.15953857919999997,-5.18,1.837346
1994,3,10,0.17279873280000002,-5.646667,2.768479
1994,3,11,0.16358065919999998,-4.186666,0.2629085
1994,3,12,0.15376769280000002,-4.976666,1.352631
1994,3,13,0.14457081600000005,-7.199999,4.365945
1994,3,14,0.1347962112,-7.256667,3.495009
1994,3,15,0.1250096832,-6.276667,3.412453
1994,3,16,0.11576649599999998,-8.24,1.508196
1994,3,17,0.10654099199999997,-9.483333,2.666107
1994,3,18,0.09674645759999999,-10.92667,0.0
1994,3,19,0.086962176,-14.66,0.0
1994,3,20,0.077772672,-12.62333,0.0
1994,3,21,0.09041955840000002,-10.38667,0.0
1994,3,22,0.1036574784,-9.866666,4.034707
1994,3,23,0.11633863679999999,-6.103333,5.787349
1994,3,24,0.12901731840000003,-6.273333,0.3161569
1994,3,25,0.141712416,-9.133333,0.0
1994,3,26,0.1549471104,-8.790001,0.0
1994,3,27,0.1676088,-8.403334,0.0
1994,3,28,0.18027647999999996,-6.636667,5.861864
1994,3,29,0.19296846720000002,-3.393333,1.611755
1994,3,30,0.20619457919999998,-3.426666,4.001424
1994,3,31,0.218850048,-3.136667,10.33821
1994,4,1,0.20734323839999996,-3.163333,7.685713
1994,4,2,0.19068232319999998,-3.183333,0.0
1994,4,3,0.1774286784,-4.08,0.0
1994,4,4,0.164185056,-5.63,10.68177
1994,4,5,0.15553820159999998,-6.599999,0.0
1994,4,6,0.13131642240000002,-6.603333,1.66181
1994,4,7,0.12095717759999998,-5.143333,0.0
1994,4,8,0.1151955648,-6.233333,0.0
1994,4,9,0.09847808640000001,-5.78,0.0
1994,4,10,0.0864124416,-5.556666,0.0
1994,4,11,0.08005092479999999,-2.626667,0.0
1994,4,12,0.065655648,-0.1500003,0.0
1994,4,13,0.05761025279999999,-1.6,0.0
1994,4,14,0.053006198399999996,-3.046667,0.0
1994,4,15,0.0645280704,-3.87,0.0
1994,4,16,0.0720001152,-1.57,0.2079979
1994,4,17,0.085233312,-6.3,0.0
1994,4,18,0.09789943679999999,-5.053333,0.0
1994,4,19,0.12212334720000001,-3.223333,0.0
1994,4,20,0.1384671744,-3.486667,1.886222
1994,4,21,0.12212334720000001,-2.253333,2.530556
1994,4,22,0.1384671744,-3.36,2.718493
1994,4,23,0.12212334720000001,-1.076667,0.0
1994,4,24,0.17375448959999998,1.903333,0.0
1994,4,25,0.29840584319999996,3.93,1.745933
1994,4,26,0.46486068480000003,1.983333,1.662951
1994,4,27,0.65657088,2.406667,1.866305
1994,4,28,0.7889616,2.213334,4.450191
1994,4,29,1.044320832,2.663333,5.21613
1994,4,30,1.29826656,-0.8166666,0.0
1994,5,1,0.9395118720000002,-3.94,0.0
1994,5,2,0.831789504,-0.9999999,0.0
1994,5,3,0.89621856,3.79,0.0
1994,5,4,1.247085504,3.193333,0.0
1994,5,5,1.615680576,3.416666,0.0
1994,5,6,1.762490304,0.5533334,4.482261
1994,5,7,1.805164992,0.8233333,4.894848
1994,5,8,2.145653568,2.723333,0.0
1994,5,9,2.328800256,1.84,3.466943
1994,5,10,2.343711168,3.526666,0.0
1994,5,11,2.904070464,5.610001,0.0
1994,5,12,3.643312896,5.17,0.0
1994,5,13,4.311127296,5.956667,0.0
1994,5,14,5.024472192,4.133333,0.0
1994,5,15,4.564324223999999,-0.5000001,0.0
1994,5,16,3.2775050880000007,-1.65,0.0
1994,5,17,2.265340608,-3.373333,8.170856
1994,5,18,2.112218496,-1.85,1.474222
1994,5,19,1.944043776,-1.973333,0.0
1994,5,20,1.7873694719999997,-1.523333,0.0
1994,5,21,1.67325984,0.1900003,0.0
1994,5,22,1.658289024,2.05,0.0
1994,5,23,1.667550528,1.64,0.0
1994,5,24,1.785022272,2.63,0.0
1994,5,25,1.945715328,2.653333,0.0
1994,5,26,1.920402432,-1.23,0.0
1994,5,27,1.8039864960000003,-2.146667,0.0
1994,5,28,1.723416768,-1.163334,0.0
1994,5,29,1.652600448,-0.6766672,0.0
1994,5,30,1.585665216,-1.963334,1.098081
1994,5,31,1.670974848,2.816667,0.1632838
1994,6,1,1.861670592,3.719999,2.863178
1994,6,2,2.276353152,4.383333,0.112413
1994,6,3,2.926145088,5.76,2.830745
1994,6,4,4.211058239999999,5.453333,13.00833
1994,6,5,5.79235392,2.436666,6.415677
1994,6,6,5.580236159999998,4.363333,1.460496
1994,6,7,5.277805056,3.993333,0.0
1994,6,8,4.892069376,3.330001,0.0
1994,6,9,4.303962432,1.743333,0.0
1994,6,10,3.7613237759999993,2.213333,0.0
1994,6,11,3.3892018560000006,3.246667,0.0
1994,6,12,3.7140128639999994,6.56,0.0
1994,6,13,5.186270016,7.886666,0.0
1994,6,14,5.732974656,3.18,0.8009259
1994,6,15,4.94258112,-0.3766665,0.0
1994,6,16,4.259608704,-1.453333,0.0
1994,6,17,3.460537728,0.6666665,0.0
1994,6,18,2.909448,0.5266666,2.906282
1994,6,19,2.51013312,3.496667,0.1622384
1994,6,20,2.278136448,4.976666,0.0
1994,6,21,2.171507328,5.536666,5.851583
1994,6,22,2.48604768,2.92,0.7008187
1994,6,23,2.5545098880000006,2.183333,0.0
1994,6,24,2.380580928,6.26,2.216481
1994,6,25,2.364421248,4.839999,5.541988
1994,6,26,2.969777664,7.806666,2.80651
1994,6,27,4.081612608,7.383333,0.0
1994,6,28,4.947933887999999,9.696667,1.491747
1994,6,29,6.75525312,9.02,17.04976
1994,6,30,10.69704,4.653334,0.0
1994,7,1,9.0468,6.516666,0.0
1994,7,2,7.8627744,9.913334,0.0
1994,7,3,6.8312448,12.00333,0.0
1994,7,4,6.257473920000002,13.12,0.0
1994,7,5,6.177093120000001,13.10333,0.2902559
1994,7,6,6.33802752,13.62,0.0
1994,7,7,6.999183359999999,14.24667,0.0
1994,7,8,5.931083520000001,12.95667,0.0
1994,7,9,6.0619392,12.83,0.0
1994,7,10,5.83311168,9.7,1.841226
1994,7,11,5.556582144,10.02667,0.0
1994,7,12,5.341879872,13.60333,0.0
1994,7,13,5.368844736,12.87667,2.178987
1994,7,14,5.700777408,12.55667,8.326544
1994,7,15,6.53113728,11.60333,10.74251
1994,7,16,7.3400832,7.43,0.3041208
1994,7,17,6.50066112,7.853333,0.0
1994,7,18,5.542316352,9.889999,0.0
1994,7,19,4.658596992000001,11.68,0.0
1994,7,20,3.998079936,12.41,0.0
1994,7,21,3.509015616,13.08,0.0
1994,7,22,3.215785536,10.04333,0.0
1994,7,23,3.077630784,8.316667,0.0
1994,7,24,2.863867392,11.00667,0.0
1994,7,25,2.67203808,12.97333,0.0
1994,7,26,2.589625152,14.26333,0.0
1994,7,27,2.942701632,15.77667,8.870458
1994,7,28,4.319352,11.51667,0.2712715
1994,7,29,4.468064256,11.31333,0.0
1994,7,30,4.315344192,14.74333,0.0
1994,7,31,3.905943552,16.53667,0.0
1994,8,1,3.568881024,16.01667,0.0
1994,8,2,3.481942464,13.24333,14.98357
1994,8,3,4.84752096,13.2,1.224064
1994,8,4,4.876314048000001,14.22,3.564952
1994,8,5,4.6592496,12.41,7.025205
1994,8,6,5.098104,10.04667,5.289989
1994,8,7,4.778483904,8.266666,0.0
1994,8,8,4.191035328,8.449999,3.493052
1994,8,9,3.559133952,8.436666,3.344392
1994,8,10,3.0857097600000007,8.496667,0.0
1994,8,11,2.665807488,8.873333,0.0
1994,8,12,2.384050176,9.306667,14.85759
1994,8,13,2.265987456,3.943333,40.38897
1994,8,14,4.065960384,4.826667,2.485117
1994,8,15,4.4761968,6.313333,0.0
1994,8,16,4.054443264,6.553333,0.0
1994,8,17,3.57746688,6.723333,4.773483
1994,8,18,3.871796544,5.91,11.70167
1994,8,19,4.937452992,5.22,4.164225
1994,8,20,4.957084224,4.463333,7.594469
1994,8,21,5.214048768,6.706666,2.32401
1994,8,22,4.764198528,7.343333,3.698057
1994,8,23,4.045197888000001,7.343333,0.0
1994,8,24,3.529766016,7.19,2.64721
1994,8,25,3.175527168,7.613332,4.414815
1994,8,26,3.8176992,7.096666,12.68248
1994,8,27,6.83379072,6.166667,5.313943
1994,8,28,6.503656320000001,3.773333,0.0
1994,8,29,5.617791359999999,3.54,0.0
1994,8,30,4.55504832,2.64,0.0
1994,8,31,3.768102144,3.813333,0.0
1994,9,1,3.0995015039999996,3.973333,0.0
1994,9,2,2.599547904,5.619999,0.0
1994,9,3,2.228575104,6.803333,0.0
1994,9,4,1.9803409920000004,7.206667,0.0
1994,9,5,1.7683315199999996,4.796667,2.60973
1994,9,6,1.64153088,5.906667,8.401659
1994,9,7,1.652032512,4.463333,2.184783
1994,9,8,1.699196544,3.496667,3.106966
1994,9,9,1.748795328,2.613334,15.26465
1994,9,10,2.9058624,3.556666,0.0
1994,9,11,2.711812608,4.516667,0.0
1994,9,12,2.494626624,3.623333,0.0
1994,9,13,2.274084288,3.043333,0.0
1994,9,14,2.1432804480000005,3.406667,2.137173
1994,9,15,2.46523968,3.203333,12.40077
1994,9,16,2.627172864,1.29,1.614939
1994,9,17,2.627172864,2.78,0.0
1994,9,18,2.412870336,-0.2266667,0.0
1994,9,19,2.210125824000001,0.1633337,0.0
1994,9,20,1.972234368,0.6433334,0.0
1994,9,21,1.8374088960000003,1.666667,0.0
1994,9,22,1.708982784,5.806666,0.0
1994,9,23,1.667550528,6.740001,0.0
1994,9,24,1.708982784,5.239999,0.0
1994,9,25,1.667550528,0.4133334,0.0
1994,9,26,1.546604352,-2.206666,3.944499
1994,9,27,1.5863639039999997,-1.616667,5.68053
1994,9,28,1.2562128,-0.5866666,0.0
1994,9,29,1.172216448,-0.5133334,0.0
1994,9,30,1.0609666560000002,-3.903334,6.271955
1994,10,1,0.9854801279999998,-3.043333,0.1663983
1994,10,2,0.9279371519999998,-2.516667,1.60647
1994,10,3,0.8714983679999998,-6.433332,1.719692
1994,10,4,0.806975424,-4.753334,0.0
1994,10,5,0.73155168,-3.423333,0.0
1994,10,6,0.7044192,2.07,0.3967242
1994,10,7,0.745941888,2.906667,0.0
1994,10,8,0.726375168,1.446667,0.0
1994,10,9,0.698724288,0.7833334,0.0
1994,10,10,0.66182976,0.31,0.0
1994,10,11,0.624999744,1.533334,1.673029
1994,10,12,0.615786048,0.7733333,7.224537
1994,10,13,0.6134204160000002,6.346666,0.0
1994,10,14,0.611152704,4.523334,1.69514
1994,10,15,0.599586624,-0.07666677,3.100755
1994,10,16,0.517834944,-6.329999,0.0
1994,10,17,0.44869720320000006,-4.863333,0.0
1994,10,18,0.3882183552,-6.316667,0.0
1994,10,19,0.40720498560000007,-6.58,0.0
1994,10,20,0.370374048,-4.83,0.0
1994,10,21,0.37152731520000004,-3.086667,0.0
1994,10,22,0.366923232,-3.1,1.990568
1994,10,23,0.37268196480000004,-3.723333,4.561852
1994,10,24,0.46883243519999995,0.4533334,3.19991
1994,10,25,0.4228239744,-1.03,0.0
1994,10,26,0.40091408640000004,-2.01,0.0
1994,10,27,0.37553656319999995,-2.503333,0.0
1994,10,28,0.3513714624,-3.73,0.0
1994,10,29,0.3432900096,-6.283333,4.457666
1994,10,30,0.33639310079999996,-7.443333,3.316898
1994,10,31,0.3358024704,-4.813333,7.057168
1994,11,1,0.334622592,-4.553333,0.0
1994,11,2,0.2828299392,-1.916667,0.0
1994,11,3,0.3231354816,-5.603333,0.0
1994,11,4,0.30760231680000005,-2.043333,0.0
1994,11,5,0.30242401919999995,-0.03666663,9.182746
1994,11,6,0.31159918080000004,0.7333336,0.2885534
1994,11,7,0.3161930112,0.1566672,0.06260109
1994,11,8,0.3156172992,-1.526666,0.1374263
1994,11,9,0.31504199039999997,-3.343333,1.854297
1994,11,10,0.2804958144,-7.263333,4.965287
1994,11,11,0.20619457919999998,-10.37,1.077362
1994,11,12,0.216010944,-10.94667,0.0
1994,11,13,0.26377879680000005,-9.636667,7.173526
1994,11,14,0.3006589248,-7.073334,7.560751
1994,11,15,0.29721168,-6.816667,0.0
1994,11,16,0.26037982079999994,-2.896667,0.06655943
1994,11,17,0.22463637119999996,-7.123333,0.0
1994,11,18,0.21312593280000003,-9.309999,0.0
1994,11,19,0.25225712640000003,-9.843333,3.729886
1994,11,20,0.33351793919999995,-4.786667,5.069929
1994,11,21,0.36226673280000005,-1.443333,0.0
1994,11,22,0.3542333184,1.21,0.0
1994,11,23,0.3380934528000001,2.946666,6.83913
1994,11,24,0.34388599680000004,-3.756667,3.866319
1994,11,25,0.3225545856,-3.233333,0.09983909
1994,11,26,0.3225545856,-1.37,0.0
1994,11,27,0.307033056,0.5966668,6.362347
1994,11,28,0.3161930112,-3.38,6.331387
1994,11,29,0.3231354816,-0.02999973,0.0
1994,11,30,0.34039077119999994,-3.523334,0.0
1994,12,1,0.32197409279999994,-4.496667,0.0
1994,12,2,0.32546338560000004,-8.53,0.0
1994,12,3,0.3161930112,-8.843332,3.66459
1994,12,4,0.33987144960000004,-7.596667,0.0
1994,12,5,0.414742752,-8.623333,2.510602
1994,12,6,0.467140608,-5.999999,1.636701
1994,12,7,0.467140608,-7.373334,5.040608
1994,12,8,0.47980488960000006,-4.136667,5.661423
1994,12,9,0.44181855360000005,-3.31,0.0
1994,12,10,0.3225545856,-4.86,5.690528
1994,12,11,0.29203672320000007,-4.313334,0.0
1994,12,12,0.249377184,-10.20667,0.0
1994,12,13,0.22288775039999997,-7.48,0.0
1994,12,14,0.21025681919999997,-7.47,0.0
1994,12,15,0.22288775039999997,-12.29333,1.81526
1994,12,16,0.23613920640000002,-10.08667,0.0
1994,12,17,0.249377184,-9.596666,4.419353
1994,12,18,0.26324444160000005,-2.58,9.961279
1994,12,19,0.27762347519999997,-3.896667,0.8264642
1994,12,20,0.29203672320000007,-5.62,0.0
1994,12,21,0.307033056,-6.993333,0.0
1994,12,22,0.3225545856,-11.96667,0.0
1994,12,23,0.3380934528000001,-4.173334,4.455262
1994,12,24,0.3542333184,-1.206666,0.0
1994,12,25,0.370912032,-2.226666,2.592553
1994,12,26,0.370912032,-3.973334,3.841348
1994,12,27,0.387670176,-5.116666,8.481746
1994,12,28,0.387670176,-7.706667,6.068605
1994,12,29,0.40552876799999993,-7.786667,4.61448
1994,12,30,0.40552876799999993,-9.386665,3.043992
1994,12,31,0.42339202560000005,-9.746666,2.678479
1995,1,1,0.42339202560000005,-8.733334,2.06942
1995,1,2,0.4193411904,-14.94666,0.0
1995,1,3,0.415306368,-13.94667,0.0
1995,1,4,0.4112875583999999,-18.73,0.0
1995,1,5,0.407844288,-10.08,0.3707877
1995,1,6,0.4037758272,-9.766666,1.556685
1995,1,7,0.399724128,-8.343332,1.321011
1995,1,8,0.3956893056,-4.406666,2.640795
1995,1,9,0.39167130240000003,-7.373333,7.078171
1995,1,10,0.387670176,-9.823333,0.0
1995,1,11,0.3836079936,-11.03333,0.0
1995,1,12,0.3801845376,-8.056667,1.243614
1995,1,13,0.37615489919999995,-7.883334,0.3541615
1995,1,14,0.37206593280000005,-1.14,2.508952
1995,1,15,0.3680720639999999,-5.656667,0.4634728
1995,1,16,0.3640196160000001,0.6100006,0.0
1995,1,17,0.3599856,2.586667,5.04563
1995,1,18,0.3559701312,-2.703333,12.72098
1995,1,19,0.351973152,-6.72,5.739831
1995,1,20,0.3484442304,-6.510001,5.959409
1995,1,21,0.3444823872000001,-2.786666,3.881711
1995,1,22,0.34039077119999994,-5.316666,11.03634
1995,1,23,0.33639310079999996,-11.22667,0.0
1995,1,24,0.332341344,-9.549999,1.159194
1995,1,25,0.3283098624,-4.163332,1.793869
1995,1,26,0.3242985984,-3.963334,0.0
1995,1,27,0.3208144320000001,-4.696666,0.0
1995,1,28,0.316769184,-16.24333,0.0
1995,1,29,0.31274507519999994,-15.85333,0.3743963
1995,1,30,0.3087421056,-7.12,0.0
1995,1,31,0.3046894848,-10.49333,17.35767
1995,2,1,0.3006589248,-4.75,5.292742
1995,2,2,0.2966504256,-8.79,0.1414385
1995,2,3,0.29315249279999994,-8.786667,5.109798
1995,2,4,0.2891856384,-4.69,3.806324
1995,2,5,0.285103008,-4.443333,7.042715
1995,2,6,0.28111288319999994,-2.67,3.339937
1995,2,7,0.2770777728,-8.306666,0.5788403
1995,2,8,0.27299882880000004,-10.32333,3.943279
1995,2,9,0.26901221760000005,-8.589999,1.300688
1995,2,10,0.2655185472,-8.446667,0.0
1995,2,11,0.2615107968,-11.49,4.341158
1995,2,12,0.2574620352,-13.24333,6.181428
1995,2,13,0.2534391936,-8.053333,4.225432
1995,2,14,0.249377184,-5.539999,5.499667
1995,2,15,0.245407104,-4.66,4.11989
1995,2,16,0.2413343232,-2.416667,0.0
1995,2,17,0.2372896512,-8.403333,0.0
1995,2,18,0.23384522880000003,-8.52,0.0
1995,2,19,0.22985285760000002,-8.403333,4.378305
1995,2,20,0.225763488,-6.849999,0.0
1995,2,21,0.2217665664,-8.623333,0.9948847
1995,2,22,0.21773727359999998,-9.986666,5.199022
1995,2,23,0.21367710719999997,-7.34,2.881471
1995,2,24,0.209648448,-8.000001,0.0
1995,2,25,0.20619457919999998,-9.266666,0.0
1995,2,26,0.20216499840000002,-13.33,0.0
1995,2,27,0.19816813440000003,-11.94,11.31376
1995,2,28,0.19408631040000002,-6.196666,5.598217
1995,3,1,0.19355650559999998,-6.26,0.0
1995,3,2,0.19355650559999998,-9.59,0.0
1995,3,3,0.19296846720000002,-14.81333,0.0
1995,3,4,0.19238123519999997,-19.03333,0.0
1995,3,5,0.19179469440000002,-17.27333,2.644945
1995,3,6,0.19179469440000002,-9.556666,5.92225
1995,3,7,0.19120890240000002,-7.64,0.851664
1995,3,8,0.19068232319999998,-7.413333,2.855167
1995,3,9,0.19068232319999998,-7.366667,0.0
1995,3,10,0.19009791359999997,-10.18,0.0
1995,3,11,0.1895142528,-4.846666,0.1497586
1995,3,12,0.18893134080000004,-4.253334,1.818937
1995,3,13,0.18893134080000004,-0.2400002,0.0
1995,3,14,0.18834917759999997,-4.623333,5.034181
1995,3,15,0.18776770560000003,-10.15333,3.023191
1995,3,16,0.18776770560000003,-10.74333,3.202202
1995,3,17,0.18718704,-6.166666,8.999711
1995,3,18,0.18660706559999998,-6.286667,0.1925912
1995,3,19,0.18602784,-6.353333,2.262157
1995,3,20,0.18602784,-5.086667,1.411358
1995,3,21,0.18544936319999997,-7.526667,0.0
1995,3,22,0.18487163519999997,-2.813333,1.222693
1995,3,23,0.18487163519999997,1.706666,5.745668
1995,3,24,0.184294656,-3.503333,2.391534
1995,3,25,0.183718368,-7.54,0.0
1995,3,26,0.1831428864,-8.39,4.687403
1995,3,27,0.1831428864,-11.50667,1.367193
1995,3,28,0.182568096,-10.54333,0.0
1995,3,29,0.181994112,-8.383333,0.0
1995,3,30,0.181994112,-7.693333,3.572935
1995,3,31,0.18142081919999997,-2.943333,2.158107
1995,4,1,0.18084827520000002,-4.926666,6.514847
1995,4,2,0.18084827520000002,-7.976666,3.908498
1995,4,3,0.18027647999999996,-8.473333,0.0
1995,4,4,0.1797054336,-9.606667,2.161355
1995,4,5,0.179135136,-8.556666,2.38485
1995,4,6,0.179135136,-4.27,6.463408
1995,4,7,0.1785655296,-5.333333,1.960979
1995,4,8,0.1779967296,-7.426666,0.0
1995,4,9,0.1779967296,-7.73,0.0
1995,4,10,0.1774286784,-7.86,1.623388
1995,4,11,0.17680464,-3.286667,1.528892
1995,4,12,0.17623814399999996,0.8933334,0.0
1995,4,13,0.17623814399999996,0.8300002,0.0
1995,4,14,0.1756724544,-1.77,0.0
1995,4,15,0.17510739839999998,-3.013333,0.0
1995,4,16,0.17510739839999998,-7.63,0.0
1995,4,17,0.17454314880000002,-7.196667,0.0
1995,4,18,0.173979648,-7.089999,0.0
1995,4,19,0.17336067840000002,-6.483333,0.0
1995,4,20,0.17336067840000002,-5.413333,0.0
1995,4,21,0.17279873280000002,-5.736667,0.0
1995,4,22,0.19296846720000002,-3.313333,2.530289
1995,4,23,0.21367710719999997,1.85,0.0
1995,4,24,0.23384522880000003,4.35,0.0
1995,4,25,0.25403109120000006,-1.14,2.823687
1995,4,26,0.27415198080000003,-5.34,5.814888
1995,4,27,0.29489932800000007,-7.163333,1.127041
1995,4,28,0.31504199039999997,-6.699999,0.0
1995,4,29,0.33521230080000003,-6.876666,0.0
1995,4,30,0.3553656192,-7.346666,0.0
1995,5,1,0.37615489919999995,-4.696667,0.0
1995,5,2,0.39624209280000006,2.706666,0.0
1995,5,3,0.47698801919999995,3.336667,0.0
1995,5,4,0.721517184,3.95,0.0
1995,5,5,1.044320832,3.096667,0.0
1995,5,6,1.414599552,1.68,0.0
1995,5,7,1.686566016,1.353333,0.5560369
1995,5,8,2.028341376,-0.45,0.0
1995,5,9,1.9778924160000002,-1.206666,0.0
1995,5,10,1.928118528,-4.363333,0.0
1995,5,11,1.686566016,-5.419999,0.0
1995,5,12,1.458602496,-5.436667,3.988716
1995,5,13,1.328393088,-4.663333,0.0
1995,5,14,1.162608192,-5.266667,3.956361
1995,5,15,1.083209472,-5.856667,3.113392
1995,5,16,0.968421312,-4.236667,0.0
1995,5,17,0.894782592,-4.22,0.0
1995,5,18,0.858973824,-3.94,0.0
1995,5,19,0.894782592,-3.299999,0.0
1995,5,20,0.894782592,-2.836667,4.658695
1995,5,21,0.93130272,-3.3,0.0
1995,5,22,0.93130272,-0.07333326,0.0
1995,5,23,1.083209472,1.366666,0.0
1995,5,24,1.20323232,5.336666,0.0
1995,5,25,1.878717312,6.053333,0.0
1995,5,26,3.2036486399999995,8.313334,0.0
1995,5,27,5.473771776,7.693333,5.595561
1995,5,28,6.257473920000002,5.533333,6.674719
1995,5,29,7.599312,5.539999,14.65859
1995,5,30,10.49657472,7.833333,4.689118
1995,5,31,10.69673472,6.096666,8.376259
1995,6,1,12.331912319999997,4.96,18.78784
1995,6,2,22.11754752,5.503334,0.0
1995,6,3,16.3832832,5.73,0.0
1995,6,4,15.253914240000002,8.283333,0.0
1995,6,5,14.19673536,8.266667,0.6428876
1995,6,6,12.23675136,4.51,20.5246
1995,6,7,12.3930144,4.013333,6.737868
1995,6,8,12.3930144,5.73,11.25375
1995,6,9,14.19673536,3.96,0.0
1995,6,10,11.479236480000003,3.753333,6.345531
1995,6,11,10.06194816,1.513333,2.067337
1995,6,12,8.2882656,5.226666,0.0
1995,6,13,7.05704256,6.963333,0.0
1995,6,14,6.642702720000001,6.553333,6.273181
1995,6,15,7.3793951999999985,8.639999,0.0
1995,6,16,8.2882656,7.373334,4.835472
1995,6,17,8.2882656,4.993333,4.589025
1995,6,18,8.17130304,3.543333,5.798204
1995,6,19,7.71201216,4.9,0.0
1995,6,20,7.16317056,6.486667,0.0
1995,6,21,6.642702720000001,4.753333,0.2246377
1995,6,22,5.86467648,5.050001,0.0
1995,6,23,5.411726208,9.369999,0.0
1995,6,24,6.24546432,12.92,0.0
1995,6,25,7.60008384,14.80667,0.0
1995,6,26,8.30126016,11.72667,0.0
1995,6,27,8.40726144,11.2,0.0
1995,6,28,6.95165184,9.826666,0.0
1995,6,29,5.680671552,4.306666,0.0
1995,6,30,4.579971264,2.166667,1.013088
1995,7,1,3.63603456,1.996666,0.0
1995,7,2,3.771718848,3.05,1.168306
1995,7,3,3.9812123519999996,3.343334,3.484288
1995,7,4,3.438936576,2.286666,0.5332545
1995,7,5,3.0672432,3.356666,1.056134
1995,7,6,3.007972224,5.849999,0.0837357
1995,7,7,2.949446016,5.419999,0.0
1995,7,8,2.949446016,4.286667,0.0
1995,7,9,2.8921426560000008,6.35,0.0
1995,7,10,2.8921426560000008,10.09333,0.0
1995,7,11,2.835246528,10.57333,0.0
1995,7,12,2.835246528,11.52333,0.0
1995,7,13,2.77907904,11.06333,0.0
1995,7,14,2.77907904,12.22,9.775727
1995,7,15,2.724098112,6.756666,13.20783
1995,7,16,2.6696736,6.536667,2.187737
1995,7,17,2.724098112,8.923333,6.050259
1995,7,18,2.949446016,8.22,1.581149
1995,7,19,3.910632192,7.903333,0.0
1995,7,20,4.738876416,9.299999,4.755863
1995,7,21,5.15184768,8.716666,4.679498
1995,7,22,5.50068192,3.56,0.2625079
1995,7,23,5.680671552,4.136666,1.635319
1995,7,24,5.680671552,6.85,0.0
1995,7,25,5.680671552,7.81,0.0
1995,7,26,5.77245312,9.266666,0.0
1995,7,27,5.589840384,12.92333,0.0
1995,7,28,5.41004256,12.13333,0.0
1995,7,29,4.901527296,13.94,0.0
1995,7,30,4.424761728,15.75667,3.031045
1995,7,31,3.931134336,15.32333,0.4012082
1995,8,1,3.840480575999999,14.0,0.9181026
1995,8,2,3.703569408,14.37333,0.0
1995,8,3,3.63603456,11.76333,0.0
1995,8,4,3.569668416,9.106667,0.0
1995,8,5,3.249396864,12.99333,0.0
1995,8,6,3.007972224,8.51,0.8300734
1995,8,7,2.77907904,4.093334,0.0
1995,8,8,2.615805504,5.306666,0.0
1995,8,9,2.45900736,8.106666,0.0
1995,8,10,2.5624967039999995,10.18667,0.0
1995,8,11,2.615805504,12.29,0.0
1995,8,12,2.5624967039999995,13.44,0.0
1995,8,13,2.45900736,10.03667,2.819848
1995,8,14,2.45900736,7.916666,0.5495725
1995,8,15,2.510481024,10.0,1.546873
1995,8,16,2.5624967039999995,11.15667,0.0
1995,8,17,2.835246528,11.9,0.0
1995,8,18,2.8921426560000008,12.24333,0.0
1995,8,19,2.8921426560000008,10.93,0.0
1995,8,20,2.8921426560000008,9.57,0.0
1995,8,21,2.835246528,10.08,0.0
1995,8,22,2.724098112,11.66,1.585643
1995,8,23,2.510481024,9.316668,0.0
1995,8,24,2.260079424,6.683333,1.314803
1995,8,25,1.9824981120000003,4.28,4.346863
1995,8,26,1.645910208,2.426667,2.743735
1995,8,27,1.406719296,3.113333,0.2163179
1995,8,28,1.297262016,1.483334,0.0
1995,8,29,1.2626127359999997,0.6900001,0.0
1995,8,30,1.2626127359999997,2.79,0.0
1995,8,31,1.194996096,5.743333,0.0
1995,9,1,1.0685721600000002,9.253334,0.4517841
1995,9,2,0.980248896,7.14,0.0
1995,9,3,0.896435712,7.576667,4.459048
1995,9,4,0.896435712,9.559999,8.829357
1995,9,5,1.562659776,6.586667,6.703841
1995,9,6,2.45900736,7.513333,4.394704
1995,9,7,2.5624967039999995,6.429999,3.475511
1995,9,8,2.835246528,5.706666,5.812243
1995,9,9,3.374925696,4.61,0.7059317
1995,9,10,3.5039088,4.526667,2.313755
1995,9,11,3.249396864,4.983333,0.9055433
1995,9,12,2.949446016,5.606667,0.0
1995,9,13,2.5624967039999995,4.659999,0.0
1995,9,14,2.308554432,4.116667,0.2550726
1995,9,15,2.0721179519999997,3.546666,6.095575
1995,9,16,1.9385821440000004,2.793334,0.0
1995,9,17,1.769679936,2.83,0.0
1995,9,18,1.603930176,2.743333,0.0
1995,9,19,1.444292928,4.13,0.6203187
1995,9,20,1.33315776,3.93,0.0
1995,9,21,1.228748544,5.1,0.0
1995,9,22,1.162509696,4.563334,1.336257
1995,9,23,1.0685721600000002,1.2,4.214453
1995,9,24,0.980248896,2.616667,0.4709227
1995,9,25,0.952551936,-1.206667,10.73537
1995,9,26,0.924904512,-0.3333334,6.515192
1995,9,27,0.924904512,-1.236667,6.247574
1995,9,28,0.867273984,-1.933333,0.0
1995,9,29,0.80913888,-4.51,0.0
1995,9,30,0.752249664,-5.126667,0.0
1995,10,1,0.724924224,-6.17,3.267984
1995,10,2,0.896435712,-3.35,2.308009
1995,10,3,1.483196544,1.79,5.618593
1995,10,4,2.211997248,5.776667,8.477096
1995,10,5,3.187866816,6.033333,6.511665
1995,10,6,3.9812123519999996,3.473334,2.651879
1995,10,7,4.198897152,6.31,2.915138
1995,10,8,4.273198848,2.563334,0.4344196
1995,10,9,4.273198848,10.06333,0.0
1995,10,10,3.9812123519999996,5.59,0.3265675
1995,10,11,3.771718848,3.853333,4.219249
1995,10,12,3.5039088,4.183333,1.508682
1995,10,13,3.126926016,2.27,0.0
1995,10,14,2.724098112,-0.48,0.6871741
1995,10,15,2.5624967039999995,1.243333,0.9100379
1995,10,16,2.615805504,5.166667,0.09983909
1995,10,17,2.77907904,5.943333,7.578251
1995,10,18,2.77907904,2.92,6.375713
1995,10,19,2.510481024,-1.156667,8.687324
1995,10,20,2.211997248,-1.67,0.6416559
1995,10,21,2.0270522879999997,-4.233333,0.0
1995,10,22,1.895177664,-2.343333,4.446928
1995,10,23,1.810737792,1.456666,1.748459
1995,10,24,1.9385821440000004,4.186666,0.0
1995,10,25,2.0270522879999997,4.033333,7.033935
1995,10,26,2.211997248,3.27,3.407046
1995,10,27,2.308554432,3.92,3.937495
1995,10,28,2.357836992,-0.4933333,0.0
1995,10,29,2.357836992,-2.653333,0.0
1995,10,30,2.308554432,-4.476666,2.771927
1995,10,31,2.260079424,-5.006667,1.584181
1995,11,1,2.0270522879999997,-3.726667,0.0
1995,11,2,1.810737792,-2.876667,1.007518
1995,11,3,1.562659776,-9.139999,0.0
1995,11,4,1.194996096,-12.88,0.0
1995,11,5,1.130692032,-5.0,0.0
1995,11,6,1.194996096,-1.183333,0.0
1995,11,7,0.980248896,-9.223332,0.0
1995,11,8,0.952551936,-5.066666,1.356576
1995,11,9,0.896435712,-5.273333,0.0
1995,11,10,0.837999936,-5.5,0.0
1995,11,11,0.644605632,-6.653334,0.0
1995,11,12,0.5435031744,-7.073333,0.0
1995,11,13,0.59332896,-5.883333,0.0
1995,11,14,0.59332896,-4.576667,2.50314
1995,11,15,0.5190859583999999,-9.716666,0.0
1995,11,16,0.42728814719999997,-14.41333,0.0
1995,11,17,0.40514106240000003,-13.73333,0.0
1995,11,18,0.40514106240000003,-7.213333,3.514253
1995,11,19,0.40514106240000003,-8.093332,0.0
1995,11,20,0.40514106240000003,-8.32,0.0
1995,11,21,0.40514106240000003,-2.736667,1.756644
1995,11,22,0.42728814719999997,-2.95,3.376184
1995,11,23,0.471985632,-2.01,6.014844
1995,11,24,0.495950976,-1.466667,9.087416
1995,11,25,0.471985632,-1.0,3.1538
1995,11,26,0.42728814719999997,-1.103333,3.761489
1995,11,27,0.40514106240000003,-2.703333,4.029362
1995,11,28,0.3835847232,-8.150001,0.0
1995,11,29,0.3835847232,-6.046667,0.0
1995,11,30,0.3835847232,-6.743334,0.0
1995,12,1,0.44659802880000005,-9.17,0.0
1995,12,2,0.44659802880000005,-10.49667,0.0
1995,12,3,0.432817056,-8.033333,0.0
1995,12,4,0.418994784,-10.68,0.0
1995,12,5,0.40514106240000003,-14.32333,0.0
1995,12,6,0.3912127488,-15.92,0.0
1995,12,7,0.37732752,-13.94667,2.240944
1995,12,8,0.36339056639999995,-11.87,0.5000277
1995,12,9,0.34941525119999994,-11.68667,1.10106
1995,12,10,0.3354156864,2.276667,1.49725
1995,12,11,0.32140609919999996,6.263333,0.0
1995,12,12,0.3073532544,0.1766682,0.0
1995,12,13,0.29327523839999997,-5.326667,0.0
1995,12,14,0.2791908288,-1.483333,0.0
1995,12,15,0.2651196096,-4.636666,0.0
1995,12,16,0.2509930944,-5.196667,0.0
1995,12,17,0.236925216,-2.503334,0.0
1995,12,18,0.22281137280000002,-7.556666,0.6593673
1995,12,19,0.20872563839999997,-9.969999,1.967715
1995,12,20,0.19465931519999996,-9.546666,2.684019
1995,12,21,0.180609984,-11.02667,0.0
1995,12,22,0.16658231040000002,-14.63,0.0
1995,12,23,0.1526608512,-21.44333,0.0
1995,12,24,0.13878864,-15.97667,0.0
1995,12,25,0.12502909439999998,-18.74667,0.0
1995,12,26,0.11138647680000001,-16.39,0.0
1995,12,27,0.09788348159999999,-15.92666,0.0
1995,12,28,0.08462050559999999,-16.61333,0.9222093
1995,12,29,0.0716279616,-11.97333,3.266707
1995,12,30,0.058947264,-7.026666,0.0
1995,12,31,0.046738851840000005,-10.72,0.0
1996,1,1,0.03795789887999999,-19.51667,0.0
1996,1,2,0.037387094399999994,-21.13333,0.0
1996,1,3,0.036256147200000005,-20.23667,0.0
1996,1,4,0.03567608064,-15.83667,0.0
1996,1,5,0.03454714944,-10.81,0.0
1996,1,6,0.033998042879999996,-16.21333,2.268818
1996,1,7,0.03287211264,-9.333333,6.686583
1996,1,8,0.03233412864,-6.2,0.6896525
1996,1,9,0.03123134208,-3.06,3.740971
1996,1,10,0.03066709824,-2.859999,0.0
1996,1,11,0.02958820992,-2.643333,2.462979
1996,1,12,0.029054718720000004,-2.663333,1.790514
1996,1,13,0.028507017600000004,-2.74,2.744325
1996,1,14,0.02744237952,-1.366666,0.0
1996,1,15,0.02690741952,-3.883333,0.0
1996,1,16,0.02585048256,-4.913332,0.0
1996,1,17,0.025328534399999995,-5.346666,0.385183
1996,1,18,0.02429777088,-2.53,0.0
1996,1,19,0.023772107520000002,-6.716667,0.0
1996,1,20,0.022751527679999998,-9.983335,0.0
1996,1,21,0.02223992448,-12.63,0.0
1996,1,22,0.02173309632,-12.97667,0.0
1996,1,23,0.02074981824,-13.91667,0.0
1996,1,24,0.020241480960000002,-15.28667,0.0
1996,1,25,0.01927133568,-19.89667,0.0
1996,1,26,0.01877827392,-17.09667,0.0
1996,1,27,0.01782292608,-15.39,0.0
1996,1,28,0.01734552576,-5.306666,0.0
1996,1,29,0.01640671488,-9.766665,0.0
1996,1,30,0.01594536768,-10.12667,0.0
1996,1,31,0.015024919680000002,-11.64333,0.0
1996,2,1,0.014580040320000001,-8.736667,0.0
1996,2,2,0.014127016319999998,-5.486666,0.05390441
1996,2,3,0.013679867520000001,-5.976667,0.0
1996,2,4,0.013238628479999999,-10.50333,0.0
1996,2,5,0.01280333952,-17.35333,0.0
1996,2,6,0.012374023680000002,-15.31667,0.0
1996,2,7,0.01193799744,-17.60333,0.0
1996,2,8,0.011097630720000001,-16.22333,0.3622797
1996,2,9,0.010692996480000001,-17.73,0.1172298
1996,2,10,0.010282561919999999,-17.02666,1.927955
1996,2,11,0.009878734080000002,-15.72333,4.103532
1996,2,12,0.00946998144,-17.08333,0.0
1996,2,13,0.009079706879999998,-12.94,0.0
1996,2,14,0.0086961888,-6.736666,2.856844
1996,2,15,0.00830850624,-2.76,5.499881
1996,2,16,0.00792809856,-4.686667,11.44753
1996,2,17,0.00755502336,-12.44333,0.0
1996,2,18,0.007189349760000001,-18.19,0.0
1996,2,19,0.00683114112,-14.03,0.0
1996,2,20,0.006480472320000001,-13.19333,0.0
1996,2,21,0.006127718400000001,-16.8,2.267687
1996,2,22,0.005792561279999999,-10.23,0.6901091
1996,2,23,0.005127594624,-11.65333,0.0
1996,2,24,0.0048076611840000005,-12.92667,1.844017
1996,2,25,0.00448769376,-9.666667,12.91148
1996,2,26,0.004185093887999999,-8.42,0.0
1996,2,27,0.0038831656319999993,-6.716666,1.782542
1996,2,28,0.0035905645440000005,-7.989999,6.21267
1996,2,29,0.0033074225279999996,-7.386666,2.390959
1996,3,1,0.0033074225279999996,-7.336667,0.0
1996,3,2,0.003033880704,-7.476667,0.79313
1996,3,3,0.003033880704,-3.663333,0.0
1996,3,4,0.003033880704,-2.21,0.0
1996,3,5,0.0027700905599999997,-7.14,0.0
1996,3,6,0.0027700905599999997,-3.833333,0.0
1996,3,7,0.0027700905599999997,-7.606667,0.0
1996,3,8,0.0025094914560000003,-5.266666,0.0
1996,3,9,0.0025094914560000003,-5.256667,0.0
1996,3,10,0.0025094914560000003,-4.66,0.0
1996,3,11,0.002259536256,-8.709999,1.389963
1996,3,12,0.002259536256,-10.42667,0.0
1996,3,13,0.002259536256,-11.52667,0.0
1996,3,14,0.00202042944,-9.919999,0.0
1996,3,15,0.00202042944,-9.586666,0.0
1996,3,16,0.00202042944,-10.13333,0.0
1996,3,17,0.00202042944,-8.963332,0.0
1996,3,18,0.0017923921920000002,-10.23,0.0
1996,3,19,0.0017923921920000002,-8.38,0.0
1996,3,20,0.0017923921920000002,-6.043334,0.0
1996,3,21,0.001575666432,-7.166667,0.0
1996,3,22,0.001575666432,-10.66,0.0
1996,3,23,0.001575666432,-10.38667,1.227818
1996,3,24,0.0013652789760000002,-4.326667,0.204201
1996,3,25,0.0013652789760000002,-4.363334,0.7682632
1996,3,26,0.0013652789760000002,-10.48,3.066483
1996,3,27,0.001172322432,-6.52,2.910012
1996,3,28,0.001172322432,-7.96,0.0
1996,3,29,0.001172322432,-10.41333,0.0
1996,3,30,0.0009869915520000002,-13.61333,0.0
1996,3,31,0.0009869915520000002,-12.69333,0.0
1996,4,1,0.0013652789760000002,-10.42667,0.0
1996,4,2,0.0017923921920000002,-10.68667,0.0
1996,4,3,0.002259536256,-3.733334,0.0
1996,4,4,0.0027700905599999997,-1.283333,0.0
1996,4,5,0.0033074225279999996,-0.2266665,0.0
1996,4,6,0.006127718400000001,-1.713333,0.0
1996,4,7,0.00946998144,-1.683333,0.0
1996,4,8,0.013238628479999999,2.323334,0.0
1996,4,9,0.01734552576,-0.626667,0.0
1996,4,10,0.02173309632,-2.856667,0.9714598
1996,4,11,0.027963601919999997,-8.309999,0.0
1996,4,12,0.03454714944,-7.97,0.0
1996,4,13,0.04143550464,-3.576666,0.0
1996,4,14,0.04853427264000001,-2.526666,0.0
1996,4,15,0.055846707839999996,-3.11,0.0
1996,4,16,0.08135233920000001,0.97,0.0
1996,4,17,0.17008341119999998,3.79,0.0
1996,4,18,1.078894656,3.193333,0.0
1996,4,19,2.5382448,2.18,1.515554
1996,4,20,1.451420928,1.843333,0.0
1996,4,21,0.40649080320000003,0.98,4.595075
1996,4,22,0.4685445503999999,0.9033334,8.128797
1996,4,23,0.836692416,0.48,5.881873
1996,4,24,2.0140755839999995,-1.163333,0.0
1996,4,25,0.927145152,-1.17,1.684217
1996,4,26,0.6060009599999998,1.823333,0.0
1996,4,27,0.676375488,3.106667,3.278434
1996,4,28,0.5792048640000002,-2.22,0.0
1996,4,29,0.3319276032,-5.44,0.4918169
1996,4,30,0.21998926080000003,-5.1,0.3625888
1996,5,1,0.1799130816,-4.506667,0.0
1996,5,2,0.1311888384,-4.97,5.564211
1996,5,3,0.10597432319999998,-5.31,11.81648
1996,5,4,0.1120548672,-1.806667,2.345653
1996,5,5,0.12296977919999999,-0.06333338,1.620759
1996,5,6,0.40860011520000006,-4.83,0.0
1996,5,7,0.318565152,-4.416667,0.0
1996,5,8,0.2376185472,-3.28,0.0
1996,5,9,0.2101254336,-4.866666,0.0
1996,5,10,0.17640668159999998,-2.09,0.0
1996,5,11,0.131903424,1.136667,0.1632843
1996,5,12,0.19605980159999997,8.876666,2.908994
1996,5,13,2.68615584,9.626666,0.5183128
1996,5,14,3.632688,2.843333,9.14606
1996,5,15,2.229577344,-4.02,9.592616
1996,5,16,1.355086656,-5.643333,0.850285
1996,5,17,1.100151936,-4.2,0.0
1996,5,18,0.96952032,-5.433332,2.306242
1996,5,19,0.904068864,-3.043333,0.0
1996,5,20,0.8430929279999998,0.5599999,0.0
1996,5,21,1.013190336,3.78,0.0
1996,5,22,1.498742784,4.163333,0.0
1996,5,23,1.568101824,5.293333,3.360522
1996,5,24,1.68971904,1.883333,8.096861
1996,5,25,1.9317778559999996,0.8999996,0.0
1996,5,26,1.963956096,1.533333,1.127201
1996,5,27,1.685619648,0.8566666,0.6082149
1996,5,28,1.469405376,0.5133331,0.0
1996,5,29,1.2333755519999996,0.5533328,1.387117
1996,5,30,1.0657008,4.869999,0.0
1996,5,31,1.296649728,4.396667,6.778932
1996,6,1,1.9824981120000003,4.793333,0.0
1996,6,2,1.7281929600000003,3.196667,0.0
1996,6,3,1.5566290559999998,3.923333,0.0
1996,6,4,1.4969877120000004,2.94,2.885574
1996,6,5,1.453231296,6.126667,0.5258188
1996,6,6,1.7950193280000004,7.45,0.0
1996,6,7,2.1771072,7.51,2.058133
1996,6,8,3.499915392,8.336667,11.60503
1996,6,9,5.066589888,8.073333,0.0
1996,6,10,4.784035392,8.776667,0.0
1996,6,11,4.615246656,9.763333,4.373083
1996,6,12,4.465204416,5.15,3.35059
1996,6,13,4.247858303999999,2.66,0.0
1996,6,14,3.5908416,1.91,0.0
1996,6,15,2.9989324799999992,5.286666,0.0
1996,6,16,2.646435456,8.043334,0.0
1996,6,17,2.432954879999999,6.4,27.24306
1996,6,18,4.261650048,4.08,9.045493
1996,6,19,5.212874304,3.296667,1.798903
1996,6,20,4.34229408,1.886667,4.922613
1996,6,21,3.584020608,3.14,3.50581
1996,6,22,3.192481152,6.99,0.0
1996,6,23,2.830814784,7.483333,0.0
1996,6,24,2.620919808,7.68,0.0
1996,6,25,2.503753344,9.289999,0.0
1996,6,26,2.504776320000001,11.13333,1.87539
1996,6,27,2.5071154560000006,8.433332,0.0
1996,6,28,2.516193792,7.063333,0.0
1996,6,29,2.562052032,9.863333,0.8674188
1996,6,30,2.559234816,8.206667,13.13556
1996,7,1,3.03768,6.079999,19.46587
1996,7,2,5.745417408,4.59,7.796902
1996,7,3,5.91063552,5.893333,1.898514
1996,7,4,5.345384256,4.206666,13.78165
1996,7,5,6.337434240000001,3.469999,5.720573
1996,7,6,5.345384256,4.246666,3.520036
1996,7,7,4.600075968,5.816666,7.26844
1996,7,8,4.254030144,6.543333,5.929978
1996,7,9,4.18707072,8.346666,3.194326
1996,7,10,3.7988213759999994,9.326666,0.0
1996,7,11,3.434632704,7.366667,0.0
1996,7,12,3.2048064,7.329999,0.0
1996,7,13,2.98516032,4.353334,2.907047
1996,7,14,2.7754848,6.213333,2.497061
1996,7,15,2.624683968,4.406666,0.0
1996,7,16,2.385349632,4.333333,0.0
1996,7,17,2.204318016,4.72,0.0
1996,7,18,2.032538688,6.003333,0.0
1996,7,19,1.8695364480000003,8.843333,0.0
1996,7,20,1.79125056,10.1,0.0
1996,7,21,1.7152300800000002,11.75,0.0
1996,7,22,1.753032384,10.12667,2.909328
1996,7,23,1.79125056,9.973333,0.6531355
1996,7,24,1.9093708800000002,11.54,0.0
1996,7,25,2.117302272,10.83,0.0
1996,7,26,2.204318016,9.63,0.0
1996,7,27,2.385349632,7.42,0.0
1996,7,28,2.4320949119999993,4.780001,1.356588
1996,7,29,2.385349632,4.83,0.0
1996,7,30,2.248746048,5.646667,0.0
1996,7,31,2.0745757439999997,6.553333,3.656483
1996,8,1,1.9909296,8.223333,2.710211
1996,8,2,1.9909296,4.44,1.25255
1996,8,3,1.9909296,6.313333,0.0
1996,8,4,1.949874624,8.846666,0.0
1996,8,5,1.9093708800000002,10.95333,0.0
1996,8,6,1.8695364480000003,11.88,0.0
1996,8,7,1.9093708800000002,11.53667,0.0
1996,8,8,1.9093708800000002,9.33,2.551865
1996,8,9,2.032538688,9.026666,2.756727
1996,8,10,2.931774336,10.93667,0.0
1996,8,11,2.98516032,11.16333,0.0
1996,8,12,3.26134368,11.24333,0.0
1996,8,13,3.039170112,11.77333,0.0
1996,8,14,2.931774336,11.49333,0.0
1996,8,15,2.7754848,10.79333,0.0
1996,8,16,2.674397952,12.09667,0.0
1996,8,17,2.575720512,12.15,0.0
1996,8,18,2.479281984,10.29333,0.0
1996,8,19,2.4320949119999993,11.46,0.0
1996,8,20,2.339189568,13.59,0.0
1996,8,21,2.4320949119999993,13.68333,1.717458
1996,8,22,2.527204032,11.28333,3.51029
1996,8,23,2.624683968,10.51667,0.6528423
1996,8,24,2.674397952,10.41667,19.33357
1996,8,25,5.190374015999999,9.383333,3.477055
1996,8,26,3.9898944,10.01333,5.375321
1996,8,27,3.9254647679999994,7.503333,24.20827
1996,8,28,6.513408,7.763333,0.0
1996,8,29,4.671220032,6.356667,8.820317
1996,8,30,5.583213504,8.546667,5.89965
1996,8,31,4.743292032,5.126667,7.500741
1996,9,1,4.889582784,6.573333,0.0
1996,9,2,4.321885248,7.666666,0.0
1996,9,3,3.861710784,8.136666,0.0
1996,9,4,3.376165824,6.24,0.0
1996,9,5,3.039170112,4.55,0.0
1996,9,6,2.674397952,3.083333,0.0
1996,9,7,2.4320949119999993,5.49,0.0
1996,9,8,2.204318016,6.03,0.0
1996,9,9,2.032538688,3.763333,0.0
1996,9,10,1.9093708800000002,1.956667,0.0
1996,9,11,1.753032384,-2.486667,10.84535
1996,9,12,1.7152300800000002,-0.0999999,0.0
1996,9,13,1.644341184,0.8033333,0.0
1996,9,14,1.54392192,1.136667,0.0
1996,9,15,1.47952224,2.053333,0.0
1996,9,16,1.417258368,4.296667,0.0
1996,9,17,1.3569863039999996,5.173333,0.0
1996,9,18,1.298575296,5.723333,0.0
1996,9,19,1.242160704,4.89,0.0
1996,9,20,1.214612928,3.79,0.0
1996,9,21,1.160979264,1.923333,0.0
1996,9,22,1.134801216,1.903333,0.0
1996,9,23,1.109068992,2.94,0.0
1996,9,24,1.083855168,-0.3900001,0.0
1996,9,25,1.058999616,0.3233334,0.0
1996,9,26,1.034574912,-0.1433333,2.916775
1996,9,27,1.034574912,1.43,23.13892
1996,9,28,1.3569863039999996,0.1666669,4.390943
1996,9,29,1.417258368,-0.3200001,9.039602
1996,9,30,1.610303616,0.7066667,0.6094605
1996,10,1,1.51146432,0.1999998,0.0
1996,10,2,1.3569863039999996,-1.103333,0.0
1996,10,3,1.298575296,-1.366667,5.543131
1996,10,4,1.327539456,1.51,0.0
1996,10,5,1.3569863039999996,0.44,0.1081589
1996,10,6,1.298575296,3.536667,0.0
1996,10,7,1.327539456,6.196666,0.8424057
1996,10,8,1.51146432,1.46,0.0
1996,10,9,1.417258368,0.6933333,0.6928847
1996,10,10,1.417258368,-1.696667,0.0
1996,10,11,1.417258368,0.3266666,0.1289586
1996,10,12,1.47952224,1.71,7.058974
1996,10,13,1.51146432,-2.313333,1.310374
1996,10,14,1.47952224,-0.5933333,0.0
1996,10,15,1.51146432,0.8166667,0.8517315
1996,10,16,1.51146432,1.753333,5.854255
1996,10,17,1.51146432,-0.9766667,17.40171
1996,10,18,1.753032384,-1.243333,0.150014
1996,10,19,1.7152300800000002,-0.1533332,0.3053678
1996,10,20,1.7152300800000002,0.2066667,0.0
1996,10,21,1.610303616,-1.186667,0.14235
1996,10,22,1.54392192,-0.2066666,0.0
1996,10,23,1.47952224,1.283333,0.0
1996,10,24,1.417258368,0.5133336,0.0
1996,10,25,1.417258368,2.296667,0.0
1996,10,26,1.3569863039999996,1.093333,4.601155
1996,10,27,1.3569863039999996,0.00999999,5.500311
1996,10,28,1.448186112,-1.133333,12.66293
1996,10,29,1.47952224,-1.57,5.566001
1996,10,30,1.448186112,-6.01,0.0
1996,10,31,1.3569863039999996,-7.53,7.558578
1996,11,1,1.3569863039999996,-3.263334,5.982223
1996,11,2,1.327539456,-0.3333333,4.171136
1996,11,3,1.327539456,0.4933336,5.187709
1996,11,4,1.386830016,-2.996667,7.428047
1996,11,5,1.417258368,-3.273333,3.598053
1996,11,6,1.417258368,-5.81,4.67923
1996,11,7,1.386830016,-5.666666,0.3452766
1996,11,8,1.298575296,-7.126666,1.853785
1996,11,9,1.242160704,-9.836666,0.0
1996,11,10,1.109068992,-10.87667,0.4019296
1996,11,11,1.058999616,-10.96333,0.0
1996,11,12,1.058999616,-12.64,0.0
1996,11,13,1.058999616,-14.77333,0.0
1996,11,14,1.034574912,-7.996666,0.0
1996,11,15,1.058999616,-1.153334,0.0
1996,11,16,1.109068992,-2.61,0.5967799
1996,11,17,1.034574912,-4.686666,0.0
1996,11,18,0.9639089279999998,-13.03667,0.0
1996,11,19,0.918880704,-13.93667,0.3990999
1996,11,20,0.918880704,-8.62,3.740595
1996,11,21,0.941226624,-9.866667,0.0
1996,11,22,0.895390272,-9.5,4.2954
1996,11,23,0.9639089279999998,-7.076666,0.0
1996,11,24,0.895390272,-11.63,0.0
1996,11,25,0.871109568,-15.29667,0.0
1996,11,26,0.847030464,-16.6,0.0
1996,11,27,0.847030464,-15.88,0.0
1996,11,28,0.823228992,-18.84,0.0
1996,11,29,0.753571008,-22.46333,0.0
1996,11,30,0.823228992,-20.29667,0.0
1996,12,1,0.871109568,-18.58667,3.581954
1996,12,2,0.941226624,-9.62,1.460697
1996,12,3,1.034574912,-8.593333,3.678088
1996,12,4,1.0106496,-3.656667,5.501936
1996,12,5,0.9639089279999998,-2.756667,0.0
1996,12,6,0.895390272,-9.286666,0.0
1996,12,7,0.847030464,-10.56333,0.0
1996,12,8,0.835893504,-3.993333,0.0
1996,12,9,0.8249610240000002,-0.606668,0.0
1996,12,10,0.813657024,-1.523334,0.0
1996,12,11,0.8027020800000002,-2.373333,0.0
1996,12,12,0.791382528,-5.056666,4.136274
1996,12,13,0.779988096,-11.19,0.0
1996,12,14,0.7689415679999998,-21.77667,0.0
1996,12,15,0.757541376,-18.24333,2.24621
1996,12,16,0.746418816,-6.896667,0.0
1996,12,17,0.7349506560000002,-11.63333,4.837575
1996,12,18,0.72341856,-16.26,0.0
1996,12,19,0.712233216,-17.31667,0.0
1996,12,20,0.700579008,-14.11667,0.8211771
1996,12,21,0.6893389439999998,-5.146667,0.0
1996,12,22,0.67764096,-6.296667,0.0
1996,12,23,0.665958528,-7.97,0.0
1996,12,24,0.654556608,-3.0,0.7902579
1996,12,25,0.6427791359999998,-7.923333,0.0
1996,12,26,0.631283328,-9.17,0.0
1996,12,27,0.619423488,-9.346666,0.0
1996,12,28,0.607465152,-3.04,0.0
1996,12,29,0.5958547199999998,-5.76,0.0
1996,12,30,0.583834752,-17.94,0.0
1996,12,31,0.572102208,-17.19333,0.0
1997,1,1,0.5600359296,-6.000001,0.0
1997,1,2,0.5600359296,-11.08,0.0
1997,1,3,0.5399781695999999,-17.13667,0.0
1997,1,4,0.5399781695999999,-12.12,0.0
1997,1,5,0.5399781695999999,-9.193334,0.0
1997,1,6,0.5202809856,-12.21,0.0
1997,1,7,0.5202809856,-6.13,0.0
1997,1,8,0.5202809856,-8.443333,0.2624943
1997,1,9,0.5008258368,-16.84667,0.0
1997,1,10,0.5008258368,-10.87667,0.0
1997,1,11,0.5008258368,-14.93,4.771164
1997,1,12,0.48167556479999996,-10.69333,5.452861
1997,1,13,0.48167556479999996,0.6933327,4.19124
1997,1,14,0.48167556479999996,2.466666,1.248576
1997,1,15,0.46288926719999995,2.283333,0.2763265
1997,1,16,0.46288926719999995,0.5600014,0.0
1997,1,17,0.46288926719999995,-5.86,0.9860563
1997,1,18,0.46288926719999995,-5.843333,1.265378
1997,1,19,0.46288926719999995,-3.39,0.0
1997,1,20,0.4443542783999999,-9.413334,0.0
1997,1,21,0.4443542783999999,-0.9766665,0.0
1997,1,22,0.4443542783999999,-5.953333,0.0
1997,1,23,0.4443542783999999,-6.783332,0.0
1997,1,24,0.4443542783999999,-10.89,0.0
1997,1,25,0.4443542783999999,-11.57333,0.0
1997,1,26,0.4443542783999999,-8.58,0.0
1997,1,27,0.4443542783999999,-4.163332,1.826588
1997,1,28,0.4261307904,-3.803333,0.0
1997,1,29,0.4261307904,0.9833326,0.0
1997,1,30,0.4261307904,-0.6866674,2.524666
1997,1,31,0.4261307904,-8.539999,0.0
1997,2,1,0.4261307904,-9.650001,0.0
1997,2,2,0.4261307904,-12.08,0.3129231
1997,2,3,0.4261307904,-6.64,0.3671634
1997,2,4,0.4261307904,-3.593333,1.660939
1997,2,5,0.4261307904,-7.596666,1.0883
1997,2,6,0.4261307904,-6.926666,3.674117
1997,2,7,0.4261307904,-3.023333,9.388865
1997,2,8,0.4443542783999999,-4.386666,2.506226
1997,2,9,0.4443542783999999,-3.836666,4.120022
1997,2,10,0.4443542783999999,-2.476666,4.493064
1997,2,11,0.4443542783999999,-5.146666,0.8803948
1997,2,12,0.4443542783999999,-5.146667,0.0
1997,2,13,0.4443542783999999,-8.776667,0.2711896
1997,2,14,0.4443542783999999,-17.31,0.5257517
1997,2,15,0.4443542783999999,-22.97333,0.0
1997,2,16,0.4443542783999999,-22.43,0.0
1997,2,17,0.4443542783999999,-14.20333,7.51172
1997,2,18,0.4443542783999999,-9.783333,9.653831
1997,2,19,0.4443542783999999,-9.4,4.069058
1997,2,20,0.4443542783999999,-7.343333,2.470747
1997,2,21,0.46288926719999995,-8.923333,5.578664
1997,2,22,0.46288926719999995,-4.266666,9.313489
1997,2,23,0.46288926719999995,0.9066668,1.757315
1997,2,24,0.46288926719999995,-4.696667,8.90646
1997,2,25,0.46288926719999995,-5.57,2.073089
1997,2,26,0.46288926719999995,-9.2,2.600686
1997,2,27,0.46288926719999995,-9.266666,3.100983
1997,2,28,0.46288926719999995,-3.996666,3.435362
1997,3,1,0.46288926719999995,-2.573334,2.665381
1997,3,2,0.48167556479999996,-0.75,4.644124
1997,3,3,0.48167556479999996,-4.976666,6.852927
1997,3,4,0.48167556479999996,-2.293333,0.0
1997,3,5,0.48167556479999996,-2.643333,0.2745575
1997,3,6,0.5008258368,-3.013333,0.0
1997,3,7,0.5008258368,-2.173334,3.982478
1997,3,8,0.5008258368,-1.25,0.0
1997,3,9,0.5008258368,0.1199999,0.0
1997,3,10,0.5202809856,-0.2466664,0.0
1997,3,11,0.5202809856,1.763333,0.0
1997,3,12,0.5202809856,-1.126667,0.5174182
1997,3,13,0.5202809856,-4.543333,0.0
1997,3,14,0.5202809856,-11.07667,0.2249606
1997,3,15,0.5202809856,-13.99,0.0
1997,3,16,0.5008258368,-11.12333,0.0
1997,3,17,0.5008258368,-12.71667,0.0
1997,3,18,0.5008258368,-13.68,0.0
1997,3,19,0.5008258368,-13.81,0.0
1997,3,20,0.5008258368,-14.31667,0.0
1997,3,21,0.5008258368,-12.22667,0.0
1997,3,22,0.5008258368,-12.27667,0.0
1997,3,23,0.48167556479999996,-10.02333,0.0
1997,3,24,0.48167556479999996,-9.586666,0.0
1997,3,25,0.48167556479999996,-9.673333,2.893279
1997,3,26,0.48167556479999996,-5.446667,12.4372
1997,3,27,0.48167556479999996,-2.183334,3.874479
1997,3,28,0.48167556479999996,-4.35,3.47755
1997,3,29,0.48167556479999996,-7.3,0.2749071
1997,3,30,0.48167556479999996,-1.78,6.792068
1997,3,31,0.48167556479999996,2.253334,3.38026
1997,4,1,0.46288926719999995,-0.5300002,5.117633
1997,4,2,0.46288926719999995,-4.01,8.804391
1997,4,3,0.46288926719999995,-7.25,2.122681
1997,4,4,0.46288926719999995,-9.393333,0.0
1997,4,5,0.46288926719999995,-9.926666,0.0
1997,4,6,0.46288926719999995,-10.92,0.0
1997,4,7,0.46288926719999995,-10.84667,2.392983
1997,4,8,0.46288926719999995,-3.866667,0.0
1997,4,9,0.46288926719999995,-0.8933337,2.204549
1997,4,10,0.4443542783999999,-0.5799999,4.433966
1997,4,11,0.4443542783999999,-6.49,0.0
1997,4,12,0.4443542783999999,-4.606667,0.0
1997,4,13,0.4443542783999999,0.7,0.9965806
1997,4,14,0.4443542783999999,-6.646667,1.008591
1997,4,15,0.4443542783999999,-4.223333,0.0
1997,4,16,0.4443542783999999,0.6066666,0.0
1997,4,17,0.4443542783999999,0.4599998,0.0
1997,4,18,0.4443542783999999,-5.67,0.0
1997,4,19,0.4261307904,-7.296667,0.0
1997,4,20,0.4261307904,-8.39,0.0
1997,4,21,0.4261307904,-4.603333,0.212158
1997,4,22,0.4261307904,-8.753332,0.0
1997,4,23,0.4261307904,-9.076666,0.0
1997,4,24,0.5399781695999999,-7.71,0.0
1997,4,25,0.4443542783999999,-6.07,0.0
1997,4,26,0.46288926719999995,-7.103333,0.0
1997,4,27,0.4443542783999999,-4.903333,0.0
1997,4,28,0.48167556479999996,0.09333324,0.0
1997,4,29,0.5202809856,1.406667,0.0
1997,4,30,0.5600359296,0.6233333,1.271158
1997,5,1,0.601045632,3.293333,0.3417352
1997,5,2,0.64317024,2.616667,0.0
1997,5,3,0.686457216,-3.676667,0.0
1997,5,4,0.730960704,-3.22,1.721417
1997,5,5,0.776533248,-5.626667,7.456548
1997,5,6,0.823228992,-4.023334,4.464721
1997,5,7,0.823228992,-3.25,19.42269
1997,5,8,1.0106496,-2.7,0.0
1997,5,9,1.034574912,-1.026667,11.42484
1997,5,10,1.187609472,-2.02,6.681803
1997,5,11,1.54392192,0.17,0.0
1997,5,12,1.51146432,2.92,1.248216
1997,5,13,1.7152300800000002,2.616667,0.0
1997,5,14,1.9093708800000002,2.48,1.369219
1997,5,15,2.032538688,1.52,0.0
1997,5,16,2.032538688,1.703333,0.0
1997,5,17,2.0745757439999997,4.84,0.0
1997,5,18,2.479281984,3.126667,0.0
1997,5,19,2.4320949119999993,-1.983333,0.0
1997,5,20,2.0745757439999997,-1.026667,0.0
1997,5,21,1.9909296,-1.146667,3.838876
1997,5,22,1.79125056,-2.76,7.082975
1997,5,23,1.753032384,-1.656667,0.0
1997,5,24,1.644341184,-1.066667,0.0
1997,5,25,1.644341184,1.216666,0.0
1997,5,26,1.678810176,0.08333325,1.950134
1997,5,27,1.753032384,1.856666,0.0
1997,5,28,1.79125056,1.06,3.670422
1997,5,29,1.8695364480000003,1.05,0.0
1997,5,30,2.0745757439999997,2.84,0.0
1997,5,31,2.204318016,8.363333,0.0
1997,6,1,2.724715584,7.873333,0.0
1997,6,2,3.376165824,7.08,0.0
1997,6,3,3.861710784,6.463333,0.0
1997,6,4,3.553337664,5.09,0.0
1997,6,5,3.318346368,9.193334,0.0
1997,6,6,3.613762944,9.256667,0.0
1997,6,7,3.9254647679999994,11.07667,0.0
1997,6,8,5.50311264,11.27667,0.0
1997,6,9,6.60269952,8.65,0.6147997
1997,6,10,6.42489408,7.403332,0.0
1997,6,11,6.25048128,7.78,0.0
1997,6,12,6.07915584,11.2,0.0
1997,6,13,6.42489408,10.68,1.337114
1997,6,14,6.60269952,7.496666,12.76864
1997,6,15,6.42489408,2.529999,7.856607
1997,6,16,7.53856128,0.9500003,0.0
1997,6,17,6.25048128,2.083333,0.0
1997,6,18,5.267510784,5.186666,0.0
1997,6,19,4.390436159999998,5.766666,0.0
1997,6,20,3.7988213759999994,6.08,2.83567
1997,6,21,3.553337664,5.369999,5.11299
1997,6,22,3.736407743999999,4.703334,3.786206
1997,6,23,5.190374015999999,4.9,2.50977
1997,6,24,4.963580352,5.043333,0.0
1997,6,25,4.600075968,2.343333,11.29459
1997,6,26,4.671220032,3.379999,2.211531
1997,6,27,4.254030144,7.186666,0.0
1997,6,28,3.9254647679999994,10.08,7.4299
1997,6,29,4.459472640000001,8.099999,0.7703595
1997,6,30,4.816078272,9.903334,20.91099
1997,7,1,7.06046976,12.16,15.45462
1997,7,2,10.8481536,11.86667,7.520894
1997,7,3,15.281642880000003,11.02,0.0
1997,7,4,11.86526016,11.61667,0.0
1997,7,5,9.3183264,10.06,0.0
1997,7,6,7.3447776,10.68667,0.0
1997,7,7,5.91063552,10.52,0.0
1997,7,8,5.8277721599999985,5.723333,0.0
1997,7,9,5.190374015999999,7.716667,0.0
1997,7,10,4.889582784,10.06,0.0
1997,7,11,4.390436159999998,12.7,0.0
1997,7,12,4.254030144,13.20667,0.0
1997,7,13,4.18707072,14.25667,0.0
1997,7,14,4.120595136,12.53333,0.0
1997,7,15,4.120595136,11.19333,0.0
1997,7,16,4.120595136,11.22667,0.0
1997,7,17,4.054804992,11.53667,0.0
1997,7,18,3.9898944,8.95,6.781991
1997,7,19,3.861710784,11.49667,0.0
1997,7,20,3.67466112,13.82667,0.0
1997,7,21,3.553337664,12.8,4.692984
1997,7,22,3.613762944,13.05667,2.766241
1997,7,23,3.67466112,13.23667,0.0
1997,7,24,3.613762944,11.80667,4.261315
1997,7,25,3.493569024,10.23333,5.750985
1997,7,26,3.7988213759999994,9.3,7.424975
1997,7,27,3.861710784,8.173333,7.505195
1997,7,28,3.861710784,6.716667,0.0
1997,7,29,3.7988213759999994,6.816666,0.0
1997,7,30,3.7988213759999994,8.849999,0.1964574
1997,7,31,3.736407743999999,7.62,0.0
1997,8,1,3.553337664,9.953334,4.565847
1997,8,2,3.613762944,9.39,2.611876
1997,8,3,3.861710784,9.023334,0.0
1997,8,4,3.861710784,10.51667,0.0
1997,8,5,3.736407743999999,11.75333,0.0
1997,8,6,3.493569024,14.35333,0.0
1997,8,7,3.376165824,15.13333,0.0
1997,8,8,3.318346368,14.66333,0.0
1997,8,9,3.376165824,12.87667,0.0
1997,8,10,3.553337664,12.54667,0.0
1997,8,11,3.613762944,11.15333,0.0
1997,8,12,3.613762944,11.55,0.3035421
1997,8,13,3.67466112,14.62667,0.0
1997,8,14,3.67466112,14.48667,0.0
1997,8,15,3.67466112,13.26333,0.0
1997,8,16,3.67466112,14.88,0.0
1997,8,17,3.553337664,15.03,0.0
1997,8,18,3.434632704,13.94667,0.8309965
1997,8,19,3.318346368,12.85667,0.0
1997,8,20,3.553337664,13.11,0.0
1997,8,21,3.67466112,14.24,3.150487
1997,8,22,3.613762944,12.99333,2.864158
1997,8,23,4.600075968,8.59,7.230855
1997,8,24,3.9898944,7.673334,0.0
1997,8,25,3.9254647679999994,7.596666,23.89866
1997,8,26,7.93535616,10.90333,0.0
1997,8,27,6.164300159999999,9.48,4.806513
1997,8,28,5.663816640000001,11.38667,4.566213
1997,8,29,7.15453056,11.53667,7.336047
1997,8,30,7.44126336,10.93,5.89976
1997,8,31,7.06046976,10.2,0.0
1997,9,1,6.337434240000001,9.523334,1.995491
1997,9,2,5.423757120000001,9.326666,11.11497
1997,9,3,6.25048128,8.116667,2.898364
1997,9,4,5.50311264,9.136666,5.616713
1997,9,5,5.583213504,7.886667,0.0
1997,9,6,4.816078272,5.42,5.302887
1997,9,7,4.52942208,4.67,4.1876
1997,9,8,4.120595136,3.926667,5.0861
1997,9,9,3.736407743999999,0.9100001,1.637805
1997,9,10,3.376165824,2.493333,0.8288015
1997,9,11,2.931774336,2.983334,0.09567881
1997,9,12,2.674397952,4.616666,10.1277
1997,9,13,2.527204032,0.08666658,17.45152
1997,9,14,2.724715584,2.443334,3.12339
1997,9,15,2.575720512,-0.4400001,1.798888
1997,9,16,2.385349632,4.496667,6.229497
1997,9,17,2.339189568,2.566667,2.049518
1997,9,18,2.248746048,-0.6566663,0.3161569
1997,9,19,2.248746048,-0.1733332,0.0
1997,9,20,2.16059328,1.316667,0.0
1997,9,21,2.032538688,3.143333,0.6082956
1997,9,22,1.9093708800000002,2.923333,0.1705581
1997,9,23,1.830123072,4.216667,0.0
1997,9,24,1.7152300800000002,7.919999,0.0
1997,9,25,1.644341184,4.626667,0.0
1997,9,26,1.644341184,3.433333,0.0
1997,9,27,1.576799424,3.186666,0.0
1997,9,28,1.54392192,3.87,0.0
1997,9,29,1.51146432,3.123333,3.851396
1997,9,30,1.54392192,1.66,0.0
1997,10,1,1.51146432,-0.2966669,8.005936
1997,10,2,1.54392192,-0.2266667,0.0
1997,10,3,1.51146432,0.1266666,2.409232
1997,10,4,1.47952224,0.1366665,4.07029
1997,10,5,1.47952224,-0.3833333,1.326907
1997,10,6,1.448186112,1.186667,5.056109
1997,10,7,1.47952224,2.216667,12.72878
1997,10,8,1.9909296,1.683333,4.805477
1997,10,9,2.293748928,-2.033334,0.0
1997,10,10,2.117302272,-0.6633333,2.890691
1997,10,11,2.117302272,-1.086667,0.2412776
1997,10,12,1.9909296,-1.26,1.032518
1997,10,13,1.9909296,-1.79,0.0
1997,10,14,1.8695364480000003,-3.58,0.0
1997,10,15,1.753032384,-5.743333,0.0
1997,10,16,1.644341184,-6.639999,2.222707
1997,10,17,1.610303616,-3.003333,6.289789
1997,10,18,1.576799424,1.826667,0.4464709
1997,10,19,1.644341184,-1.473333,2.796325
1997,10,20,1.51146432,-5.86,0.2454375
1997,10,21,1.47952224,-2.523333,1.838312
1997,10,22,1.47952224,-3.34,1.893815
1997,10,23,1.417258368,-6.876667,1.973311
1997,10,24,1.187609472,-6.95,0.9091138
1997,10,25,1.187609472,-8.183333,0.0
1997,10,26,1.134801216,-7.88,0.0
1997,10,27,1.134801216,-10.54,0.0
1997,10,28,1.109068992,-7.723333,0.0
1997,10,29,1.187609472,-0.6900001,0.0
1997,10,30,1.187609472,-0.1600001,0.0
1997,10,31,1.160979264,0.5533335,0.0
1997,11,1,1.187609472,3.936666,0.700806
1997,11,2,1.160979264,-4.346666,1.385134
1997,11,3,1.034574912,-8.559999,0.0
1997,11,4,1.0106496,-8.46,1.130598
1997,11,5,1.083855168,-7.306667,1.493789
1997,11,6,1.058999616,-6.696667,0.0
1997,11,7,0.9870710399999998,-6.67,4.81549
1997,11,8,1.034574912,-4.12,3.323269
1997,11,9,1.034574912,-3.723333,6.170518
1997,11,10,1.058999616,-3.793334,6.48759
1997,11,11,1.034574912,-2.723334,5.976048
1997,11,12,1.058999616,-2.556667,4.560377
1997,11,13,1.034574912,-3.27,0.0
1997,11,14,0.9639089279999998,-6.18,0.4341247
1997,11,15,1.0106496,-2.736667,0.0
1997,11,16,1.0106496,-2.566667,0.0
1997,11,17,0.9639089279999998,-2.693333,0.9896005
1997,11,18,0.9639089279999998,-3.193333,0.0
1997,11,19,0.847030464,-5.5,0.0
1997,11,20,0.895390272,-6.836667,0.3344326
1997,11,21,0.9870710399999998,-4.596667,0.0
1997,11,22,0.9639089279999998,-6.61,0.0
1997,11,23,0.941226624,-8.676666,0.0
1997,11,24,0.871109568,-7.666667,1.636705
1997,11,25,1.058999616,-5.033333,0.2992883
1997,11,26,1.0106496,-6.446667,0.0
1997,11,27,0.9639089279999998,-8.136666,0.0
1997,11,28,0.918880704,-11.68333,0.0
1997,11,29,0.895390272,-13.44667,2.674253
1997,11,30,0.847030464,-13.51,7.543854
1997,12,1,0.823228992,-8.406667,10.62042
1997,12,2,0.799777152,-12.11333,0.0
1997,12,3,0.776533248,-15.20333,0.0
1997,12,4,0.730960704,-15.24333,0.0
1997,12,5,0.708565824,-7.793333,4.701353
1997,12,6,0.776533248,-10.91667,1.44011
1997,12,7,0.799777152,-5.773334,0.0
1997,12,8,0.941226624,-2.883333,3.7332
1997,12,9,0.871109568,-1.443334,3.06373
1997,12,10,0.753571008,-1.803333,4.474398
1997,12,11,0.753571008,-3.393333,7.058551
1997,12,12,0.730960704,-4.276666,0.03756058
1997,12,13,0.686457216,-8.860001,2.216091
1997,12,14,0.686457216,-12.51333,0.0
1997,12,15,0.6647022720000002,-8.946667,0.0
1997,12,16,0.6647022720000002,-1.206667,0.0
1997,12,17,0.6647022720000002,-4.493333,0.0
1997,12,18,0.6647022720000002,-4.44,0.0
1997,12,19,0.64317024,-7.686666,0.0
1997,12,20,0.64317024,-10.53333,0.0
1997,12,21,0.64317024,-10.43667,0.0
1997,12,22,0.621929664,-4.706667,0.872719
1997,12,23,0.621929664,-4.323334,0.0
1997,12,24,0.621929664,-5.659999,2.846727
1997,12,25,0.621929664,-8.446667,3.050873
1997,12,26,0.601045632,-7.5,2.999908
1997,12,27,0.601045632,-8.079999,1.463164
1997,12,28,0.601045632,-10.89667,2.540421
1997,12,29,0.601045632,-9.443334,1.557488
1997,12,30,0.580392576,-10.0,4.550711
1997,12,31,0.580392576,-5.949999,5.512094
1998,1,1,0.580392576,-5.493334,3.67366
1998,1,2,0.580392576,-4.066666,3.567983
1998,1,3,0.5600359296,-4.856667,5.997775
1998,1,4,0.5600359296,-4.643333,4.296874
1998,1,5,0.5399781695999999,-7.5,0.1130428
1998,1,6,0.5399781695999999,-8.986667,0.0
1998,1,7,0.5202809856,-12.38,0.0
1998,1,8,0.5202809856,-10.47667,1.902981
1998,1,9,0.5202809856,-9.753333,10.71049
1998,1,10,0.5008258368,-5.639999,4.650847
1998,1,11,0.5008258368,0.03999996,3.798725
1998,1,12,0.48167556479999996,-0.1899996,0.4634589
1998,1,13,0.48167556479999996,-3.53,1.683187
1998,1,14,0.48167556479999996,-2.28,10.07412
1998,1,15,0.5008258368,-3.403333,3.286153
1998,1,16,0.5202809856,-6.163332,0.0
1998,1,17,0.5202809856,-6.526666,3.09356
1998,1,18,0.5202809856,-12.5,0.0
1998,1,19,0.5399781695999999,-11.25,0.0
1998,1,20,0.5399781695999999,-15.70333,0.0
1998,1,21,0.5202809856,-11.85333,0.0
1998,1,22,0.5202809856,-9.056666,0.0
1998,1,23,0.5008258368,-5.693333,0.0
1998,1,24,0.5008258368,-7.606666,0.0
1998,1,25,0.48167556479999996,-5.613332,0.0
1998,1,26,0.48167556479999996,-3.426667,2.002954
1998,1,27,0.48167556479999996,-3.886666,1.327014
1998,1,28,0.46288926719999995,-8.803333,0.5832686
1998,1,29,0.46288926719999995,-6.36,1.235682
1998,1,30,0.4443542783999999,-12.88,0.0
1998,1,31,0.4443542783999999,-16.30333,0.9222227
1998,2,1,0.4443542783999999,-9.606667,0.4270501
1998,2,2,0.4443542783999999,-13.00333,0.0
1998,2,3,0.4443542783999999,-16.74667,2.744661
1998,2,4,0.4261307904,-17.16,2.779081
1998,2,5,0.4261307904,-11.90667,4.793962
1998,2,6,0.4261307904,-7.363333,0.3841648
1998,2,7,0.4261307904,-5.486666,0.3341647
1998,2,8,0.4082753088,-6.533332,3.695825
1998,2,9,0.4082753088,-0.4800005,2.528934
1998,2,10,0.4082753088,-3.273333,7.174302
1998,2,11,0.4082753088,-3.026666,4.313919
1998,2,12,0.39068104319999997,-4.476666,0.0
1998,2,13,0.39068104319999997,-10.56333,1.590848
1998,2,14,0.39068104319999997,-2.23,0.4256977
1998,2,15,0.39068104319999997,-0.5900011,4.747992
1998,2,16,0.3734055936,-5.226667,1.75325
1998,2,17,0.39068104319999997,-5.906666,2.17727
1998,2,18,0.4082753088,3.936667,0.0
1998,2,19,0.4261307904,1.576667,0.0
1998,2,20,0.4261307904,0.916667,6.334662
1998,2,21,0.4443542783999999,2.296666,1.457032
1998,2,22,0.46288926719999995,-4.7,4.130299
1998,2,23,0.46288926719999995,-2.33,1.908481
1998,2,24,0.48167556479999996,-3.923334,4.424856
1998,2,25,0.5008258368,1.076667,0.0
1998,2,26,0.5202809856,-1.533333,11.58957
1998,2,27,0.5202809856,-6.643333,5.930139
1998,2,28,0.5399781695999999,-9.416666,3.771741
1998,3,1,0.5600359296,-13.35667,0.0
1998,3,2,0.5600359296,-19.47333,0.0
1998,3,3,0.580392576,-17.68,6.049185
1998,3,4,0.601045632,-14.65333,0.0
1998,3,5,0.601045632,-14.80333,2.572948
1998,3,6,0.601045632,-12.91,0.0
1998,3,7,0.580392576,-16.04,0.0
1998,3,8,0.580392576,-13.94,0.0
1998,3,9,0.580392576,-11.09667,0.0
1998,3,10,0.580392576,-13.30667,0.9849575
1998,3,11,0.5600359296,-9.343333,8.685565
1998,3,12,0.5600359296,-12.10333,1.281026
1998,3,13,0.5600359296,-8.346666,1.635563
1998,3,14,0.5600359296,-7.023333,3.417674
1998,3,15,0.5399781695999999,-1.036666,3.430156
1998,3,16,0.5399781695999999,-1.066667,0.0
1998,3,17,0.5399781695999999,-2.043333,4.273646
1998,3,18,0.5399781695999999,-7.856667,1.882543
1998,3,19,0.5202809856,-9.753332,4.681957
1998,3,20,0.5202809856,-7.403334,0.0
1998,3,21,0.5202809856,-3.216667,0.0
1998,3,22,0.5008258368,-0.3999991,0.0
1998,3,23,0.5008258368,-3.54,0.0
1998,3,24,0.5008258368,-6.626667,1.560684
1998,3,25,0.5008258368,-3.703333,0.0
1998,3,26,0.48167556479999996,-2.77,5.087914
1998,3,27,0.48167556479999996,-2.186667,0.4756042
1998,3,28,0.48167556479999996,-1.546667,0.0
1998,3,29,0.48167556479999996,1.596667,4.025028
1998,3,30,0.46288926719999995,0.9233336,9.15834
1998,3,31,0.46288926719999995,-0.5133333,1.569285
1998,4,1,0.46288926719999995,-5.289999,0.0
1998,4,2,0.48167556479999996,-8.146667,0.0
1998,4,3,0.48167556479999996,-10.76333,0.0
1998,4,4,0.48167556479999996,-9.276667,0.0
1998,4,5,0.5008258368,-7.276667,0.0
1998,4,6,0.5008258368,-6.5,0.0
1998,4,7,0.5008258368,-7.243333,0.0
1998,4,8,0.5202809856,-8.73,2.270386
1998,4,9,0.5202809856,-10.30667,6.013998
1998,4,10,0.5202809856,-9.523334,6.421004
1998,4,11,0.5399781695999999,-8.753334,9.950152
1998,4,12,0.5399781695999999,-8.533333,6.360013
1998,4,13,0.5399781695999999,-9.563334,4.770733
1998,4,14,0.5600359296,-8.716666,2.957248
1998,4,15,0.5600359296,-7.023333,4.713703
1998,4,16,0.5600359296,-5.55,8.573227
1998,4,17,0.580392576,-3.643333,0.0
1998,4,18,0.580392576,-2.91,0.0
1998,4,19,0.580392576,-3.12,0.0
1998,4,20,0.601045632,-2.803333,0.0
1998,4,21,0.601045632,-2.366667,0.0
1998,4,22,0.621929664,1.366667,0.0
1998,4,23,0.6647022720000002,2.983333,0.0
1998,4,24,0.823228992,2.326667,2.809139
1998,4,25,0.918880704,2.75,8.256482
1998,4,26,1.214612928,1.843333,6.577484
1998,4,27,1.298575296,1.616667,0.0
1998,4,28,1.448186112,0.2833333,7.373377
1998,4,29,1.417258368,1.706667,2.15367
1998,4,30,1.610303616,2.016667,0.0
1998,5,1,1.949874624,2.006666,0.0
1998,5,2,2.293748928,0.7500001,0.0
1998,5,3,2.674397952,-0.8633333,0.0
1998,5,4,2.4320949119999993,-0.49,0.0
1998,5,5,2.339189568,0.17,0.0
1998,5,6,2.4320949119999993,-2.593333,0.0
1998,5,7,2.4320949119999993,-2.233333,4.476422
1998,5,8,2.4320949119999993,0.23,0.0
1998,5,9,2.575720512,2.26,0.0
1998,5,10,2.674397952,3.51,0.0
1998,5,11,3.613762944,0.4066666,0.0
1998,5,12,3.376165824,1.436667,0.0
1998,5,13,3.2048064,3.83,0.0
1998,5,14,3.2048064,6.809999,0.0
1998,5,15,3.613762944,8.49,0.0
1998,5,16,4.321885248,8.049999,0.0
1998,5,17,4.600075968,6.77,0.0
1998,5,18,4.671220032,6.25,0.1497583
1998,5,19,4.671220032,2.44,0.2246377
1998,5,20,4.390436159999998,-2.686666,0.0
1998,5,21,3.7988213759999994,-2.83,0.0
1998,5,22,3.318346368,-3.006666,1.854912
1998,5,23,3.039170112,-1.87,3.086326
1998,5,24,2.827020096,0.5133331,0.9605877
1998,5,25,2.624683968,0.47,0.0
1998,5,26,2.479281984,-1.016667,0.4427003
1998,5,27,2.339189568,3.476666,0.0
1998,5,28,2.248746048,5.743333,0.0
1998,5,29,2.575720512,7.589999,0.0
1998,5,30,2.931774336,8.82,0.0
1998,5,31,3.434632704,7.286666,0.0
1998,6,1,3.736407743999999,1.99,2.653742
1998,6,2,3.434632704,1.84,3.316612
1998,6,3,3.376165824,1.64,8.985013
1998,6,4,3.493569024,2.273334,0.0
1998,6,5,3.493569024,0.7433333,0.0
1998,6,6,3.2048064,3.996666,2.540003
1998,6,7,3.26134368,4.28,16.26414
1998,6,8,3.861710784,5.513334,2.394971
1998,6,9,5.50311264,5.213333,1.856872
1998,6,10,5.50311264,6.82,10.78341
1998,6,11,7.24939776,5.586666,0.0
1998,6,12,6.69250368,4.996666,11.57011
1998,6,13,6.337434240000001,0.9200001,2.004926
1998,6,14,5.663816640000001,2.383333,0.0
1998,6,15,4.963580352,7.02,0.0
1998,6,16,4.816078272,5.410001,12.6031
1998,6,17,5.583213504,2.976666,5.074894
1998,6,18,6.164300159999999,1.006667,3.341185
1998,6,19,5.50311264,2.343333,0.0
1998,6,20,5.038527744,6.66,0.0
1998,6,21,4.743292032,10.56333,0.0
1998,6,22,5.190374015999999,6.966667,5.662398
1998,6,23,5.91063552,5.33,3.115057
1998,6,24,5.91063552,7.96,0.0
1998,6,25,5.50311264,9.596666,1.435911
1998,6,26,5.745417408,7.256666,4.472345
1998,6,27,6.337434240000001,6.98,4.158081
1998,6,28,6.337434240000001,6.563333,9.601251
1998,6,29,11.4768864,6.503333,4.156644
1998,6,30,10.361306880000003,6.593333,3.248971
1998,7,1,8.87738688,9.913332,3.918279
1998,7,2,7.73531136,9.096666,0.0
1998,7,3,6.337434240000001,5.16,0.0
1998,7,4,5.663816640000001,6.24,2.942807
1998,7,5,5.345384256,5.423333,1.020871
1998,7,6,4.889582784,3.803333,0.0
1998,7,7,4.321885248,2.876666,4.594889
1998,7,8,3.9898944,9.88,4.313567
1998,7,9,3.67466112,7.69,3.67511
1998,7,10,3.861710784,5.916667,1.068291
1998,7,11,3.613762944,6.849999,3.297212
1998,7,12,3.861710784,8.669999,2.98398
1998,7,13,3.9898944,8.093334,4.182115
1998,7,14,4.390436159999998,5.563334,1.715314
1998,7,15,4.321885248,5.289999,4.733633
1998,7,16,4.254030144,3.78,0.0
1998,7,17,3.861710784,4.38,2.099706
1998,7,18,3.493569024,3.996667,5.525483
1998,7,19,3.7988213759999994,4.73,0.0
1998,7,20,3.553337664,7.563334,0.0
1998,7,21,3.318346368,10.43,10.13063
1998,7,22,3.67466112,10.68333,0.0
1998,7,23,5.583213504,9.726666,2.781252
1998,7,24,5.423757120000001,7.32,11.97927
1998,7,25,4.98407328,4.203333,9.292031
1998,7,26,4.555404287999998,5.95,0.1252024
1998,7,27,4.138766784,7.776667,0.0
1998,7,28,3.73319136,8.93,0.7944038
1998,7,29,3.339777024,7.47,8.580804
1998,7,30,2.958552,7.223333,5.62951
1998,7,31,2.590331904,8.17,2.393668
1998,8,1,2.5712582399999993,8.023334,0.0
1998,8,2,2.552719104,8.400001,0.0
1998,8,3,2.533825152,9.11,3.727069
1998,8,4,2.51531424,6.096666,2.974008
1998,8,5,2.496453696,5.9,0.1788783
1998,8,6,2.47797504,7.113334,4.298042
1998,8,7,2.459151936,6.65,0.0
1998,8,8,2.440852992,5.913333,3.421703
1998,8,9,2.422069632,6.466666,0.0
1998,8,10,2.4038064,7.116667,0.0
1998,8,11,2.385349632,10.61333,0.0
1998,8,12,2.419495488000001,9.873333,6.596393
1998,8,13,2.45395584,5.796667,4.646298
1998,8,14,2.488440384,7.553333,5.959277
1998,8,15,2.523236544,8.099999,8.062819
1998,8,16,2.558049408,5.343333,0.0
1998,8,17,2.593021248,4.32,9.569746
1998,8,18,2.627999424,4.173333,0.0
1998,8,19,2.663129088,4.316667,1.144335
1998,8,20,2.479281984,4.389999,5.752658
1998,8,21,2.248746048,5.066667,0.6530592
1998,8,22,2.0745757439999997,5.053334,0.0
1998,8,23,1.8695364480000003,4.69,0.0
1998,8,24,1.7152300800000002,3.65,4.885073
1998,8,25,1.576799424,2.04,0.0
1998,8,26,1.417258368,2.66,0.0
1998,8,27,1.298575296,3.603333,0.0
1998,8,28,1.160979264,5.813334,0.0
1998,8,29,1.058999616,6.28,0.0
1998,8,30,1.0106496,6.306667,0.0
1998,8,31,0.941226624,6.04,2.237603
1998,9,1,0.918880704,5.63,0.0
1998,9,2,0.871109568,6.123333,0.0
1998,9,3,0.823228992,6.986667,0.0
1998,9,4,0.799777152,7.303334,0.0
1998,9,5,0.753571008,6.326667,0.0
1998,9,6,0.730960704,6.513333,5.024787
1998,9,7,0.708565824,9.096666,0.0
1998,9,8,1.187609472,6.796666,3.339238
1998,9,9,1.187609472,9.053333,6.311301
1998,9,10,1.644341184,8.143333,4.370892
1998,9,11,1.8695364480000003,5.55,6.235379
1998,9,12,2.204318016,5.32,9.599804
1998,9,13,2.724715584,3.156667,17.16274
1998,9,14,3.553337664,7.346667,4.660621
1998,9,15,4.390436159999998,6.32,6.195479
1998,9,16,5.267510784,4.843333,6.038526
1998,9,17,5.267510784,4.973333,0.0
1998,9,18,4.390436159999998,3.006667,1.121766
1998,9,19,3.9898944,4.613333,0.0
1998,9,20,3.493569024,5.38,0.0
1998,9,21,3.093640128,9.223333,0.0
1998,9,22,2.7754848,9.336667,0.0
1998,9,23,2.827020096,8.843334,0.0
1998,9,24,2.575720512,8.573332,0.8482146
1998,9,25,2.479281984,2.086667,4.098432
1998,9,26,2.385349632,-0.1266665,7.389753
1998,9,27,2.248746048,0.3,1.76165
1998,9,28,2.117302272,1.313334,6.732937
1998,9,29,2.032538688,3.406666,3.163113
1998,9,30,2.0745757439999997,2.943333,0.0
1998,10,1,1.949874624,-0.05000019,0.0
1998,10,2,1.8695364480000003,-2.816667,0.0
1998,10,3,1.753032384,-3.593333,0.0
1998,10,4,1.644341184,-2.953333,0.0
1998,10,5,1.54392192,-2.16,0.0
1998,10,6,1.47952224,-1.11,0.0
1998,10,7,1.386830016,-1.356667,0.0
1998,10,8,1.3569863039999996,-0.2666667,0.09151912
1998,10,9,1.298575296,1.766666,4.431536
1998,10,10,1.298575296,-0.1866667,7.184985
1998,10,11,1.54392192,-2.58,0.0
1998,10,12,1.386830016,-1.813333,0.0
1998,10,13,1.298575296,-0.78,0.0
1998,10,14,1.2701750399999996,-0.4333333,4.116023
1998,10,15,1.242160704,-2.196666,3.603436
1998,10,16,1.160979264,-3.266667,0.0
1998,10,17,1.083855168,-6.723333,7.296057
1998,10,18,1.083855168,-4.416667,1.503167
1998,10,19,1.058999616,-6.106667,0.0
1998,10,20,1.0106496,-6.363333,0.0
1998,10,21,0.941226624,-5.563334,3.146449
1998,10,22,0.871109568,-0.8966665,0.8512215
1998,10,23,0.895390272,0.7199998,8.985346
1998,10,24,1.242160704,-1.676667,7.5923
1998,10,25,1.134801216,-1.4,8.1219
1998,10,26,1.242160704,-2.37,7.129553
1998,10,27,1.298575296,-5.523334,6.310844
1998,10,28,1.2701750399999996,-4.84,3.940621
1998,10,29,1.242160704,-3.433333,1.309985
1998,10,30,1.187609472,-3.343333,4.80573
1998,10,31,1.160979264,-5.02,0.0
1998,11,1,1.083855168,-8.05,0.0
1998,11,2,1.058999616,-9.996666,0.0
1998,11,3,0.823228992,-15.37667,0.0
1998,11,4,0.823228992,-16.58333,0.0
1998,11,5,0.823228992,-14.17667,0.0
1998,11,6,0.823228992,-11.7,0.0
1998,11,7,0.847030464,-9.913332,0.0
1998,11,8,0.753571008,-8.656667,0.0
1998,11,9,0.823228992,-7.396667,6.158807
1998,11,10,0.799777152,-6.123333,4.765745
1998,11,11,0.799777152,-7.666667,0.1247983
1998,11,12,0.686457216,-13.74,0.0
1998,11,13,0.64317024,-14.16,0.0
1998,11,14,0.621929664,-14.47667,0.0
1998,11,15,0.601045632,-14.86667,0.0
1998,11,16,0.580392576,-15.5,0.0
1998,11,17,0.5600359296,-12.9,0.0
1998,11,18,0.580392576,-12.09,0.0
1998,11,19,0.6647022720000002,-13.83333,0.0
1998,11,20,0.580392576,-13.38,2.546833
1998,11,21,0.580392576,-4.976667,0.7552871
1998,11,22,0.6647022720000002,-0.2766666,0.8348497
1998,11,23,0.6647022720000002,-1.516666,0.0
1998,11,24,0.5600359296,-4.796667,0.0
1998,11,25,0.5600359296,-5.506666,2.563835
1998,11,26,0.5202809856,-4.963334,0.2003759
1998,11,27,0.5399781695999999,-7.366666,0.0
1998,11,28,0.5202809856,-8.643333,0.0
1998,11,29,0.64317024,-6.503334,0.1708542
1998,11,30,0.621929664,-6.636667,0.0
1998,12,1,0.580392576,-5.58,0.0
1998,12,2,0.6647022720000002,0.9466677,0.0
1998,12,3,0.6647022720000002,-2.803333,1.782383
1998,12,4,0.708565824,-8.743334,0.0
1998,12,5,0.686457216,-15.62667,0.0
1998,12,6,0.621929664,-17.02,0.0
1998,12,7,0.621415296,-15.33,0.0
1998,12,8,0.621029376,-10.65333,0.0
1998,12,9,0.620194176,-7.080001,0.0
1998,12,10,0.619808832,-12.35333,0.0
1998,12,11,0.619423488,-11.29,0.0
1998,12,12,0.6190387199999998,-9.669999,0.0
1998,12,13,0.618204096,-8.516667,0.0
1998,12,14,0.6178193279999998,-6.743333,9.81801
1998,12,15,0.61743456,-2.443333,8.735157
1998,12,16,0.617049792,-1.91,0.0
1998,12,17,0.616216896,2.27,5.146055
1998,12,18,0.615832128,0.4400005,3.399921
1998,12,19,0.615447936,-4.576666,0.2953572
1998,12,20,0.615063744,-6.923333,6.392484
1998,12,21,0.614232,-11.47333,0.0
1998,12,22,0.613847808,-13.39333,0.0
1998,12,23,0.613464192,-9.403334,3.269152
1998,12,24,0.613080576,-9.319999,3.800176
1998,12,25,0.6122499839999999,-5.039999,1.394766
1998,12,26,0.611866368,-7.643334,3.939024
1998,12,27,0.611483328,-6.613333,4.282355
1998,12,28,0.6110363519999998,-6.653333,0.0
1998,12,29,0.610270272,-5.24,0.0
1998,12,30,0.609887232,-4.476666,1.569165
1998,12,31,0.609440832,-2.986666,0.0
1999,1,1,0.621929664,-3.733334,2.808444
1999,1,2,0.64317024,-3.756667,5.548891
1999,1,3,2.91423936,-4.359999,3.027095
1999,1,4,2.674397952,-4.036666,5.202646
1999,1,5,2.59549536,-5.93,1.519231
1999,1,6,2.4466705476923076,-4.13,6.705128
1999,1,7,2.293748928,-7.329999,0.0
1999,1,8,2.1719961425454546,-15.64,0.0
1999,1,9,2.292499488,-14.00667,0.0
1999,1,10,2.267027472,-13.54667,0.0
1999,1,11,2.16142668,-18.07666,0.0
1999,1,12,1.9472263817142856,-21.65667,0.4972348
1999,1,13,1.9309728768000003,-22.32667,0.7515969
1999,1,14,1.8906252649411768,-18.54,1.156723
1999,1,15,1.732490064,-16.40333,7.495965
1999,1,16,1.5952302719999998,-10.32,5.134451
1999,1,17,1.5331242000000003,-4.49,0.0
1999,1,18,1.479597984,-3.886667,3.113716
1999,1,19,1.2608687127272726,-0.6633339,5.272992
1999,1,20,1.1440232013913043,-0.0233345,3.506456
1999,1,21,1.0386984137142856,-0.2266665,0.0
1999,1,22,0.9431648399999999,-4.093333,1.662131
1999,1,23,0.9001523999999999,-3.909999,3.677149
1999,1,24,0.8656496640000002,-4.876666,1.878329
1999,1,25,0.8441015520000001,-5.736666,0.0
1999,1,26,0.8098279405714286,-8.806666,0.9989908
1999,1,27,0.753629664,-15.32333,0.0
1999,1,28,0.6410387011764705,-17.97,0.0
1999,1,29,0.6990339255652173,-12.11667,0.0
1999,1,30,0.735772536,-9.13,5.11056
1999,1,31,0.6886857599999998,2.156668,0.0
1999,2,1,0.7087775759999998,6.989999,0.0
1999,2,2,0.667477368,3.639999,3.598941
1999,2,3,0.6478637885217392,-0.7233343,9.247209
1999,2,4,0.665736792,-3.296667,11.84797
1999,2,5,0.7214388730434782,-7.836667,8.924408
1999,2,6,0.854121399652174,-9.059999,0.0
1999,2,7,1.033216008,-11.52333,0.3203168
1999,2,8,1.096929648,-14.43667,0.0
1999,2,9,1.085950344,-16.55333,0.0
1999,2,10,1.0737585892173915,-15.04333,0.0
1999,2,11,1.0601881658181818,-7.899999,0.0
1999,2,12,1.0066760116363636,-4.896667,0.0
1999,2,13,0.9245535185454546,-4.033333,0.0
1999,2,14,0.8920514253913043,-5.52,1.469325
1999,2,15,0.8700205440000002,-3.546667,8.792327
1999,2,16,0.8651297280000002,-9.773334,1.063019
1999,2,17,0.8531603519999998,-9.533333,0.3078369
1999,2,18,0.8069146685217392,-9.373333,0.0
1999,2,19,0.8151022330434783,-9.819999,4.085124
1999,2,20,0.7966169803636365,-9.04,1.75765
1999,2,21,0.7804688400000002,-10.94,9.890033
1999,2,22,0.7965397851428573,-8.4,3.885993
1999,2,23,0.8621482080000001,-10.55667,0.0
1999,2,24,0.8788661934545455,-11.56667,0.0
1999,2,25,0.832209816,-10.58333,4.412428
1999,2,26,0.8351442959999998,-5.786666,0.0
1999,2,27,1.1758810100869566,-7.616667,3.74544
1999,2,28,1.0654979999999998,-7.096666,5.940352
1999,3,1,1.0067487359999998,-6.38,10.22227
1999,3,2,0.960097736347826,-6.096666,9.690614
1999,3,3,0.889205184,-10.19667,7.581285
1999,3,4,0.858496704,-10.08667,5.302001
1999,3,5,0.8492194734545453,-7.693333,3.160335
1999,3,6,0.844086816,-7.733333,12.16309
1999,3,7,0.859127688,-6.613333,9.271072
1999,3,8,0.854175216,-4.436666,3.719138
1999,3,9,0.8480684639999998,-8.02,0.0
1999,3,10,0.877957896,-18.0,0.0
1999,3,11,0.819309816,-16.33333,0.0
1999,3,12,1.134073282909091,-11.14,0.7307572
1999,3,13,1.0587469614545453,-7.816666,4.14007
1999,3,14,0.8883243752727273,-9.316667,0.0
1999,3,15,0.833360592,-9.923333,2.445776
1999,3,16,0.8521267679999999,-5.016666,7.682908
1999,3,17,0.7829778866086957,-2.883333,0.0
1999,3,18,0.7095347279999998,-2.9,5.953169
1999,3,19,0.6895363287272728,-4.259999,0.0
1999,3,20,0.741229272,-7.996667,2.374412
1999,3,21,0.6827581701818182,-10.33667,4.956927
1999,3,22,0.653258976,-9.233332,0.0
1999,3,23,0.5986552765090908,-9.586666,0.0
1999,3,24,0.5959892927999999,-6.62,3.536299
1999,3,25,0.5634908688,-4.213333,2.131627
1999,3,26,0.5575437335999999,-3.823334,8.097724
1999,3,27,0.5758334312727273,-2.386667,0.0
1999,3,28,0.5688180628363636,-4.72,0.5382183
1999,3,29,0.5916867936000001,-1.283334,0.0
1999,3,30,0.7379319796363637,1.33,0.0
1999,3,31,0.8231267232000001,0.1499996,0.0
1999,4,1,0.706229952,1.31,0.8719274
1999,4,2,0.6593378400000002,1.586666,0.0
1999,4,3,0.745471656,-0.08666706,0.0
1999,4,4,0.8365336080000002,-3.37,0.0
1999,4,5,0.721116288,-2.123333,0.5005373
1999,4,6,0.649511136,1.066667,9.612496
1999,4,7,0.8703090720000002,0.0666666,2.501531
1999,4,8,1.0063962,-1.14,1.348456
1999,4,9,1.130924064,2.426667,7.59493
1999,4,10,2.0254110239999994,0.9066668,1.577444
1999,4,11,8.123868239999998,-3.033334,0.8308114
1999,4,12,4.18396824,-6.386667,5.498755
1999,4,13,1.9569035781818183,-6.996667,10.8308
1999,4,14,1.1412631679999996,-4.876666,6.560967
1999,4,15,0.9878948160000002,-5.846666,0.0
1999,4,16,0.913918392,-6.003333,0.4848357
1999,4,17,0.8291759177142857,-5.373333,0.0
1999,4,18,0.75097164,-5.396667,0.0
1999,4,19,0.6884479919999998,-2.643333,0.0
1999,4,20,0.6489331199999998,-2.656667,1.064252
1999,4,21,0.636165624,-0.7233332,1.518853
1999,4,22,0.6673061926956522,0.06666684,0.0
1999,4,23,0.740229144,1.6,0.0
1999,4,24,0.8217513120000002,1.266667,0.0
1999,4,25,0.9358944,2.06,0.0
1999,4,26,1.130678808,2.39,0.0
1999,4,27,1.3751800800000002,2.75,0.0
1999,4,28,1.8384945307826086,1.636667,0.0
1999,4,29,1.947215232,-2.826667,0.1913581
1999,4,30,1.697865382956522,-2.456667,0.0
1999,5,1,1.4606282094545453,-4.58,0.0
1999,5,2,1.3002264959999996,-3.716667,0.0
1999,5,3,1.2364522935652176,-3.386667,0.0
1999,5,4,1.214034576,-1.456667,0.0
1999,5,5,1.256678472,-0.3366666,0.0
1999,5,6,1.3704931679999997,1.223333,0.0
1999,5,7,1.586949576,1.4,0.0
1999,5,8,1.771137504,-1.876667,0.8059582
1999,5,9,1.7711455805217393,-3.833333,0.0
1999,5,10,1.5182085360000004,-5.136667,0.0
1999,5,11,1.3241389352727273,-5.046666,0.0
1999,5,12,1.2172902480000003,-4.623334,1.07696
1999,5,13,1.1244198370909093,-4.64,0.0
1999,5,14,1.0520014079999997,-3.306667,0.0
1999,5,15,1.0068065279999998,-1.81,0.0
1999,5,16,1.053964992,-0.8566666,0.0
1999,5,17,1.0695301003636366,1.3,0.0
1999,5,18,1.3438332,5.403333,0.0
1999,5,19,2.030555695304348,7.333333,0.0
1999,5,20,2.806366088347825,8.996666,0.0
1999,5,21,4.29730356,6.986667,4.544247
1999,5,22,6.50185128,1.17,1.286326
1999,5,23,5.35991686690909,1.22,0.4130973
1999,5,24,4.264130952,1.903333,1.824022
1999,5,25,3.7101406080000006,1.56,0.0
1999,5,26,3.3966124887272735,0.6233335,3.238825
1999,5,27,3.1045101643636372,2.69,0.0
1999,5,28,3.151585848,4.343333,9.018688
1999,5,29,4.128123888000001,3.726666,0.0
1999,5,30,4.282856808000001,1.516666,0.0
1999,5,31,3.9456523008000004,2.296667,0.0
1999,6,1,3.8072880719999986,4.253333,0.0
1999,6,2,4.598848776,5.31,0.0
1999,6,3,5.126395166608697,3.913333,6.17182
1999,6,4,5.841109099636364,6.106667,2.123191
1999,6,5,6.24577704,3.406667,9.453393
1999,6,6,6.31563264,4.136666,1.281617
1999,6,7,5.880228264,3.96,3.60424
1999,6,8,5.685772800000001,5.723334,0.14235
1999,6,9,5.7100878,5.539999,14.98987
1999,6,10,8.55062688,5.52,0.0
1999,6,11,7.3711944,6.623333,0.0
1999,6,12,6.84164352,8.166667,9.551356
1999,6,13,8.15373624,7.45,13.78504
1999,6,14,9.54252168,8.04,0.0
1999,6,15,8.81464944,7.389999,0.0
1999,6,16,8.360248820869565,6.27,0.0
1999,6,17,7.883048400000002,5.746666,0.0
1999,6,18,7.12279656,3.006667,0.0
1999,6,19,6.4081824,5.603333,6.235816
1999,6,20,6.400871519999999,6.43,6.78568
1999,6,21,7.37403792,1.116667,5.60203
1999,6,22,7.0621128,3.746667,0.0
1999,6,23,5.885241277090908,5.26,0.0
1999,6,24,4.878349152,5.86,0.0
1999,6,25,4.302255092869566,8.469999,0.0
1999,6,26,4.118082360000001,6.846666,6.40603
1999,6,27,5.1795842159999985,4.573333,4.96291
1999,6,28,6.161436816,8.179999,18.11688
1999,6,29,14.32289088,7.466666,2.58434
1999,6,30,13.376065920000002,7.433333,2.775442
1999,7,1,11.604949265454547,6.489999,1.394941
1999,7,2,9.12317904,6.806666,0.0
1999,7,3,7.37229504,6.063334,0.0
1999,7,4,6.248400144,7.573333,2.08732
1999,7,5,5.5652616240000015,9.15,2.165043
1999,7,6,5.306676726857142,7.613333,0.0
1999,7,7,5.178174383999998,5.856666,0.0
1999,7,8,4.955481336,8.113333,0.0
1999,7,9,4.629880396800001,14.04,0.0
1999,7,10,4.642275264000001,14.72,0.0
1999,7,11,5.1244847999999985,11.66667,0.0
1999,7,12,5.4351156,12.61666,0.0
1999,7,13,5.681030007272727,14.46,0.0
1999,7,14,5.42162832,9.716666,21.92949
1999,7,15,6.69794136,6.59,4.223472
1999,7,16,6.294341175652173,5.843333,3.616869
1999,7,17,5.706990484363637,8.063334,1.135843
1999,7,18,5.007273384,8.690001,3.551156
1999,7,19,4.46125056,7.89,0.4731045
1999,7,20,4.649223672,8.936666,13.70959
1999,7,21,5.809661400000001,9.246667,9.386501
1999,7,22,7.390717440000001,7.309999,2.694646
1999,7,23,7.005172257391306,4.043334,2.2102
1999,7,24,5.9633910719999985,7.273334,0.5552468
1999,7,25,5.001142656,4.9,1.488504
1999,7,26,4.358206391999999,5.35,0.0
1999,7,27,3.650831832,8.406667,0.0
1999,7,28,3.085625016,11.01,0.0
1999,7,29,2.778677544,11.64667,0.0
1999,7,30,2.578176497454545,12.54333,0.0
1999,7,31,2.463601992,12.35333,0.0
1999,8,1,2.3835666240000006,12.52667,0.0
1999,8,2,2.30748588,12.85667,0.0
1999,8,3,2.233936704,13.01667,0.0
1999,8,4,2.2611439767272725,12.31667,0.0
1999,8,5,2.21912736,12.08,0.0
1999,8,6,2.233960656,8.526667,0.0
1999,8,7,2.220473664,7.463333,4.700414
1999,8,8,2.18792124,8.926666,6.910814
1999,8,9,2.382170088,5.826666,7.998069
1999,8,10,2.620785192,6.420001,0.7688138
1999,8,11,2.598211992,3.813333,0.0
1999,8,12,2.541490992000001,4.343333,0.0
1999,8,13,2.428132948363636,4.59,0.0
1999,8,14,2.2700454,5.556666,0.0209341
1999,8,15,2.108880528,7.219999,0.0
1999,8,16,1.9812946800000004,6.85,0.0
1999,8,17,1.8417889440000004,7.263333,0.0
1999,8,18,1.717390656,6.563334,0.2083881
1999,8,19,1.6265627794285717,5.906667,0.0
1999,8,20,1.544070504,5.516666,0.0
1999,8,21,1.4701819968000003,3.916667,0.0
1999,8,23,1.3296428022857145,5.303333,0.0
1999,8,24,1.279729608,6.696667,0.0
1999,8,25,1.219294944,7.519999,0.0
1999,8,26,1.166542776,6.913333,5.78791
1999,8,27,1.212732,9.513332,3.239092
1999,8,28,1.2434764974545456,8.496667,0.0
1999,8,29,1.2962592261818184,10.44667,0.8552479
1999,8,30,1.375891824,8.246667,0.0
1999,8,31,1.4749430111999997,4.653333,0.0
1999,9,1,1.5276931200000003,4.406667,3.286783
1999,9,2,1.5738130011428573,11.06,0.0
1999,9,3,1.7167231471304347,12.39,0.0
1999,9,4,2.242183776,9.280001,0.0
1999,9,5,2.739522064695652,9.796667,0.0
1999,9,6,2.9430785759999996,9.973333,0.0
1999,9,7,2.831595864,9.543333,7.631321
1999,9,8,2.8002254274782605,5.68,0.0
1999,9,9,2.7387888872727273,6.316667,1.865957
1999,9,10,2.5605067287272725,4.61,0.0
1999,9,11,2.360938776,7.236667,0.0
1999,9,12,2.144951184,8.996666,0.0
1999,9,13,2.027373216,9.086666,0.0
1999,9,14,2.0908535327999997,6.686666,6.003825
1999,9,15,2.177008128,7.24,1.489898
1999,9,16,2.193386832,7.793334,1.302765
1999,9,17,2.177066736,5.683333,19.51224
1999,9,18,2.9957903519999993,6.33,2.251451
1999,9,19,3.13830492,5.396667,2.362254
1999,9,20,3.51729012,5.236667,0.0
1999,9,21,3.634141152,7.003333,2.310051
1999,9,22,3.518720448,5.216666,4.295372
1999,9,23,3.8412698399999994,5.863333,0.0
1999,9,24,3.8069525759999987,6.089999,2.049895
1999,9,25,3.57634956,6.133334,9.527052
1999,9,26,4.1622678,5.15,6.125723
1999,9,27,3.8937226176,4.673333,4.236682
1999,9,28,3.815563567304348,4.483334,6.993252
1999,9,29,3.8344518981818188,2.893333,0.0
1999,9,30,3.387816216,2.256667,1.628999
1999,10,1,2.9420563764705876,2.426667,11.19159
1999,10,2,3.259781352,-0.6333333,7.138473
1999,10,3,3.1824163199999993,-0.4966666,3.864065
1999,10,4,2.95508052,0.4866666,0.0
1999,10,5,2.6566771680000008,-1.283333,0.0
1999,10,6,2.3820138907826087,-1.276667,0.0
1999,10,7,2.1609291167999998,-1.453333,0.7974242
1999,10,8,2.025914136,-1.6,0.0
1999,10,9,1.871788207304348,-3.196666,0.0
1999,10,10,1.7093450356363638,-1.473333,2.142325
1999,10,11,1.6376410560000003,-1.14,2.663216
1999,10,12,1.546010016,-0.93,0.0
1999,10,13,1.442160192,-1.116667,0.0
1999,10,14,1.379663016,0.2733333,0.0
1999,10,15,1.3035637440000003,0.4499999,0.0
1999,10,16,1.231144248,-1.826667,0.0
1999,10,17,1.199147976,-2.133333,0.0
1999,10,18,1.157491741090909,-0.1233333,0.0
1999,10,19,1.093668336,-1.956666,0.0
1999,10,20,1.037189424,-2.89,0.0
1999,10,21,0.9894068879999999,-4.62,0.0
1999,10,22,0.9766018079999998,-3.626667,3.570292
1999,10,23,0.9651532395789473,-1.61,4.742151
1999,10,24,0.9668041919999999,-0.3866667,0.6852108
1999,10,25,0.9451713725217392,-0.22,1.837173
1999,10,26,0.937502304,-0.6733334,0.0
1999,10,27,0.92246196,-2.406667,4.246352
1999,10,28,0.9051779519999998,-0.6399999,0.8457264
1999,10,29,0.8896306785882354,0.4600005,0.0
1999,10,30,0.8763967471304347,2.863333,2.570963
1999,10,31,0.896323392,2.143333,1.873781
1999,11,1,0.9412826880000001,2.386667,4.759113
1999,11,2,1.0259692560000002,0.2099998,0.6238283
1999,11,3,0.9863628000000002,-0.8766663,0.0
1999,11,4,0.971649624,2.460001,0.0
1999,11,5,0.993962568,1.820001,1.398645
1999,11,6,0.9764550719999998,-0.7533333,1.429224
1999,11,7,0.9601285440000001,-0.9099996,0.1247988
1999,11,8,0.942213768,-1.01,0.0
1999,11,9,0.9337583280000001,-2.836666,0.0
1999,11,10,0.857244888,-2.063333,0.0
1999,11,11,0.9488574720000001,3.653333,0.2287972
1999,11,12,0.9900848639999998,3.08,0.0
1999,11,13,0.9833894879999998,1.059999,0.0
1999,11,14,0.859857624,-5.526667,0.0
1999,11,15,0.749275008,-6.49,0.0
1999,11,16,0.804686184,-7.78,0.0
1999,11,17,0.736401,-9.643333,5.211263
1999,11,18,0.817395168,-8.009999,0.55918
1999,11,19,0.7164111120000002,-11.27667,0.0
1999,11,20,0.763271616,-5.43,0.1747448
1999,11,21,0.859141488,-0.4666667,1.364977
1999,11,22,0.8203935119999999,-2.616667,9.875474
1999,11,23,0.7593555599999998,-4.526667,0.8339251
1999,11,24,0.7767774720000001,-0.1633334,5.35713
1999,11,25,0.790429248,-2.386666,3.614695
1999,11,26,0.741270768,-1.54,3.397829
1999,11,27,0.7566908639999999,-2.65,4.521781
1999,11,28,0.707282976,-2.030001,22.13778
1999,11,29,0.809696808,-4.706667,4.911585
1999,11,30,0.809263536,-4.576667,16.54402
2000,1,27,1.8994122720000006,-6.239999,4.01036
2000,1,28,1.902949992,-9.386666,4.964509
2000,1,29,2.0243087711999994,-5.866666,7.128453
2000,1,30,1.8695364480000003,-11.79333,3.29748
2000,2,1,3.2052983040000007,-11.90333,7.47464
2000,2,2,3.2133132617142857,-9.306666,1.582299
2000,2,3,4.070285025882353,-8.070001,5.888085
2000,2,4,3.80030628,-2.73,4.593897
2000,2,5,3.3568926720000007,-1.343333,0.9101304
2000,2,15,0.892844112,-9.13,0.0
2000,2,16,0.960208512,-12.56333,0.0
2000,2,17,2.146181592,-13.86,0.0
2000,2,18,3.2143319519999993,-14.07333,0.0
2000,2,19,4.042059104,-14.78667,0.0
2000,2,21,3.436589771999999,-13.97333,0.3126684
2000,2,22,2.661453744,-9.903333,0.0
2000,2,23,2.1383701680000002,-9.416667,5.352325
2000,2,24,1.353462096,-5.946668,1.496118
2000,2,25,1.167267336,-8.723333,0.0
2000,2,26,1.109155392,-4.92,0.0
2000,2,27,0.848908152,-2.17,8.116742
2000,2,28,0.767960544,-4.489999,2.111381
2000,2,29,0.7528351199999999,-4.823333,0.9517977
2000,3,1,0.7043546605714286,-7.886667,2.515958
2000,3,2,0.698432712,-10.48333,11.61429
2000,3,3,0.7002898319999998,-11.6,3.39379
2000,3,4,0.7104439919999999,-10.86,3.855292
2000,3,5,0.686707152,-9.416666,4.178678
2000,3,6,0.69119964,-4.429999,5.690073
2000,3,7,0.70123488,-5.776667,1.852337
2000,3,8,0.681924936,-9.29,4.113278
2000,3,9,0.683737848,-8.77,0.4540945
2000,3,10,0.675613056,-10.3,0.7900541
2000,3,11,0.667430928,-9.483333,0.0
2000,3,12,0.64497672,-7.703333,0.0
2000,3,13,0.648577536,-2.373333,2.491803
2000,3,14,0.64229736,-8.776667,4.416737
2000,3,15,0.62636964,-9.526667,1.66487
2000,3,16,0.6210743520000002,-7.526667,10.24612
2000,3,17,0.6325918080000001,-3.066667,0.0
2000,3,18,0.6343321440000002,-3.54,0.0
2000,3,19,0.618478704,-0.809999,0.0
2000,3,20,0.7165143599999998,-0.6300006,1.159313
2000,3,21,0.723768864,-4.92,1.110682
2000,3,22,0.655118736,-7.036666,0.3543752
2000,3,23,0.6356601600000001,-9.48,0.0
2000,3,24,0.602352036,-8.353333,0.0
2000,3,25,0.615027468,-7.036667,2.32633
2000,3,26,0.6165631972173913,-6.883334,5.379392
2000,3,27,0.5933007359999999,-7.930001,0.0
2000,3,28,0.5788412063999999,-7.213333,0.0
2000,3,29,0.6098356080000001,1.696666,0.0
2000,3,30,0.6404638799999999,1.673334,0.0
2000,3,31,0.6259495583999999,-2.84,0.0
2000,4,1,0.5951447588571429,-7.226666,5.030344
2000,4,3,0.5363300195999999,-10.41,5.59273
2000,4,4,0.5326168344,-11.67667,0.5048988
2000,4,5,0.5150537495999999,-10.29333,3.03217
2000,4,6,0.5488705272000001,-5.453333,0.0
2000,4,7,0.48668123280000003,-1.793333,0.0
2000,4,8,0.4899714096000001,-1.853333,0.0
2000,4,9,0.4952679816000001,-1.403333,0.0
2000,4,10,0.55037712,-1.473333,0.0
2000,4,11,0.45363747960000006,-2.72,0.0
2000,4,12,0.45825552,-2.536667,0.7294581
2000,4,13,0.433798224,-4.086667,3.660364
2000,4,14,0.4407212783999999,-2.253333,4.414681
2000,4,15,0.4583443056,-3.42,0.08707637
2000,4,16,0.42625695120000007,-5.21,4.497158
2000,4,17,0.44767905119999996,-2.53,6.597183
2000,4,18,0.5162571048,-0.9666669,1.551934
2000,4,19,0.5730474456000001,0.3266668,0.0
2000,4,20,0.769483752,2.013333,1.374876
2000,4,21,1.172842896,2.403333,7.064148
2000,4,22,1.1660031071999999,1.77,6.272558
2000,4,23,1.623441696,1.93,0.0
2000,4,24,1.7042865024000002,0.4533333,0.0
2000,4,25,1.373006808,-0.1900001,0.0
2000,4,26,1.4174399650909093,-1.96,5.508885
2000,4,27,1.3571698011428572,-0.6166667,3.99772
2000,4,28,1.4114057206153845,2.6,0.0
2000,4,29,1.9128024239999997,6.326666,0.0
2000,4,30,3.177428208,7.003334,0.1085085
2000,5,1,5.177735904,5.206667,0.0
2000,5,2,5.909022912,3.773334,3.859849
2000,5,3,6.2330856,1.45,0.0
2000,5,4,5.995366272000001,2.85,0.0
2000,5,5,5.3194196640000015,4.626667,0.0
2000,5,6,4.8402648,5.34,0.0
2000,5,7,4.81399104,5.733333,0.0
2000,5,8,5.106522744,6.763333,0.0
2000,5,9,5.946064632,7.613334,0.0
2000,5,10,6.59624688,4.993333,0.0
2000,5,11,6.131643614608696,0.18,0.0
2000,5,12,5.337460391999999,3.58,0.0
2000,5,13,5.641829328,8.336667,0.0
2000,5,14,5.867220000000001,9.696667,0.0
2000,5,15,6.20516256,9.57,0.0
2000,5,16,6.39412656,9.889999,0.0
2000,5,17,8.05873944,7.566666,6.263704
2000,5,18,11.63959104,3.223333,1.909716
2000,5,19,9.902389919999997,1.816667,4.73371
2000,5,20,8.77579584,2.066667,0.0
2000,5,21,7.13090592,3.02,0.0
2000,5,22,6.092112912,4.116667,0.2867546
2000,5,23,5.055175704,3.356667,2.810131
2000,5,24,4.827487008,2.946666,2.481576
2000,5,25,4.645836888000002,1.86,0.0
2000,5,26,3.9733847520000007,2.9,0.0
2000,5,27,3.56634804,0.3900001,7.687691
2000,5,28,3.775562784,1.963333,1.159972
2000,5,29,3.8023990800000007,1.13,8.19194
2000,5,30,3.641358839999999,0.946666,0.0
2000,5,31,3.190103976,0.3833332,0.0
2000,6,1,2.8518246,0.8533328,4.712883
2000,6,2,2.74171392,2.29,1.185642
2000,6,3,2.674397952,-0.9933338,0.5912128
2000,6,5,2.248961616,2.81,0.0
2000,6,6,2.16260676,2.956666,0.0
2000,6,7,2.0782224719999998,4.223333,0.0
2000,6,8,2.0624011199999996,3.563334,0.0
2000,6,9,2.0764422,6.623333,0.0
2000,6,10,2.46782928,7.386666,4.298726
2000,6,11,3.910877784,4.45,0.0
2000,6,12,4.11348984,3.24,7.103007
2000,6,13,4.397420448,3.82,6.614161
2000,6,14,4.87443192,2.06,0.9971155
2000,6,15,4.66130808,0.9999995,0.5041485
2000,6,16,4.117251240000001,1.01,0.0
2000,6,17,3.5684325120000007,2.49,1.305356
2000,6,18,3.17307108,5.646667,0.0
2000,6,19,3.220108512,7.776667,4.204885
2000,6,20,4.889829312,8.37,0.0
2000,6,21,5.62364064,10.25333,11.88643
2000,6,22,7.3511054682352945,8.77,9.84179
2000,6,23,8.570984832,5.593333,3.883252
2000,6,24,8.225757599999998,5.366667,6.699426
2000,6,25,7.688633999999999,4.466666,3.50522
2000,6,26,6.80041416,2.71,3.878892
2000,6,27,6.118156632,1.146667,6.518992
2000,6,28,5.277618912,3.123333,1.178314
2000,6,29,4.6109244,6.78,6.908079
2000,6,30,4.7858761152,10.83667,4.129212
2000,7,1,8.215759606153846,11.53,10.62675
2000,7,2,10.08415542857143,10.38667,5.328451
2000,7,3,9.934705772307689,10.19333,3.976591
2000,7,4,10.218684720000002,8.65,8.082048
2000,7,5,9.47657088,8.076666,5.131762
2000,7,6,8.6570112,7.126666,12.38189
2000,7,7,8.66223936,2.999999,0.0
2000,7,8,6.812884291764705,1.676667,0.0
2000,7,9,5.887628472,3.513334,0.0
2000,7,10,4.966468224,4.183333,6.188352
2000,7,11,5.381548680000002,5.25,5.126705
2000,7,12,6.51237024,6.319999,4.451503
2000,7,13,6.090870792,6.93,2.379173
2000,7,14,5.640911400000001,4.473333,2.364011
2000,7,15,5.16512838678261,6.596666,0.0
2000,7,16,4.7409024,8.353333,0.0
2000,7,17,4.591396128000001,9.903334,0.0
2000,7,18,4.704722232000001,10.31333,0.0
2000,7,19,4.734342552,9.509999,0.0
2000,7,20,4.70739288,8.77,0.0
2000,7,21,4.62407004,10.09333,0.0
2000,7,22,4.422497399999998,11.52667,0.0
2000,7,23,4.226340144,11.43333,0.0
2000,7,24,4.288635287999999,10.65333,3.199533
2000,7,25,6.390013896,10.46,3.813355
2000,7,26,7.95462624,10.7,0.0
2000,7,27,7.578844504615383,11.06,0.0
2000,7,28,6.769365120000002,10.71333,0.0
2000,7,29,6.11733952,11.87,0.0
2000,7,30,5.039284428,11.82667,1.304517
2000,7,31,4.78710372,8.77,2.885198
2000,8,1,4.576959527999999,8.576667,3.197921
2000,8,2,4.550978736,8.030001,4.454309
2000,8,3,4.339504775999998,8.733333,4.559586
2000,8,4,4.268992848,9.426667,0.0
2000,8,5,3.455394432,9.043333,0.5355179
2000,8,6,3.186279048,6.81,3.368049
2000,8,7,3.300108696,3.676667,1.042219
2000,8,8,3.1593432,3.453333,0.0
2000,8,9,2.837045952,5.813333,0.0
2000,8,10,2.504867448,8.513333,2.255517
2000,8,11,2.325604248,8.923333,0.5027354
2000,8,12,2.230674792,7.59,0.0
2000,8,13,2.079991848,10.05667,0.0
2000,8,14,2.0588706,10.44,9.59097
2000,8,15,2.598170256000001,9.026666,1.327216
2000,8,16,2.7481432320000008,6.213333,3.457232
2000,8,17,2.9676312,4.956666,5.362763
2000,8,18,3.162078048,5.233334,0.1539183
2000,8,19,2.93700756,5.533333,7.033922
2000,8,20,2.9395365360000008,4.276666,7.089102
2000,8,21,3.0013668480000004,4.65,4.919325
2000,8,22,2.892743352,4.210001,0.0
2000,8,23,2.664511776,2.883334,3.443234
2000,8,24,2.5374107040000005,4.803333,0.286499
2000,8,25,2.332405896,7.426666,0.0
2000,8,26,2.12850804,9.783333,0.0
2000,8,27,1.9722738719999997,9.23,0.0
2000,8,28,1.8515696880000003,8.523334,0.0
2000,8,29,1.814164464,6.81,12.19412
2000,8,30,2.439965472,6.543334,4.290314
2000,8,31,2.7125526240000006,6.473333,1.624209
2000,9,1,2.808497472,6.14,5.900254
2000,9,2,2.750227872000001,3.933333,0.0
2000,9,4,2.314073344,2.66,0.0
2000,9,5,2.161014912,3.316667,0.0
2000,9,6,1.986041064,4.04,5.061197
2000,9,7,2.009181456,5.433333,4.384195
2000,9,8,2.750586072,4.313333,4.860025
2000,9,9,2.906707536,3.173334,0.0
2000,9,10,3.4863580439999993,2.963333,0.0
2000,9,11,3.316931832,1.53,0.0
2000,9,12,2.9707052640000007,0.6433337,0.0
2000,9,13,2.648183904,1.55,0.0
2000,9,14,2.370872472,2.336667,0.0
2000,9,15,2.1162615840000005,2.803333,1.151586
2000,9,16,1.91977356,4.533333,3.517931
2000,9,17,1.758363408,5.47,1.930233
2000,9,18,1.72676292,4.043333,1.657423
2000,9,19,1.8356205469090914,3.413333,0.0
2000,9,20,1.8695785535999998,4.236667,0.0
2000,9,21,1.8581483040000004,3.92,0.0
2000,9,22,1.8204998160000003,3.81,1.319056
2000,9,23,1.749934176,5.323333,0.0
2000,9,24,1.6892158628571428,7.11,0.0
2000,9,25,1.5729683463529411,6.47,0.0
2000,9,26,1.527028190608696,5.686666,0.0
2000,9,27,1.478241816,2.306667,3.809733
2000,9,28,1.498759944,4.39,7.568644
2000,9,29,2.196358224,7.393333,3.088798
2000,9,30,2.692803816,9.343334,0.0
2000,10,1,3.55945056,6.343333,0.0
2000,10,2,3.780712632,4.676666,4.744539
2000,10,3,3.561518424,5.456666,0.0
2000,10,4,3.1894006800000008,5.57,0.0
2000,10,5,2.8909123200000004,5.126667,0.0
2000,10,6,2.639835048,3.606667,0.09181499
2000,10,7,2.44996176,5.996666,3.888394
2000,10,8,2.3545762560000005,2.32,0.9936673
2000,10,9,2.24529576,0.6266667,17.60948
2000,10,10,2.585210856,0.2433334,15.69636
2000,10,11,3.023876832,-0.2366667,15.60514
2000,10,12,3.751026624,1.663333,3.356298
2000,10,13,3.8608735679999993,-0.42,0.0
2000,10,14,3.3537171359999993,2.333333,0.0
2000,10,15,3.012995616,3.166667,0.0
2000,10,16,2.844741672,3.953333,5.564293
2000,10,17,3.888107376,5.039999,3.860965
2000,10,18,4.437110232,3.333333,0.0
2000,10,19,4.636552032,1.996667,7.319499
2000,10,20,4.884492048000001,-0.8833333,2.439438
2000,10,21,4.699240824,1.81,14.73367
2000,10,22,5.307163103999999,0.52,0.0
2000,10,23,4.619213592,0.1566663,4.763422
2000,10,24,4.330789248,0.6966667,3.427334
2000,10,25,3.9038608560000005,-0.9466668,0.0
2000,10,26,3.4286443920000007,-1.583333,0.1381639
2000,10,27,3.0401588399999993,-2.89,3.232637
2000,10,28,2.7277678079999994,-2.83,8.874126
2000,10,29,2.5434470674285716,-4.023333,8.820454
2000,10,30,2.477548632,-4.313334,14.35922
2000,10,31,2.475582504,-1.713333,3.395452
2000,11,1,2.409028056000001,-1.563334,5.0927
2000,11,2,2.322498696,-3.816667,1.377471
2000,11,3,2.186157984,-3.113333,6.554979
2000,11,4,2.164291224,-2.153333,0.0
2000,11,5,2.0509614219130436,-3.61,0.6849308
2000,11,6,1.9170920290909093,-4.146667,0.0
2000,11,7,1.797806376,-4.183333,12.63612
2000,11,8,1.861515744,-2.486666,5.016344
2000,11,9,1.810831488,-1.773333,0.08362865
2000,11,10,1.7157179858823532,-2.406667,0.0
2000,11,11,1.617791415652174,-2.943334,2.938368
2000,11,12,1.592665392,-0.7033329,11.98489
2000,11,13,1.8716993759999996,-3.343333,3.146995
2000,11,14,1.71794844,-4.5,0.0
2000,11,15,1.508074992,-8.706667,0.0
2000,11,16,1.48660116,-5.25,2.452993
2000,11,17,1.4982623040000003,-2.85,7.923122
2000,11,18,1.463854176,-4.726666,9.664292
2000,11,19,1.446914472,-5.116666,6.026047
2000,11,20,1.448203128,-2.873333,4.721432
2000,11,21,1.45993716,-3.523333,12.73306
2000,11,22,1.48617684,-6.099999,8.630247
2000,11,23,1.495565256,-3.286667,5.358428
2000,11,24,1.4930573279999997,-1.773334,8.111973
2000,11,25,1.534620552,-3.56,2.302299
2000,11,26,1.453519128,-2.99,2.297089
2000,11,27,1.3957945680000003,-1.586666,0.0
2000,11,28,1.30543884,-4.696667,0.897679
2000,11,29,1.29938724,-2.003334,6.373914
2000,11,30,1.2976636799999997,-0.9133344,0.7563325
2000,12,1,1.2423389039999997,-1.846666,3.356042
2000,12,2,1.190081952,0.08333397,0.0
2000,12,3,1.162220736,-0.2266665,0.0
2000,12,4,1.122055632,-2.656667,1.671337
2000,12,5,1.109176992,1.533333,1.415272
2000,12,6,1.302485448,2.163334,0.658241
2000,12,7,1.449779304,-0.6433334,2.408525
2000,12,8,1.3861703279999997,-3.766666,3.080636
2000,12,9,1.365764688,-2.973334,2.350191
2000,12,10,1.319194872,-2.283333,2.17951
2000,12,11,1.27856976,-3.07,1.449823
2000,12,12,1.208320248,-3.333333,10.5588
2000,12,13,1.2483642479999997,-1.883334,4.909447
2000,12,14,1.2368735280000003,-4.646667,3.87703
2000,12,15,1.182616848,-4.99,0.0
2000,12,16,1.101932712,-6.88,0.0
2000,12,17,0.9921587039999998,-9.76,0.0
2000,12,18,0.9049195659130435,-11.9,0.0
2000,12,19,0.888632088,-14.62333,0.0
2000,12,20,0.8352203328000001,-14.01333,0.0
2000,12,21,0.886732248,-9.26,0.545682
2000,12,22,1.0076857293913044,-7.053333,0.0
2000,12,23,1.0418179199999997,-7.993333,0.0
2000,12,24,0.9803501279999999,-8.653333,0.0
2000,12,25,1.022742336,-10.05,0.0
2000,12,26,1.156709928,-11.65667,3.550594
2000,12,27,1.172557615304348,-12.44667,0.0
2000,12,28,1.2339016904347826,-14.98333,0.0
2000,12,29,0.9971564708571431,-15.57667,0.0
2000,12,30,0.877204944,-16.40333,0.0
2000,12,31,0.831162816,-17.72333,0.0
2003,1,31,0.37359606770526316,-17.09333,0.993371
2003,2,1,0.457917156,-11.87333,0.5641436
2003,2,2,0.5036922514285713,-8.28,5.901078
2003,2,5,0.5216296607999998,-14.96333,0.0
2003,2,6,0.47163366,-12.92,1.721901
2003,2,7,0.47096888639999995,-9.286666,0.0
2003,2,8,0.48742064639999994,-4.05,0.0
2003,2,9,0.47772055477894737,-1.443333,2.34124
2003,2,10,0.48805898880000004,-2.726666,0.2295488
2003,2,11,0.50329584,-3.303332,0.0
2003,2,12,0.5073590808,-5.28,0.0
2003,2,13,0.4526028763826087,-7.936666,0.0
2003,2,14,0.3960874512,-8.839999,0.0
2003,2,15,0.4004219976000001,-10.26333,0.0
2003,2,16,0.4026297648,-8.266667,0.0
2003,2,17,0.42245689919999996,-6.213333,0.0
2003,2,18,0.41797324560000004,-4.009999,0.0
2003,2,19,0.4276494143999999,-2.593334,0.0
2003,2,20,0.41526223638260873,-2.566666,0.0
2003,2,21,0.4082753088,-4.883333,0.0
2003,2,22,0.39388000058181827,-7.253333,0.0
2003,2,23,0.381667765147826,-6.06,0.0
2003,2,24,0.3703323613090909,-6.690001,0.0
2003,2,25,0.3649542048,-5.126666,0.0
2003,2,26,0.38492256,-6.75,0.0
2003,2,27,0.37418910636521735,-6.556666,0.0
2003,2,28,0.3468015216,-7.533333,0.0
2003,3,1,0.329978592,-11.61667,0.0
2003,3,2,0.32096112239999997,-10.34,0.0
2003,3,3,0.3365026344,-10.19,0.0
2003,3,4,0.34060931812173917,-10.29667,0.4890085
2003,3,5,0.33766363374545455,-8.48,3.825717
2003,3,6,0.34336401839999997,-7.449999,6.721341
2003,3,7,0.347505804,-4.476666,0.0
2003,3,8,0.35152301551304355,-4.2,1.962066
2003,3,9,0.377841948,-3.856667,3.606203
2003,3,10,0.357956712,-0.6933331,0.0
2003,3,11,0.43242542399999995,-2.24,0.0
2003,3,12,0.43628052479999996,-6.13,0.0
2003,3,13,0.3832115628521739,-0.4933333,0.0
2003,3,14,0.3538126368,-1.54,0.0
2003,3,15,0.33352068646956523,-1.86,0.0
2003,3,16,0.3142781088,-1.893334,0.0
2003,3,17,0.31201583563636365,0.376667,0.0
2003,3,18,0.32832346319999994,-1.056667,0.0
2003,3,19,0.33107014560000003,-2.16,0.0
2003,3,20,0.3142781088,-6.06,0.0
2003,3,21,0.2900768731826087,-4.79,0.0
2003,3,22,0.2773639968,0.3733344,0.0
2003,3,23,0.2723901024,-0.1166668,0.0
2003,3,24,0.2587627272,-1.776667,0.0
2003,3,25,0.25665275280000005,-1.746666,0.0
2003,3,26,0.2606563128,0.8399992,0.0
2003,3,27,0.28015296,-0.356667,0.0
2003,3,28,0.28256385840000003,-2.093333,0.0
2003,3,29,0.26699512032,-1.2,2.169688
2003,3,30,0.26261799360000004,-5.636666,2.287468
2003,3,31,0.2506461339428571,-4.606667,0.0
2003,4,1,0.2637031968,-3.72,2.694057
2003,4,2,0.24583709074285715,-4.813333,0.0
2003,4,3,0.22831476960000002,-7.073334,1.818668
2003,4,4,0.23768988000000005,-3.89,3.604232
2003,4,5,0.23588129664000002,-8.596666,0.0
2003,4,6,0.22268926080000004,-8.44,0.0
2003,4,7,0.2119176216,-7.206666,0.0
2003,4,8,0.22646865360000001,-3.643333,0.0
2003,4,9,0.2527700701090909,-2.513333,0.0
2003,4,10,0.247147488,-4.35,3.241521
2003,4,11,0.25598184192,-8.363333,3.205476
2003,4,12,0.247838112,-5.893334,0.0
2003,4,13,0.2121941088,-3.646667,0.0
2003,4,14,0.226276848,-1.51,0.0
2003,4,15,0.247147488,2.796667,0.0
2003,4,16,0.25213795199999994,4.136667,0.0
2003,4,17,0.254781504,4.993334,0.0
2003,4,18,0.325049904,5.623333,0.0
2003,4,19,0.3734055936,4.873333,0.0
2003,4,20,0.621929664,3.89,0.0
2003,4,21,1.3569863039999996,3.543334,0.0
2003,4,22,0.792098496,3.56,0.0
2003,4,23,0.823228992,3.186666,0.0
2003,4,24,0.877843008,0.4266664,0.0
2003,4,25,0.8992870560000001,0.7266666,0.0
2003,4,26,0.8471692800000001,-2.51,4.664723
2003,4,27,0.812340288,-2.753333,6.210538
2003,4,28,0.731068416,-0.2966666,1.084971
2003,4,29,0.7554081599999999,-1.973333,9.224344
2003,4,30,0.7695937252173913,-0.4766667,3.193842
2003,5,1,0.823272696,-2.183333,4.686232
2003,5,2,0.82143192,-4.843333,0.0
2003,5,3,0.769022904,-5.333333,3.692666
2003,5,4,0.7394958239999998,-3.476667,3.250981
2003,5,5,0.7273467839999999,1.156667,6.72746
2003,5,6,0.908189088,1.0,0.0
2003,5,7,1.053078672,-0.2399999,0.0
2003,5,8,1.0541680080000002,-1.5,0.4136868
2003,5,9,0.9921017999999998,0.3433335,0.0
2003,5,10,1.04998968,-1.113333,0.0
2003,5,11,1.032664368,-0.2433333,1.510245
2003,5,12,1.215022128,-0.5866667,18.08568
2003,5,13,1.778018424,0.4400001,9.950721
2003,5,14,1.93385056,-0.6066669,0.2495976
2003,5,15,1.8777062804210527,-1.513333,0.0
2003,5,16,1.6242676799999998,-1.573333,0.0
2003,5,17,1.501043064,0.07333326,0.0
2003,5,18,1.4917846560000003,0.41,1.807797
2003,5,19,1.4954623680000003,2.88,3.844057
2003,5,20,1.8534835920000003,3.566667,8.841723
2003,5,21,2.317810752,1.366667,5.860712
2003,5,22,2.470428144,2.463333,1.591574
2003,5,23,2.4774996,3.046666,5.545157
2003,5,24,2.643558576,2.99,3.297734
2003,5,25,3.051796296,4.366666,5.950446
2003,5,26,3.511778784,3.836667,0.0
2003,5,27,3.5836276559999996,2.37,0.0
2003,5,28,3.2495814,4.626667,0.0
2003,5,29,3.131138856,5.623333,0.8756181
2003,5,30,3.4526297952,4.453333,0.0
2003,5,31,3.541445568,3.42,0.0
2003,6,1,3.4646319839999995,6.296666,0.0
2003,6,2,3.5541868080000008,10.39333,0.0
2003,6,3,4.265152824,10.08667,2.335078
2003,6,4,4.881592296,10.42,0.7721554
2003,6,5,6.703685735999999,8.416667,13.07936
2003,6,6,8.59061976,6.493333,3.693426
2003,6,7,7.744771199999999,7.736667,0.0
2003,6,8,7.17154536,7.843334,0.0
2003,6,9,6.43847424,6.18,4.012872
2003,6,10,5.90616216,7.706666,6.627846
2003,6,11,5.667674544000001,5.646667,3.08909
2003,6,12,5.49726384,5.73,0.6408213
2003,6,13,5.230284984,4.39,0.0
2003,6,14,4.764214584,4.343333,0.0
2003,6,15,4.227942072,4.293333,0.0
2003,6,16,3.771266784,4.756667,0.0
2003,6,17,3.4686807652173908,6.706666,0.0
2003,6,18,3.270979872,9.326666,2.437845
2003,6,19,3.671750328,7.593333,0.0
2003,6,20,4.118354832,5.843333,0.0
2003,6,21,4.195725288,5.46,4.638141
2003,6,22,4.044023208,6.886667,4.022102
2003,6,23,4.107003096,5.356666,8.953248
2003,6,24,4.53450588,5.093334,10.61351
2003,6,25,5.0647332,7.676666,0.0
2003,6,26,4.726080432,9.723333,0.0
2003,6,27,4.434068016,12.68667,0.0
2003,6,28,4.234574952,13.09667,1.607155
2003,6,29,4.17326196,9.449999,5.033327
2003,6,30,4.237327608000001,8.39,0.0
2003,7,1,4.148427696,7.203333,4.847129
2003,7,2,4.852683384000001,8.266666,4.282006
2003,7,3,5.876405232,11.15,0.0
2003,7,4,5.883141264,12.54333,4.216789
2003,7,5,5.6849459279999985,11.56333,0.0
2003,7,6,5.224273752,9.799999,0.0
2003,7,7,4.676219496,9.693333,1.256951
2003,7,8,4.1385570000000005,7.54,5.477712
2003,7,9,3.737774842434782,8.033334,0.0
2003,7,10,3.372208368000001,9.833332,0.0
2003,7,11,3.084858744,9.28,10.40884
2003,7,12,3.142308816,7.276666,0.0
2003,7,13,2.9787182608695653,11.29333,0.0
2003,7,14,2.784640695652174,15.51333,0.0
2003,7,15,2.718152414608696,16.57,0.0
2003,7,16,2.7316591854545456,16.78666,0.0
2003,7,17,2.825147352,16.88667,9.275236
2003,7,18,3.1995521780869565,14.95,4.04003
2003,7,19,3.666256056000001,14.06,4.830447
2003,7,20,4.093333032000001,14.45333,0.0
2003,7,21,4.063028760000001,12.09333,8.533603
2003,7,22,4.640560728,11.76333,2.839281
2003,7,23,4.822412976,9.81,0.0
2003,7,24,4.488152005565218,10.49333,0.0
2003,7,25,3.9938085954782605,9.526666,3.827631
2003,7,26,3.744376199999999,9.456667,3.068412
2003,7,27,3.9142786320000007,9.743334,5.439427
2003,7,28,4.431463032,8.523334,0.0
2003,7,29,4.402336608,10.16,0.0
2003,7,30,3.996320016,11.42,0.0
2003,7,31,3.5620572,11.82667,0.0
2003,8,1,3.2428213302857145,11.99,3.222532
2003,8,2,3.093640128,10.17,4.805687
2003,8,3,3.2390340096000005,8.506666,0.0
2003,8,4,3.332801232,7.186666,0.0
2003,8,5,3.1889521680000006,8.669999,0.0
2003,8,6,2.7441063840000006,10.66,0.0
2003,8,7,2.447940408,12.06667,0.0
2003,8,8,2.3642229120000007,11.86333,0.0
2003,8,9,2.306731968,14.05667,0.0
2003,8,11,2.394872568,11.04667,11.12219
2003,8,12,2.614483248,11.01333,5.564257
2003,8,13,2.736858168000001,6.93,36.08468
2003,8,14,4.725520416,5.539999,15.21893
2003,8,15,8.6468028,6.599999,6.334071
2003,8,16,8.668100880000003,7.893333,1.510912
2003,8,17,5.760369276631579,8.04,0.0
2003,8,18,5.0423622240000014,9.466667,5.269662
2003,8,19,4.704405048,8.666666,3.754951
2003,8,20,4.828226688,6.093333,1.164654
2003,8,21,4.31862156,6.846667,6.837236
2003,8,22,4.071289176,7.996668,3.342055
2003,8,23,3.89516148,7.293334,1.372235
2003,8,24,3.401257776,7.846666,0.0
2003,8,25,3.145454904,5.916666,0.0
2003,8,26,2.88213924,3.19,1.610535
2003,8,27,2.52830904,2.396667,0.0
2003,8,28,2.225464584,3.743333,0.0
2003,8,29,1.971143304,3.093333,0.0
2003,8,30,1.7663312400000004,3.963334,1.215473
2003,8,31,1.6105797840000002,1.96,1.56138
2003,9,1,1.5145411366956523,1.716667,0.0
2003,9,2,1.418713488,3.616667,0.0
2003,9,3,1.34484684,5.48,0.0
2003,9,4,1.280904288,7.116667,0.0
2003,9,5,1.21247604,8.846666,0.0
2003,9,6,1.1806786893913046,8.113334,1.019592
2003,9,7,1.202293536,6.743333,7.028774
2003,9,8,1.481189184,6.566667,4.442554
2003,9,9,1.7074138560000003,7.156667,2.893184
2003,9,10,2.084933424,7.876666,0.0
2003,9,11,2.3264612022857145,5.143333,0.0
2003,9,12,2.3393094720000005,5.633333,0.2207869
2003,9,13,2.2010875200000006,5.086666,0.0
2003,9,14,2.020694664,8.379999,0.0
2003,9,15,1.9003176,6.916667,2.687349
2003,9,16,1.8498748320000002,4.163333,0.0
2003,9,17,1.772141472,3.773333,2.905703
2003,9,18,1.7154604800000004,6.996666,1.578288
2003,9,19,1.6925252399999997,3.213333,5.039538
2003,9,20,1.6755274148571428,1.29,2.875552
2003,9,21,1.640086488,5.553333,0.0
2003,9,22,1.6103258400000002,2.756667,14.0189
2003,9,23,1.6413813954782608,-1.983333,0.3827164
2003,9,24,1.6177726580869567,-1.233334,0.5549365
2003,9,25,1.5645486960000003,3.156666,2.011769
2003,9,26,1.537194912,3.13,2.669271
2003,9,27,1.4915005200000002,-1.166667,0.0
2003,9,28,1.49549328,-3.353333,0.0
2003,9,29,1.4755139561739132,-2.163333,0.7981198
2003,9,30,1.4305131154285713,0.86,2.837255
2003,10,1,1.3760574807272727,0.4966667,0.0
2003,10,2,1.3143078239999997,0.1366665,0.7765436
2003,10,3,1.2585412800000004,1.996667,0.0
2003,10,4,1.1966639451428571,-0.78,0.0
2003,10,5,1.1349756688695654,-0.7966666,0.0
2003,10,6,1.074006144,-1.95,5.790973
2003,10,7,1.0793359767272728,-1.543333,0.0
2003,10,8,1.0420923881739128,-2.556666,0.0
2003,10,9,1.0067776320000001,-1.16,0.0
2003,10,10,0.974524896,-0.8166667,3.805155
2003,10,11,0.9597848727272726,-0.46,0.0
2003,10,12,0.9239061942857145,-0.9099999,0.0
2003,10,13,0.871189008,-1.533333,0.0
2003,10,14,0.821475024,-0.2833334,0.0
2003,10,15,0.80378148,-0.0266667,0.0
2003,10,16,0.7622903760000002,-2.0,0.0
2003,10,17,0.725430504,-1.493333,0.0
2003,10,18,0.7331345828571427,-2.72,0.0
2003,10,19,0.67203528,-6.353333,0.0
2003,10,20,0.6521219083636364,-8.300001,1.23971
2003,10,21,0.6472715794285715,-9.136666,0.0
2003,10,22,0.5894568713142856,-11.23333,0.0
2003,10,23,0.5326128130909091,-9.913333,0.0
2003,10,24,0.6056795904,-3.306666,0.0
2003,10,25,0.6011342758956523,-6.24,0.0
2003,10,26,0.5505393099130435,-6.393333,3.427899
2003,10,27,0.5513151643826087,-1.49,6.599735
2003,10,28,0.566833932,0.2033334,0.0
2003,10,29,0.5566255938782608,-3.756666,2.492969
2003,10,30,0.5408139095999999,-3.403333,0.1004825
2003,10,31,0.5399781695999999,-4.793333,3.113191
2003,11,1,0.5293088616,-4.356667,5.066171
2003,11,2,0.5247576183272725,-4.289999,7.228344
2003,11,3,0.5381875165090909,-1.38,0.0
2003,11,4,0.5271321800347826,-3.246666,0.0
2003,11,5,0.517903558121739,0.7599998,0.0
2003,11,6,0.5325917256,2.553332,0.0
2003,11,7,0.5365525723826087,0.7033334,0.0
2003,11,8,0.486782308173913,1.503334,0.0
2003,11,9,0.46560138573913035,-0.3866663,0.0
2003,11,10,0.513845552973913,-1.13,0.0
2003,11,11,0.5400095240347825,-2.173334,0.0
2003,11,12,0.518669808,-1.116667,0.0
2003,11,13,0.48808932,-2.793333,0.0
2003,11,14,0.454394064,-5.28,2.146647
2003,11,15,0.47164878,-4.176667,0.0
2003,11,16,0.4816907304,-4.893333,0.0
2003,11,17,0.4548305764173913,-6.323333,0.0
2003,11,18,0.42524964719999997,-6.446666,6.850886
2003,11,19,0.5277880344,-4.403333,0.0
2003,11,20,0.5627691147130435,-3.95,0.0
2003,11,21,0.5860626728727273,-5.093333,0.0
2003,11,22,0.5243929370181817,-8.536666,0.0
2003,11,23,0.495713064,-8.0,0.0
2003,11,24,0.5767587333818182,-9.183332,0.0
2003,11,25,0.6087872976,-5.916666,4.378171
2003,11,26,0.7707317376,-4.03,2.717311
2003,11,27,0.46536104400000006,-2.186666,2.855247
2003,11,28,0.4185156822260869,-5.263334,0.0
2003,11,29,0.3734733521454546,-4.506667,5.312174
2003,11,30,0.41498199839999994,-2.433334,9.045922
2003,12,1,0.40296846553043475,-3.993333,0.0
2003,12,2,0.349645896,-5.186666,0.0
2003,12,3,0.3602346263999999,-4.94,0.2051516
2003,12,4,0.5605543968,-0.7566671,2.777107
2003,12,5,0.6619112514782608,-4.69,3.600457
2003,12,6,0.564351516,-8.54,0.0
2003,12,7,0.6151870992,-1.27,0.2079978
2003,12,8,0.6295073832,-0.6866665,0.0
2003,12,9,0.49564460945454547,-3.073334,0.0
2003,12,10,0.5800687933090909,-1.686666,5.701825
2003,12,11,0.5833710936000001,-6.726666,1.067996
2003,12,12,0.5269321248000001,-9.766666,4.551587
2003,12,13,0.681127368,-6.9,8.143338
2003,12,14,0.8830053120000002,-6.873333,5.664227
2003,12,15,0.891877152,-8.606667,4.577822
2003,12,16,0.9305168639999999,-8.016666,1.659018
2003,12,17,1.1181902160000003,-0.4833336,0.5759397
2003,12,18,1.3483390163478264,1.56,1.219952
2003,12,19,1.3192156319999997,-3.936666,0.08373535
2003,12,20,1.436712816,-7.13,0.0
2003,12,21,1.61183472,-11.61,0.0
2003,12,22,2.145301581913044,-13.53333,0.0
2003,12,23,2.486625956571429,-11.39667,3.864559
2003,12,24,2.932564372363636,-5.389999,4.316575
2003,12,25,3.126679944,-4.82,3.510199
2003,12,26,3.1084123440000004,-5.963334,6.900661
2003,12,27,3.050594736,-5.79,1.285991
2003,12,28,2.916463776,-9.95,0.0
2003,12,29,2.7048850319999995,-16.59333,0.0
2003,12,30,2.630643576,-15.81,0.0
2003,12,31,3.0376138971428572,-15.39,0.0
2004,1,2,3.3833688734117646,-13.63,0.0
2004,1,3,3.245168376,-11.90667,1.854187
2004,1,4,3.056168352,-11.24667,0.1907393
2004,1,5,2.816428983652174,-12.88333,3.528598
2004,1,6,2.481727224,-7.0,4.503345
2004,1,7,2.4154636080000005,-9.373333,0.0
2004,1,8,2.169733968,-8.32,0.0
2004,1,9,2.020132224,-7.15,0.07117534
2004,1,10,1.755848496,-7.166666,3.32986
2004,1,11,1.5353729039999997,-5.849999,9.131832
2004,1,12,1.3734299279999997,-6.72,1.437479
2004,1,13,1.2431887440000002,-8.16,0.0
2004,1,14,1.1124815039999998,-9.223333,0.0
2004,1,15,0.9839221919999999,-13.53333,0.0
2004,1,16,0.940326312,-16.21333,0.0
2004,1,17,0.945077088,-15.16333,0.0
2004,1,18,0.8611932479999999,-11.17667,3.353801
2004,1,19,0.773856312,-11.19667,0.0
2004,1,20,0.684828864,-13.40667,0.0
2004,1,21,0.632553696,-16.73667,0.2629094
2004,1,22,0.5899265530434783,-11.28333,2.289857
2004,1,23,0.5824787064,-10.05333,1.323016
2004,1,24,0.5600726904,-6.65,4.577918
2004,1,25,0.5582945712,-6.213333,0.0
2004,1,26,0.5536970088,-9.103333,2.996512
2004,1,27,0.533598384,-14.37667,0.6644513
2004,1,28,0.5120806656000001,-18.51,3.758576
2004,1,29,0.5083351278545455,-16.09333,3.303317
2004,1,30,0.5502464544,-13.4,5.424963
2004,1,31,0.6017648399999999,-12.84667,0.0
2004,2,1,0.565228656,-12.94667,1.41483
2004,2,2,0.5431845816,-8.423333,4.863223
2004,2,3,0.5358062112,-3.316667,4.833967
2004,2,4,0.5569419380869567,-0.0933342,1.441838
2004,2,5,0.6198879796363637,-2.213333,1.415754
2004,2,6,0.613333344,-5.01,6.117046
2004,2,7,0.5911395695999999,-7.809999,3.56899
2004,2,8,0.6008658,-9.563333,1.260066
2004,2,9,0.5936214528,-11.09,0.616132
2004,2,10,0.570493488,-8.24,2.828483
2004,2,11,0.5956060007999999,-8.233332,5.15275
2004,2,12,0.6038162160000001,-0.9233332,0.0
2004,2,13,0.6279215563636363,0.333334,0.0
2004,2,14,0.617708448,-0.4033337,0.0
2004,2,15,0.6245982,1.393333,0.0
2004,2,16,0.638275392,-3.133334,0.124987
2004,2,17,0.640077853090909,-3.339999,0.0
2004,2,18,0.613070616,-4.873333,0.0
2004,2,19,0.5695602408,-4.753333,0.0
2004,2,20,0.5595957312,-3.646666,0.0
2004,2,21,0.5690709528,-7.54,1.965756
2004,2,22,0.6334261199999999,-9.206666,0.0
2004,2,23,0.557291304,-9.77,2.403651
2004,2,24,0.6007254672000001,-8.783334,4.189841
2004,2,25,0.5735027039999998,-8.006666,1.68626
2004,2,26,0.55722534,-10.35667,0.0
2004,2,27,0.5479350480000001,-12.62333,0.0
2004,2,28,0.4976735496,-15.35667,0.0
2004,2,29,0.5394648528,-11.24667,0.1999471
2004,3,1,0.5934538818782609,-2.33,0.0
2004,3,2,0.5390231784000001,-4.953333,0.0
2004,3,3,0.502468608,-11.32,0.0
2004,3,4,0.4718626463999999,-13.17667,0.0
2004,3,5,0.49600413840000007,-12.00333,0.0
2004,3,6,0.5287790427428573,-6.946666,0.0
2004,3,7,0.5233871424000001,-4.78,0.0
2004,3,8,0.5089083504,-6.783333,0.0
2004,3,9,0.4885695023999999,-8.813334,0.0
2004,3,10,0.4973314651826088,-6.533333,0.0
2004,3,11,0.4883903109818181,-6.923333,0.0
2004,3,12,0.46039287318260874,-9.086666,0.04173398
2004,3,13,0.4598334,-8.926666,4.535563
2004,3,14,0.454357908,-5.923333,5.055666
2004,3,15,0.4674599976,-2.426667,4.086796
2004,3,16,0.4979440704,-1.343333,2.057059
2004,3,17,0.5107896,-0.79,1.127885
2004,3,18,0.5740752687157895,-1.08,2.417311
2004,3,19,0.5445347616,-2.766666,4.105102
2004,3,20,0.5293476719999999,-3.766667,1.668103
2004,3,21,0.5120622648,-4.996667,1.743991
2004,3,22,0.4945724692363637,-6.743332,0.0
2004,3,23,0.47786307840000003,-6.616667,0.0
2004,3,24,0.4649904576000001,-8.093333,0.0
2004,3,25,0.43789638480000004,-10.34667,0.0
2004,3,26,0.4109336039999999,-8.046667,0.6129237
2004,3,27,0.5275462223999999,-3.773334,0.0
2004,3,28,0.4508409498352941,-5.503333,0.0
2004,3,30,0.4723188116210526,-0.1133332,0.0
2004,3,31,0.48661107360000005,0.1533332,0.0
2004,4,1,0.418942956,-2.153333,0.0
2004,4,2,0.3873408287999999,-3.636667,0.0
2004,4,3,0.33095740560000003,-4.643333,2.935133
2004,4,4,0.30255791039999996,-2.816667,4.827979
2004,4,5,0.307734144,-2.38,0.9472236
2004,4,6,0.289390344,-2.933333,0.0
2004,4,7,0.2602708224,-3.98,0.0
2004,4,8,0.2475179112,-2.51,0.0
2004,4,9,0.23025903120000002,-2.326667,0.0
2004,4,10,0.22868388,-4.853333,0.1289587
2004,4,13,0.22715978172631582,-1.063333,0.0
2004,4,14,0.2551666392,0.7833333,0.0
2004,4,15,0.32251074720000006,2.836666,0.0
2004,4,16,0.424311012,0.9499996,0.0
2004,4,17,0.4655937336,2.42,0.0
2004,4,18,0.5788641119999999,2.27,0.472838
2004,4,19,0.7802095679999999,1.26,0.0
2004,4,20,0.8111179680000001,0.9666665,9.156487
2004,4,21,0.962985312,1.27,0.0
2004,4,22,1.256154984,0.5233333,1.419552
2004,4,23,1.3154620560000003,1.06,0.0
2004,4,24,1.349508408,0.7066664,3.861568
2004,4,25,1.5778947120000004,1.373333,9.056511
2004,4,26,2.291216712,1.693334,2.885174
2004,4,27,2.530880232,0.48,1.040003
2004,4,28,2.5153281120000006,0.5699999,0.0
2004,4,29,2.246670576,2.003334,0.0
2004,4,30,2.0794286159999995,2.133333,0.0
2004,5,1,2.026556232,2.046666,0.0
2004,5,2,2.062947336,2.886667,0.0
2004,5,3,2.188220472,1.86,1.535616
2004,5,4,2.145476360347826,0.2466668,6.787185
2004,5,5,2.790131424,3.96,9.520201
2004,5,6,9.455754937263157,7.346666,6.728171
2004,5,7,13.309020000000002,7.32,3.14835
2004,5,8,12.433517672727275,6.48,0.0
2004,5,9,11.260154356363635,6.46,0.0
2004,5,10,10.37176704,6.976667,0.0
2004,5,11,8.666952,1.493333,0.0
2004,5,12,7.021194479999998,-0.0133332,0.0
2004,5,13,5.677326888,0.5366666,0.0
2004,5,14,4.687723536,0.3433332,0.4837362
2004,5,15,3.9102056159999994,0.8833334,0.0
2004,5,16,3.356625819428571,2.576666,5.367477
2004,5,17,3.224953056,4.506667,0.0
2004,5,18,2.9583553248000003,1.896667,7.903419
2004,5,19,2.835177216,-0.3999996,0.0
2004,5,20,2.7186052319999994,-2.313334,0.0
2004,5,21,2.4645936672,-3.689999,1.418092
2004,5,22,2.2739346925714283,-3.576667,0.0
2004,5,23,2.1352884,-0.6766665,0.0
2004,5,24,1.8903422639999996,1.15,0.0
2004,5,25,1.719529536,1.156667,0.0
2004,5,26,1.573982736,3.72,0.0
2004,5,27,1.437762072,4.516667,0.0
2004,5,28,1.4500551360000002,4.506666,0.0
2004,5,29,1.462702944,4.06,0.0
2004,5,30,1.484142552,5.233333,0.0
2004,5,31,1.544893848,7.446666,0.0
2004,6,1,1.717706016,8.296666,0.0
2004,6,2,1.956718752,9.453333,0.0
2004,6,3,2.278928208000001,10.05,0.0
2004,6,4,2.7233874000000005,6.986667,0.0
2004,6,5,3.000572256,5.533333,0.0
2004,6,6,3.082890072,4.81,1.185709
2004,6,7,3.0412331999999993,4.836667,7.966644
2004,6,8,3.3337062,3.803334,0.1293757
2004,6,9,3.3493440960000007,7.629999,2.643667
2004,6,10,3.338132493913044,6.166667,4.892861
2004,6,11,3.5014173360000007,7.459999,0.0
2004,6,12,3.697644384,7.703333,0.0
2004,6,13,3.812227128,7.226666,1.447761
2004,6,14,3.773256816,4.84,0.0
2004,6,15,3.6887228640000007,1.793333,2.336933
2004,6,16,3.4332415919999995,1.200001,0.0
2004,6,17,2.950098455999999,3.703333,4.082465
2004,6,18,2.632196784,1.993333,8.772432
2004,6,19,2.5733117280000006,2.336667,4.73677
2004,6,20,2.571939096,1.726666,2.147062
2004,6,21,2.4105451919999994,3.336666,3.912951
2004,6,22,2.262280272,4.096667,4.068373
2004,6,23,2.285789592,5.559999,1.23128
2004,6,24,2.241297096,3.576667,4.556442
2004,6,25,2.793450888,5.053333,5.216759
2004,6,26,3.224531448,6.98,1.101907
2004,6,27,3.136717896,9.036666,5.274275
2004,6,28,3.2591370240000006,7.603333,6.781735
2004,6,29,4.041424368,5.856666,0.04173374
2004,6,30,3.9331509984000004,7.343334,0.0
2004,7,2,4.1702882021052625,5.033334,15.20014
2004,7,3,4.710861528,4.846667,2.592125
2004,7,4,4.62940176,6.253333,1.436247
2004,7,5,4.21740768,5.816666,6.558162
2004,7,6,4.085693304,5.583333,0.0
2004,7,7,3.8360689440000004,4.736666,0.0
2004,7,8,3.48189396,7.396667,0.0
2004,7,9,3.131089776,8.883333,0.0
2004,7,10,2.890947048,10.60667,0.0
2004,7,11,2.682055128,10.87,1.136848
2004,7,12,2.653874904,7.383332,0.0
2004,7,13,2.696438976,4.323334,2.856668
2004,7,14,2.759488968,3.826666,1.317012
2004,7,15,2.704594276173913,4.76,0.0
2004,7,16,2.498839056,5.736667,0.0
2004,7,17,2.28203712,7.333333,5.222897
2004,7,18,2.17336812,7.63,7.276263
2004,7,19,2.638027728,7.043333,0.0
2004,7,20,2.8812621359999993,7.083333,0.0
2004,7,21,3.000396264,9.389999,0.0
2004,7,22,2.858443728,8.003333,3.552043
2004,7,23,2.795247168,8.74,7.952847
2004,7,24,3.563068416,9.84,6.83804
2004,7,25,3.661625736000001,6.006666,0.0
2004,7,26,3.6582768480000007,6.496667,0.0
2004,7,27,3.4999473600000006,8.13,0.0
2004,7,28,3.219050088000001,10.69667,0.0
2004,7,29,2.724715584,12.37333,0.0
2004,7,30,2.5444388824615385,13.29,0.0
2004,7,31,2.462683128,12.36333,0.0
2004,8,1,2.424375575999999,12.15667,0.0
2004,8,2,2.46071364,13.81667,0.0
2004,8,3,2.4766506480000006,13.08333,8.027563
2004,8,4,2.565699552,11.91667,12.97517
2004,8,5,3.1427816640000006,12.79667,5.219523
2004,8,6,3.508186416,13.74333,0.0
2004,8,7,3.601908144,14.60667,0.0
2004,8,8,3.536762184,14.86667,0.0
2004,8,9,3.383012016,14.97333,0.0
2004,8,10,3.1876103760000007,15.90667,0.0
2004,8,11,3.038351928,16.02,0.0
2004,8,12,2.944916544,14.28333,0.0
2004,8,13,2.82530928,9.813334,0.0
2004,8,14,2.7212910720000005,10.84333,0.0
2004,8,15,2.564510616,8.423332,0.0
2004,8,16,2.425264008,6.46,4.901411
2004,8,17,2.291062032,6.93,2.281079
2004,8,18,2.127420744,8.696667,9.484009
2004,8,19,2.425319904,8.789999,12.68304
2004,8,20,3.522725136,8.443334,1.640488
2004,8,21,3.5165976,5.56,13.71807
2004,8,22,3.7456924559999996,2.82,0.3161566
2004,8,23,3.288918648,3.816667,0.0
2004,8,24,3.008333568,4.736667,2.052177
2004,8,25,2.4527924201739135,4.536666,1.149302
2004,8,26,2.2243302720000004,5.893333,0.0
2004,8,27,2.031743616,4.676667,7.119081
2004,8,28,2.278541256,5.063334,5.473269
2004,8,29,2.290987108173913,5.45,3.327699
2004,8,30,2.425149648,5.186667,8.754766
2004,8,31,3.441201816000001,4.823334,12.89849
2004,9,1,4.782114528,5.533333,2.702081
2004,9,2,4.675347072000001,6.95,0.0
2004,9,3,4.169062391999999,8.523333,0.0
2004,9,4,3.662138352000001,9.02,0.0
2004,9,5,3.346463736,9.756666,0.0
2004,9,6,3.1626390928695653,5.173334,0.2121582
2004,9,7,2.912577528,4.439999,0.0
2004,9,8,2.591985216,5.113333,0.0
2004,9,9,2.2921698,5.83,0.0
2004,9,10,2.132145576,7.216667,0.0
2004,9,11,1.987523952,6.63,3.052095
2004,9,12,1.8643319214545453,5.936666,3.056454
2004,9,13,1.81590348,4.616666,11.92173
2004,9,14,2.063604528,2.25,3.529108
2004,9,15,2.099140872,0.08999991,0.0
2004,9,16,2.1118310399999998,0.9333336,0.0
2004,9,17,2.0468337839999995,5.06,1.88771
2004,9,18,2.013687984,3.36,5.154364
2004,9,19,2.1978983040000006,3.013333,0.1331187
2004,9,20,2.399880816,3.63,14.6605
2004,9,21,3.0260445599999994,2.836667,11.67898
2004,9,22,3.518244994909091,2.633333,0.0
2004,9,23,3.307556376,3.156667,0.7800332
2004,9,24,2.972691239999999,4.126667,0.0
2004,9,25,2.646128328,2.66,1.68363
2004,9,26,2.400155616,1.923333,3.561769
2004,9,27,2.186716416,2.716667,0.0
2004,9,28,2.048148408,2.343333,0.0
2004,9,29,1.898603568,3.246666,0.0
2004,9,30,1.783846128,2.24,0.0
2004,10,1,1.6514071440000002,1.943333,0.0
2004,10,2,1.568231208,1.206667,10.39587
2004,10,3,1.731921864,1.066667,5.09411
2004,10,4,2.0388025728,2.526667,12.61139
2004,10,5,3.44085768,1.883333,3.763653
2004,10,6,3.054046296,2.55,3.245626
2004,10,7,3.034516704,0.64,0.241627
2004,10,8,2.7917026560000004,-1.4,0.0
2004,10,9,2.541565392,-1.093333,0.0
2004,10,10,2.2974084239999994,-1.083333,0.0
2004,10,11,2.0575330560000005,-3.186667,0.0
2004,10,12,1.924958232,-2.183333,0.0
2004,10,13,2.437596408,-1.683333,0.0
2004,10,14,2.67656676,-1.74,0.0
2004,10,15,2.126962443130435,-1.203333,0.0
2004,10,16,2.068018152,-0.9300001,1.183683
2004,10,17,2.679403872,-0.8133334,0.0
2004,10,18,2.39534112,-1.953333,2.031428
2004,10,19,2.6203928932173914,-2.85,0.0
2004,10,20,2.686459617391304,-0.6966667,4.635609
2004,10,21,2.9298977519999996,-1.726667,5.408497
2004,10,22,2.3754529371428577,-0.9199998,1.065043
2004,10,23,2.2600296,-3.87,0.0
2004,10,24,2.252179896,-3.44,0.0
2004,10,25,2.065455624,-3.353333,5.68084
2004,10,26,1.8762158692173914,-3.616667,0.0
2004,10,27,1.8658430159999997,-5.953333,0.0
2004,10,28,2.348494512,-4.783333,0.0
2004,10,29,2.396925312,-4.26,0.0
2004,10,30,2.446740816,-2.813334,0.0
2004,10,31,2.6090267759999994,-1.916667,0.0
2004,11,1,2.5991705375999996,-2.66,0.0
2004,11,2,2.55125076,-1.593333,0.0
2004,11,3,2.563384344,-3.053333,1.502872
2004,11,4,2.6937506639999995,-0.4000003,7.747105
2004,11,5,2.819460504,-3.436667,0.283321
2004,11,6,2.4612721440000005,-1.663333,0.0
2004,11,7,2.502910603636364,-2.99,2.216748
2004,11,8,2.4479508,-1.046666,0.0
2004,11,9,3.046404935999999,-2.26,0.0
2004,11,10,4.242103032,-3.236667,0.0
2004,11,11,4.324196592,-1.516667,12.22753
2004,11,12,3.7083583471304347,-3.836666,5.797522
2004,11,13,4.993798025142857,-4.906667,2.968762
2004,11,14,5.432424504,-3.01,10.89633
2004,11,15,5.32325478109091,-4.28,3.516132
2004,11,16,4.434814368,-7.78,2.51328
2004,11,17,4.075601314909091,-10.13,18.14188
2004,11,18,4.273057051826087,-9.893333,1.860014
2004,11,19,13.05435666365217,-9.816666,1.039091
2004,11,20,5.828834568,-8.25,0.0
2004,11,21,7.1627443700869575,-10.07667,2.290488
2004,11,22,26.708892959999996,-10.89,6.273381
2004,11,23,23.919947794285715,-9.07,0.1663983
2004,11,24,19.4913140976,-6.433333,4.502981
2004,11,25,13.468129784470586,-0.7566667,12.18361
2004,11,26,27.889718674285717,-5.833333,9.841992
2004,11,27,31.666882176,-7.82,0.3290941
2004,11,28,36.25134681600001,-8.276667,0.0
2004,11,29,26.32660992,-7.94,0.0
2004,11,30,28.296791424,-5.223333,0.0
2004,12,1,25.729101356159997,-4.650001,0.0
2004,12,2,25.959998304000006,-7.186666,0.0
2004,12,3,20.4865213824,-8.023333,0.0
2004,12,4,31.70482872,-3.473333,2.658576
2004,12,5,19.36287850852174,-1.27,0.0
2004,12,6,34.086744777599996,-1.643332,3.050631
2004,12,7,23.31344107250526,-2.916667,6.943668
2004,12,8,1.1552332525714286,-2.546666,0.0
2004,12,9,0.9247139759999998,-0.3866677,0.0
2004,12,10,1.117549944,-1.086667,0.0
2004,12,11,1.223998248,-3.336667,0.0
2004,12,12,1.5858815279999996,-1.953332,0.0
2004,12,13,1.7999725988571427,-1.66,0.0
2004,12,14,2.010047208,-0.6566668,3.20937
2004,12,15,1.767985704,-3.226666,0.0
2004,12,16,1.57642692,-2.903333,3.029084
2004,12,17,1.377694776,-3.246667,0.0
2004,12,18,1.226581824,-9.573333,0.8662144
2004,12,19,1.433132712,-11.28,1.65694
2004,12,20,2.1884984159999994,-14.51333,0.0
2004,12,21,3.032668848,-12.93667,3.189091
2004,12,22,3.543511968,-5.67,7.434975
2004,12,23,3.801123497739131,-7.58,6.767626
2004,12,24,4.171743696,-13.43,0.0
2004,12,25,4.793181696,-15.22,0.0
2004,12,26,5.216357592,-12.85333,0.0
2004,12,27,5.522633256,-7.126666,1.976895
2004,12,28,5.666125488,-4.403333,4.23633
2004,12,29,5.287432824,-6.773334,4.315435
2004,12,30,4.799843616,-2.396666,4.985065
2004,12,31,4.453787664,-6.166667,0.1833475
2005,1,1,4.149392976,-5.013334,8.851692
2005,1,2,4.1662135199999994,-6.856667,9.370722
2005,1,3,3.9732039234782612,-8.396666,3.043519
2005,1,4,3.7817975280000007,-5.2,2.414508
2005,1,5,3.7172527199999994,-5.87,2.59144
2005,1,6,3.537198264,-5.2,12.37637
2005,1,7,3.31945092,-1.73,6.397882
2005,1,8,3.19131876,-4.146667,12.06279
2005,1,9,2.8991893919999994,-7.126667,7.068967
2005,1,10,2.624258112,-2.093332,4.600686
2005,1,11,2.511596448,-3.296666,2.793587
2005,1,12,2.0703518400000003,-3.473333,6.736287
2005,1,13,1.93428912,-3.236667,1.542299
2005,1,14,1.820635368,-8.82,0.0
2005,1,15,2.253225672,-7.33,1.627858
2005,1,16,2.214844896,-1.269999,4.456535
2005,1,17,2.6746532247272725,-0.5966663,2.323622
2005,1,18,2.838514536,-5.233333,0.0
2005,1,19,1.77181716,-11.08333,3.397467
2005,1,20,2.716724568,-8.886667,3.446609
2005,1,21,3.524965608,-9.513333,1.41926
2005,1,22,3.552547272,-9.339999,2.960039
2005,1,23,4.002359112,-10.36333,0.3119968
2005,1,24,4.38273088278261,-10.25333,0.0
2005,1,25,4.866605768347827,-10.58333,1.538232
2005,1,26,4.847952684521739,-6.146667,0.0
2005,1,27,5.079970027636363,-3.009999,0.0
2005,1,28,5.560648895999999,-4.92,0.0
2005,1,29,5.128534968,-5.023333,0.0
2005,1,30,6.146589959999999,-1.273334,3.522666
2005,1,31,7.2696581843478265,-7.32,4.803546
2005,2,1,7.453228432695652,-5.476666,0.0
2005,2,2,8.596102546285715,-2.03,0.0
2005,2,3,8.7399402,-4.39,0.0
2005,2,4,7.846950623999999,-2.289999,3.429313
2005,2,5,7.584312359999998,-1.806666,0.1955181
2005,2,6,7.696810992,-4.666667,0.0
2005,2,7,7.177032192,-8.363333,0.0
2005,2,8,8.348411991272728,-7.006665,0.1247985
2005,2,9,7.686181264695651,-6.373333,8.392559
2005,2,10,7.130669498181819,-5.463333,3.422385
2005,2,11,8.007803636869566,-8.196666,0.7711365
2005,2,12,8.41376172,-7.693333,0.0
2005,2,13,8.231638514086958,-8.916666,0.0
2005,2,14,7.922338309565217,-11.21,0.0
2005,2,15,7.262429634782608,-13.79667,0.0
2005,2,16,7.746091536000002,-11.68,0.0
2005,2,17,8.41459998052174,-8.703333,0.0
2005,2,18,10.506230568,-6.44,1.557314
2005,2,19,9.807548072727274,-7.193333,0.0
2005,2,20,8.840302219636364,-9.29,0.0
2005,2,21,9.49988681142857,-10.12667,0.0
2005,2,22,8.8165524,-13.65667,0.0
2005,2,23,8.44755216,-16.08333,0.0
2005,2,24,8.15792472,-11.42333,0.0
2005,2,27,9.360428058947369,-11.11333,0.07903922
2005,2,28,7.944862776,-8.986666,4.140863
2005,3,1,7.859547599999999,-17.04333,0.0
2005,3,2,7.1774855874782615,-19.30333,0.0
2005,3,3,7.061099472,-13.75667,1.298337
2005,3,4,6.981554455578948,-8.886665,0.4590321
2005,3,5,7.681935839999999,-9.453333,0.0
2005,3,6,6.9490272,-5.833333,0.0
2005,3,7,6.809764295999999,-3.653333,0.0
2005,3,8,7.17715896,-5.073333,0.0
2005,3,9,6.965819496,-7.713334,0.1622385
2005,3,10,7.2898548,-4.876666,3.111058
2005,3,11,7.596100392,-6.4,6.210794
2005,3,12,7.6458892559999985,-12.27,0.0
2005,3,13,7.30961688,-14.09333,1.920922
2005,3,14,7.229433072000001,-13.07,0.0
2005,3,15,6.623558733913044,-11.85333,3.273564
2005,3,16,6.770290464,-8.523334,9.983067
2005,3,17,7.22342832,-6.546666,0.0
2005,3,18,10.321143030857144,-10.34667,0.0
2005,3,19,10.679861000347827,-12.0,0.0
2005,3,20,8.439176722285714,-6.883334,0.0
2005,3,21,6.051685509818181,-2.52,0.0
2005,3,22,4.9408371839999985,0.0,0.0
2005,3,23,4.599808347428572,-0.3066669,0.0
2005,3,24,6.415727140173913,-0.02333355,0.0
2005,3,25,8.308224115200002,0.9099998,0.0
2005,3,26,7.069817232,0.8166666,0.0
2005,3,27,9.5022777024,0.6599994,0.0
2005,3,28,4.31023549773913,-1.06,0.0
2005,3,29,5.0800703904,-2.393333,0.0
2005,3,30,11.44934383304348,-2.646666,0.0
2005,3,31,15.189334381714287,-1.32,0.0
2005,4,1,10.879606299428572,-1.41,0.0
2005,4,2,14.230503849600002,1.196666,0.0
2005,4,3,12.018566422588236,1.09,0.0
2005,4,4,14.5134899424,1.443333,1.106428
2005,4,5,10.289094028800001,-3.22,0.0
2005,4,6,13.655503209599999,-4.05,3.437992
2005,4,7,5.502734688000001,-3.3,5.898325
2005,4,8,14.80362288,-5.016667,0.0
2005,4,9,17.91419082573913,-6.263333,0.0
2005,4,10,19.171032192,-3.186666,2.737858
2005,4,11,12.72634584,0.4133329,2.086288
2005,4,12,15.114183576000002,-0.9233334,0.0
2005,4,13,11.143474152,-3.456666,0.0
2005,4,14,9.45697512,-3.8,0.0
2005,4,15,6.0183492,-3.533333,1.027241
2005,4,16,6.07889688,-0.1466668,0.0
2005,4,17,6.190677816000001,0.363333,3.977469
2005,4,18,6.48134016,-1.94,3.531646
2005,4,19,6.534950400000001,-1.536667,0.0
2005,4,20,6.84616032,-2.356667,0.0
2005,4,21,6.275048125090909,-2.07,0.0
2005,4,22,5.866124894608696,-2.686666,0.0
2005,4,23,6.483341688,-1.23,0.0
2005,4,24,6.81453624,-1.1,0.0
2005,4,25,7.10452104,-0.3200001,0.0
2005,4,26,7.484825039999999,0.3266666,0.0
2005,4,27,7.566853199999999,0.9299999,0.0
2005,4,28,7.3731544320000015,0.2433331,0.0
2005,4,29,6.525635360556521,-0.8299999,4.394943
2005,4,30,10.379252952,0.6166666,0.0
2005,5,1,11.70318144,1.1,5.29721
2005,5,2,5.378259956869566,2.156667,1.655006
2005,5,3,1.689335088,3.463333,1.264802
2005,5,4,1.8952951439999997,-0.65,1.114924
2005,5,5,1.650624624,-1.723333,0.0
2005,5,6,1.465304304,-2.616667,0.0
2005,5,7,1.337345004521739,-2.43,0.0
2005,5,8,1.2714409679999996,-3.35,5.461087
2005,5,9,1.24575552,-1.63,0.2114718
2005,5,10,1.2316235853913042,-0.8199998,0.0
2005,5,11,1.20003036,-1.266667,0.0
2005,5,12,1.194068736,-0.9000002,0.0
2005,5,13,1.18098372,-0.8766667,0.0
2005,5,14,1.1871744959999997,0.4066666,0.0
2005,5,15,1.2291342386086956,1.226667,3.672721
2005,5,16,1.2602601599999996,-3.893333,0.1247987
2005,5,17,1.191111384,-3.396667,0.0
2005,5,18,1.119894168,-2.94,0.0
2005,5,19,1.075228872,-2.176666,0.0
2005,5,20,1.052900616,-0.6933336,5.460108
2005,5,21,1.247011968,2.703334,2.464144
2005,5,22,1.7749063919999997,2.133333,0.0
2005,5,23,2.080805568,4.74,2.375551
2005,5,24,2.6345216880000004,3.293333,0.0
2005,5,25,2.662801752,3.263333,1.986623
2005,5,26,2.6094249504,4.213333,2.728306
2005,5,27,3.1690428934736845,2.133333,0.0
2005,5,28,2.8231143360000006,0.6966662,2.222612
2005,5,29,2.489283816,3.423333,4.705008
2005,5,30,2.549578944,2.14,0.9948041
2005,5,31,2.431937952,-0.01666641,0.0
2005,6,1,2.1878022,1.556666,0.0
2005,6,2,2.10783816,1.87,0.0
2005,6,3,2.136196824,1.963333,2.598435
2005,6,4,2.1576296097391308,5.173333,0.0
2005,6,5,2.417613672,2.81,0.0
2005,6,6,2.43956544,-0.9233332,0.0
2005,6,7,2.215855896,0.4733329,0.0
2005,6,8,2.2857096240000008,4.666667,0.0
2005,6,9,2.5264273679999993,6.406666,0.0
2005,6,10,3.122428056,1.033333,0.2163179
2005,6,11,2.854590912,1.73,6.092205
2005,6,12,3.871179552,2.666667,13.48917
2005,6,13,5.896646472,3.476667,3.997612
2005,6,14,5.362906320000001,2.84,7.101105
2005,6,15,6.5480472,5.216666,0.0
2005,6,16,6.539018160000001,6.6,3.256376
2005,6,17,6.61428864,4.92,4.62496
2005,6,18,6.41951832,6.523334,0.0
2005,6,19,5.974667784,10.10333,0.0
2005,6,20,6.163610399999999,10.44333,3.352807
2005,6,21,8.26549248,9.943333,7.832827
2005,6,22,9.43380192,7.45,0.0
2005,6,23,8.903982479999998,8.119999,0.0
2005,6,24,8.66383464,6.676667,0.0
2005,6,25,8.152906559999998,3.873333,0.0
2005,6,26,7.0199136,4.533333,0.0
2005,6,27,5.940712992,4.523333,0.9046316
2005,6,28,4.984047168,4.473333,0.0
2005,6,29,4.244462808000001,8.823333,0.0
2005,6,30,3.889697952,10.46667,0.0
2005,7,1,3.86567052,9.713333,0.0
2005,7,2,4.062543185454546,10.03333,0.0
2005,7,3,4.296453600000001,10.57333,6.187661
2005,7,4,5.486116776,9.193334,0.0
2005,7,5,6.895129679999998,11.76,0.0
2005,7,6,7.796477999999999,12.05,0.0
2005,7,7,7.762329599999998,12.65667,0.0
2005,7,8,7.46109888,14.44667,0.0
2005,7,9,6.57160656,14.20333,0.0
2005,7,10,5.953214879999999,11.33,0.0
2005,7,11,5.541999648000001,14.22333,0.0
2005,7,12,5.218778472,14.34333,0.0
2005,7,13,5.235626976,8.043334,0.0
2005,7,14,5.046010896,6.95,3.420157
2005,7,15,4.607696422956522,7.516666,3.225269
2005,7,16,4.140682728,8.996666,0.0
2005,7,17,3.743329272,11.4,0.0
2005,7,18,3.5023813679999996,11.93333,1.54239
2005,7,19,3.494114688,10.51333,6.265448
2005,7,20,3.684746376,10.34667,7.863072
2005,7,21,5.19251016,10.67333,3.135604
2005,7,22,5.418596951999999,9.983333,0.0
2005,7,23,5.175017208,10.41,0.0
2005,7,24,4.600424688000001,6.983334,0.0
2005,7,25,3.955490993454546,7.186666,2.743036
2005,7,26,3.473629776,7.98,7.078653
2005,7,27,3.2405313599999994,8.24,0.0
2005,7,28,3.036001728,7.243333,9.102419
2005,7,29,2.9652329759999994,10.31667,0.0
2005,7,30,2.8210372319999992,11.29,0.0
2005,7,31,2.678927784,10.17667,3.294377
2005,8,1,2.676797976,8.9,0.0
2005,8,2,2.5677145920000006,9.3,0.0
2005,8,3,2.4891043919999993,8.57,2.637172
2005,8,4,2.432240592,6.066667,1.089961
2005,8,5,2.285696698434782,6.116666,0.0
2005,8,6,2.152484088,3.603333,21.2605
2005,8,7,2.6077951680000004,5.426667,6.718117
2005,8,8,3.6057271680000005,6.79,3.292783
2005,8,9,3.52671024,6.979999,4.051384
2005,8,10,3.52901364,11.29,5.861166
2005,8,11,4.927634400000001,9.043333,8.002602
2005,8,12,5.552900135999999,6.353333,0.0
2005,8,13,4.90871676,6.726666,0.0
2005,8,14,3.93250008,7.889999,0.0
2005,8,15,3.426296784,6.929999,0.0
2005,8,16,3.014374296,5.486667,0.1747179
2005,8,17,2.661708696,6.286667,0.415647
2005,8,18,2.4204478319999994,11.02667,0.0
2005,8,19,2.257373952,11.35333,0.0
2005,8,20,2.229617388521739,9.456666,1.084597
2005,8,21,2.261589096,10.75,0.0
2005,8,22,2.180251488,12.12,5.621418
2005,8,23,2.2599022319999995,8.146667,5.441544
2005,8,24,2.341403256,5.386666,10.61623
2005,8,25,5.047074383999998,5.576666,10.67159
2005,8,26,5.691785184,2.98,0.0
2005,8,27,5.157146519999999,2.833333,0.0
2005,8,28,4.148699423999999,4.686667,5.983553
2005,8,29,3.5665834080000005,7.036666,4.436662
2005,8,30,3.8003756879999986,4.953334,0.0
2005,8,31,3.235507104,7.606667,0.0
2005,9,1,2.9702628864000005,9.403333,7.278679
2005,9,2,2.8032153195789475,8.25,8.425592
2005,9,3,3.081635256,5.616667,0.0
2005,9,4,2.9073186,7.05,8.989212
2005,9,5,3.20031588,8.273333,2.882449
2005,9,6,3.309588216,9.293333,3.065863
2005,9,7,3.53724984,8.416666,1.620505
2005,9,8,3.919770648,5.076666,4.769378
2005,9,9,4.174318056,1.993333,0.0
2005,9,10,3.8895591599999992,2.483333,0.0
2005,9,11,3.4289007360000006,4.203333,0.2287974
2005,9,12,2.927024665043478,3.216667,1.184958
2005,9,13,2.514927696,3.816666,7.009287
2005,9,14,2.38415544,6.046667,3.424076
2005,9,15,2.5982095554782605,-0.21,0.0
2005,9,16,2.800036464,-1.863333,0.6000427
2005,9,17,2.622772728,-0.4000003,0.0
2005,9,18,2.34463788,5.413333,0.0
2005,9,19,2.0843774880000003,6.14,0.0
2005,9,20,1.8829060559999997,4.55,4.345559
2005,9,21,1.7761692479999998,2.556666,0.0
2005,9,22,1.6573663679999997,6.453333,0.0
2005,9,23,1.59752244,6.45,0.8893725
2005,9,24,1.67171988,2.45,0.0
2005,9,25,1.7521665407999998,2.826667,0.0
2005,9,26,1.776416832,6.306666,0.05442798
2005,9,27,1.758029352,5.676666,2.742782
2005,9,28,1.7949202080000004,2.156667,0.0
2005,9,29,1.7660742480000002,0.62,2.273218
2005,9,30,1.724634096,1.366667,5.999009
2005,10,1,1.80019368,4.473333,3.029847
2005,10,2,1.898516592,1.59,0.0
2005,10,3,2.003959728,4.203333,0.0
2005,10,4,1.9507155599999995,6.2,0.0
2005,10,5,1.8536175360000002,3.26,0.0
2005,10,6,1.7400246,3.62,0.0
2005,10,7,1.6252555680000003,5.62,0.0
2005,10,8,1.527524832,5.606666,5.41927
2005,10,9,1.564734168,3.36,2.556857
2005,10,10,1.6030788980869564,4.783333,0.0
2005,10,11,1.548837216,9.04,0.0
2005,10,12,1.504292424,6.966666,0.0
2005,10,13,1.482227016,5.433333,4.145103
2005,10,14,1.487987424,-0.9,0.0
2005,10,15,1.418348832,0.3466665,0.0
2005,10,16,1.38048936,1.736666,0.0
2005,10,17,1.325729832,3.14,0.0
2005,10,18,1.262038032,1.43,0.0
2005,10,19,1.19821284,1.563334,0.0
2005,10,20,1.1540275700869564,-0.5633333,1.909837
2005,10,21,1.124837808,-1.61,7.58525
2005,10,22,1.111253808,-4.593333,5.869071
2005,10,23,1.0753963985454544,-8.67,0.0
2005,10,24,0.9852472145454545,-9.963333,0.0
2005,10,25,0.9695057760000002,-8.823334,16.92617
2005,10,26,1.2117130272,-4.2,0.0
2005,10,27,1.6357106504347827,-0.5866666,0.3970736
2005,10,28,1.4959723967999998,3.243333,4.399271
2005,10,29,1.753022736,4.466667,1.007529
2005,10,30,1.83943224,4.416667,0.0
2005,10,31,2.271418224,6.383333,7.844087
2005,11,1,3.2196058560000007,4.656666,4.039098
2005,11,2,3.976520016,1.046667,0.9372487
2005,11,3,4.159501200000001,1.333334,8.801819
2005,11,4,4.262667940173913,4.306667,4.769445
2005,11,5,4.168790039999999,0.3966665,2.702662
2005,11,6,3.938359992,0.48,0.0
2005,11,7,3.60382524,1.063334,0.1046692
2005,11,8,3.142245552,0.4099998,3.405583
2005,11,9,3.070213056,2.716667,3.02769
2005,11,10,3.1461627359999995,-1.226667,1.625721
2005,11,11,2.9507929679999996,-1.630001,4.639495
2005,11,12,2.708353104,-0.05999994,3.825119
2005,11,13,2.450965028571429,-2.406667,8.578754
2005,11,14,2.414601792,0.7066665,19.62896
2005,11,15,2.6240232,-5.83,0.595332
2005,11,16,2.1395065680000007,-7.123333,0.0
2005,11,17,1.849200864,-7.36,0.0
2005,11,18,1.7224097446956521,-7.016666,0.2791476
2005,11,19,1.6492581359999996,-4.929999,0.3078369
2005,11,20,1.5463211603478257,-3.36,0.1004821
2005,11,21,1.450617883826087,-2.546667,0.0
2005,11,22,1.382287152,0.1200004,0.0
2005,11,23,1.2983718479999997,-1.473333,1.941396
2005,11,24,1.2637224000000002,-3.326666,9.545626
2005,11,25,1.236200808,-4.736666,3.368589
2005,11,26,1.159340304,-9.973333,0.0
2005,11,27,1.9606253384347827,-11.81667,0.1374804
2005,11,28,2.903565336,-11.56667,0.0
2005,11,29,2.925275471999999,-12.80333,4.040257
2005,11,30,2.494189032,-11.62,2.30702
2005,12,1,2.0980412399999997,-9.11,2.577042
2005,12,2,2.10195876,-5.623333,0.0
2005,12,3,2.081175576,-6.123333,0.0
2005,12,4,2.0925131759999998,-7.623334,3.185066
2005,12,5,2.0670568403478264,-7.133333,1.336797
2005,12,6,2.0580931636363635,-5.973332,2.467518
2005,12,7,2.047525296,-6.6,2.461946
2005,12,8,1.9314484340869567,-7.876667,0.0
2005,12,9,1.7847792,-10.03,0.0
2005,12,10,1.8030938160000003,-4.85,4.220291
2005,12,11,1.8240297840000004,1.573333,3.908253
2005,12,12,1.8734950205217387,-4.516666,0.0
2005,12,13,1.8731835046956526,-2.973334,1.17653
2005,12,14,1.8799006254545454,-2.826666,6.479136
2005,12,15,1.874911003826087,-6.386666,0.0
2005,12,16,1.849621872,-9.496667,2.634177
2005,12,17,1.8398196,-8.9,5.386458
2005,12,18,1.816917216,-9.536667,0.7229589
2005,12,19,1.775304384,-10.75333,0.0
2005,12,20,1.7528777759999996,-9.856667,0.0
2005,12,21,1.78913376,-6.983333,0.0
2005,12,22,1.80678336,-6.036667,0.6181697
2005,12,23,1.8200425745454547,-4.543334,1.82017
2005,12,24,1.8367255440000003,-7.519999,0.4708288
2005,12,25,1.8614845178181814,-6.286666,0.1996779
2005,12,26,1.800402768,-9.976666,0.0
2005,12,27,1.7013758879999996,-14.37667,0.0
2005,12,28,1.675829690181818,-15.79,0.0
2005,12,29,1.7134669189565217,-15.89,3.602875
2005,12,30,1.7568359373913047,-12.92,2.809072
2005,12,31,1.7874843264000002,-10.34667,0.0
2006,1,1,1.7909620625454548,-10.45667,0.0
2006,1,2,1.7719083428571427,-8.483333,0.0
2006,1,3,1.768954050782609,-7.796666,0.0
2006,1,4,1.7472433586086957,-6.066666,0.0
2006,1,5,1.7656249711304346,-8.576667,0.0
2006,1,6,1.69564044,-11.21667,0.0
2006,1,7,1.6728173968695654,-10.44,0.0
2006,1,8,1.666032217043478,-11.62,0.0
2006,1,9,1.68583104,-12.55,0.4297104
2006,1,10,1.804628059826087,-5.813333,4.918066
2006,1,11,1.852294344,-2.57,2.735667
2006,1,12,1.81714212,-4.136667,0.0
2006,1,13,1.8580432946086958,-1.92,0.0
2006,1,14,1.916203584,-4.013333,0.0
2006,1,15,1.924568304,-4.29,0.0
2006,1,16,1.9081172639999997,-6.743332,1.401452
2006,1,17,1.8967208180869566,-9.546666,15.2292
2006,1,18,1.8786172525714289,-10.87,4.979525
2006,1,23,1.841117184,-8.636665,0.0
2006,1,24,1.8589871759999996,-6.483333,0.8848504
2006,1,25,1.8707766511304347,-7.399999,0.0
2006,1,26,1.856529627428571,-6.75,0.0
2006,1,29,1.9354032606315792,-2.263333,0.0
2006,1,30,1.9504192320000007,-0.9900007,0.0
2006,1,31,1.9736258112,0.2033339,0.0
2006,2,1,1.9535848559999998,-2.809999,0.0
2006,2,2,1.963546896,-1.533334,0.0
2006,2,3,1.8958317119999997,-6.096667,1.881806
2006,2,4,1.868368224,-9.7,3.442204
2006,2,5,1.8667511373913046,-9.503333,14.11928
2006,2,6,1.8746582880000002,-8.49,3.166883
2006,2,7,1.887279912,-6.306666,5.221486
2006,2,8,1.9181901913043473,-7.789999,7.056403
2006,2,9,1.8981795665454546,-8.383333,0.0
2006,2,10,1.8477732146086954,-12.20333,0.0
2006,2,11,1.828555512,-9.533333,0.0
2006,2,12,1.818035688,-9.776667,0.0
2006,2,13,1.828174539130435,-7.826666,0.0
2006,2,14,1.608348064,-6.323333,2.044219
2006,2,15,0.7582534814117647,-7.97,8.669541
2006,2,16,0.7324433279999999,-8.046667,3.967877
2006,2,17,0.737251656,-11.26667,0.0
2006,2,18,0.75080976,-12.62333,0.0
2006,2,19,0.9020600116363635,-11.76333,0.0
2006,2,20,0.8767928814545455,-9.166666,0.0
2006,2,21,0.873846144,-7.62,0.0
2006,2,22,0.785493504,-3.61,0.0
2006,2,23,0.781173624,1.826667,0.0
2006,2,24,0.769210056,-1.256668,0.0
2006,2,25,0.7404104029090909,-8.796666,1.355733
2006,2,26,0.6906486479999998,-10.86333,0.0
2006,2,27,0.677804784,-11.42,0.8391576
2006,2,28,0.6517707054545455,-15.10333,0.2211623
2006,3,1,0.80128008,-17.02333,2.930142
2006,3,2,0.854551944,-14.80667,0.9384366
2006,3,3,0.821773512,-17.76333,0.0
2006,3,6,0.701588896,-15.36667,0.0
2006,3,7,0.6573836736,-13.18667,0.0
2006,3,8,0.634439784,-12.11,0.0
2006,3,9,0.631653696,-13.95333,1.302055
2006,3,10,0.600209112,-17.84,0.0
2006,3,11,0.588513288,-13.54333,0.0
2006,3,12,0.5907564359999998,-10.48,0.0
2006,3,13,0.5773022653090909,-9.823333,0.0
2006,3,14,0.5637504619636364,-12.3,0.0
2006,3,15,0.5482014672,-13.20667,0.0
2006,3,16,0.547548576,-7.256667,0.0
2006,3,17,0.5464345248,-4.896666,0.0
2006,3,18,0.5441148183272727,-1.983334,0.0
2006,3,19,0.5485186317913043,-7.23,0.2079979
2006,3,20,0.5335712112,-10.35333,0.0
2006,3,21,0.524039424,-11.59333,0.0
2006,3,22,0.5061763898181818,-13.51333,0.0
2006,3,23,0.4875765320347826,-12.43,0.0
2006,3,24,0.47014778639999993,-12.89333,0.0
2006,3,25,0.46418912640000004,-11.12333,0.0
2006,3,26,0.4777002682434782,-9.52,2.861206
2006,3,27,0.47910857040000016,-5.640001,3.330355
2006,3,28,0.48293952768,-3.606667,5.386503
2006,3,29,0.4918521963789474,-2.543333,2.954724
2006,3,30,0.5087209736347825,-4.603333,0.5250282
2006,3,31,0.5271585983999999,-5.74,0.0
2006,4,1,0.5420306128695652,-7.88,0.0
2006,4,2,0.5244409677913044,-6.15,0.6765431
2006,4,3,0.520380408,-4.706667,5.202097
2006,4,4,0.5182200685714287,-6.55,0.363044
2006,4,5,0.529700068173913,-9.333332,0.0
2006,4,6,0.5408974968,-7.059999,0.0
2006,4,7,0.5462486112,-5.976666,0.0
2006,4,8,0.519605871026087,-6.12,4.721876
2006,4,9,0.51499245312,-4.886667,0.0
2006,4,10,0.5201425466181818,-5.92,0.0
2006,4,11,0.5066487288,-7.966667,1.555329
2006,4,12,0.5247336305454545,-3.71,1.769447
2006,4,13,0.5415888096000001,-3.13,2.353612
2006,4,14,0.5301764777739131,-3.526667,0.0
2006,4,15,0.4828889928,-3.043333,0.0
2006,4,16,0.4486525968,-2.22,0.4631377
2006,4,17,0.44198813039999996,-4.513333,0.0
2006,4,18,0.39689493871304343,-5.18,0.0
2006,4,19,0.3605036016,-4.5,0.0
2006,4,20,0.3508516344,-5.53,0.0
2006,4,21,0.34111358574545453,-4.95,0.0
2006,4,22,0.3390221376,-2.533333,0.0
2006,4,23,0.3703082712,-0.8000001,0.0
2006,4,24,0.38225632695652184,-0.9233332,0.0
2006,4,25,0.3818001456,-0.4733333,0.3090313
2006,4,26,0.5003304816,-0.22,2.898978
2006,4,27,0.5784860303999999,-2.4,0.0
2006,4,28,0.5791333848,-3.39,1.585698
2006,4,29,0.46489060080000005,-0.9333333,0.0
2006,4,30,0.45853232880000006,1.146667,1.333106
2006,5,1,0.595017324,-2.226667,2.821309
2006,5,2,0.5400565512,-1.27,1.963595
2006,5,3,0.5965699392,0.4366665,0.0
2006,5,4,0.9666555359999999,4.856666,0.0
2006,5,5,2.088700824,5.273333,0.0
2006,5,6,2.700993648,5.556666,0.0
2006,5,7,3.489653592,6.176666,0.0
2006,5,8,3.9818745840000007,6.853333,0.0
2006,5,9,4.10761872,7.69,0.0
2006,5,10,4.6237776,6.106667,0.0
2006,5,11,4.319262888000002,3.82,0.0
2006,5,12,3.85442664,-1.193333,0.0
2006,5,13,3.1247353919999994,-1.45,0.0
2006,5,14,2.6901370079999993,-3.59,0.0
2006,5,15,2.34793044,-3.253334,0.0
2006,5,16,2.1042975360000002,-1.88,1.607261
2006,5,17,1.939875936,-0.6199999,3.173512
2006,5,18,1.864937328,-0.4100001,7.590207
2006,5,19,1.9687015679999997,2.296667,5.630448
2006,5,20,2.530578696,2.483333,2.322022
2006,5,21,2.9117521439999994,2.656667,4.11699
2006,5,22,3.0379510943999994,0.2866669,5.435953
2006,5,23,3.0329194080000006,1.626666,10.78893
2006,5,24,3.517664664,-0.4499998,1.605097
2006,5,25,3.0749254319999992,-0.9233332,3.996875
2006,5,26,2.658266496,-0.6533334,0.0
2006,5,27,2.327859648,1.4,0.0
2006,5,28,2.16829992,2.843333,0.0
2006,5,29,2.078640050086957,2.07,0.0
2006,5,30,1.9968817199999997,1.16,0.0
2006,5,31,1.898924472,-1.13,0.0
2006,6,1,1.7489766427826086,1.656666,0.0
2006,6,2,1.713774103578947,4.82,0.0
2006,6,3,1.812474336,2.226667,0.0
2006,6,4,1.9520945760000004,1.006667,0.0
2006,6,5,1.6963778122105262,2.946666,0.0
2006,6,6,1.6798539839999997,5.253333,0.0
2006,6,7,1.7318499840000003,6.89,0.0
2006,6,8,2.106011856,8.17,0.0
2006,6,9,2.342156088,11.05,0.0
2006,6,10,2.900578752,13.55,0.0
2006,6,11,3.47761716,14.86,0.0
2006,6,12,4.276251672000001,14.5,0.0
2006,6,13,5.524462775999999,12.22667,0.0
2006,6,14,6.808788062608696,4.346666,0.0
2006,6,15,6.158792848695652,8.086666,0.0
2006,6,16,5.231909637818182,10.01667,0.0
2006,6,17,4.40798976,11.21667,2.484114
2006,6,18,4.247878656000001,10.28667,2.685359
2006,6,19,4.472473911652174,8.713333,5.050779
2006,6,20,5.059746504,9.183333,2.019192
2006,6,21,5.334092856,6.366666,7.095638
2006,6,22,5.624090521043478,4.303334,5.551894
2006,6,23,5.15313200973913,4.796666,0.0
2006,6,24,4.493045601391304,5.956667,2.153838
2006,6,25,3.820503311999999,6.066666,0.0
2006,6,26,3.3132717579130433,7.736666,0.0
2006,6,27,2.984653806545454,8.309999,3.305785
2006,6,28,2.916813912,8.679999,0.0
2006,6,29,2.825234279999999,11.17,0.0
2006,6,30,2.769539184,12.81333,0.0
2006,7,1,2.741788014545455,11.76333,0.0
2006,7,2,2.754546408,13.56,0.0
2006,7,3,2.816756076521739,12.07,0.3993576
2006,7,4,2.8839768292173913,12.48,0.0
2006,7,5,2.995309099636364,13.41,0.5266052
2006,7,6,3.09752448,14.06333,3.996727
2006,7,7,3.2774295067826085,14.79,1.76463
2006,7,8,3.4445998341818185,10.62667,1.168868
2006,7,9,3.433512384,7.01,7.942203
2006,7,10,3.5580710749090905,9.493333,2.113968
2006,7,11,3.9395586000000007,6.586667,4.253676
2006,7,12,3.9543618615652174,7.043333,2.651639
2006,7,13,3.6831881040000005,6.753334,0.153918
2006,7,14,3.39176844,4.923333,0.0
2006,7,15,3.0591488473043476,9.983333,0.0
2006,7,16,2.697649583999999,13.25667,0.0
2006,7,17,2.456539149913043,9.866667,0.5299118
2006,7,18,2.2903897745454542,8.813334,0.0
2006,7,19,2.193659712,10.97667,0.0
2006,7,20,2.1191873697391306,13.83667,0.0
2006,7,21,2.128543863652174,14.57333,0.0
2006,7,22,2.1883881349565213,14.13667,0.0
2006,7,23,2.2782906406956527,14.80667,0.4599698
2006,7,24,2.484294624,12.94,0.697654
2006,7,25,2.6420095680000006,13.26333,0.0
2006,7,26,2.606162086956522,14.62667,0.0
2006,7,27,2.6268801057391307,14.37,7.248926
2006,7,28,2.822076212869565,12.08667,7.677413
2006,7,29,3.5849388772173914,12.66,3.820067
2006,7,30,3.3714481085217387,13.27,4.144851
2006,7,31,3.292224719999999,11.62333,6.794369
2006,8,1,3.5905665224347825,11.24333,0.0
2006,8,2,3.5363872799999996,10.68333,3.049557
2006,8,3,3.373154821565217,12.05,0.0
2006,8,4,3.185388696,13.62333,0.0
2006,8,5,2.962544475428572,13.8,0.0
2006,8,6,2.796304392,15.32667,3.391265
2006,8,7,2.778863304,10.09333,4.866611
2006,8,8,2.769051672,8.826667,2.203795
2006,8,9,2.7369982079999993,9.099999,13.38394
2006,8,10,4.676332392,9.07,4.888865
2006,8,11,4.671405947076922,10.22333,1.615353
2006,8,12,4.350707386434782,10.57333,0.0
2006,8,13,3.884440008,10.62333,0.0
2006,8,14,3.503875842782609,8.813333,6.369029
2006,8,15,4.17964708173913,9.179998,12.98706
2006,8,16,6.248203776000001,8.59,0.0
2006,8,17,4.863922968,9.436666,0.4423246
2006,8,18,4.346190336000001,10.27667,0.0
2006,8,19,3.882134932363636,10.46,0.0
2006,8,20,3.462684505043478,9.74,7.062565
2006,8,21,3.411711768,10.14333,3.669309
2006,8,22,3.51116088,10.39,7.587791
2006,8,23,3.675708696,9.930001,5.178354
2006,8,24,3.810675144,9.093333,4.89916
2006,8,25,4.350415055999998,9.509999,1.594983
2006,8,26,4.077828713739129,10.23,0.1955183
2006,8,27,3.830784744,8.74,8.450953
2006,8,28,3.9644997119999994,7.710001,6.978318
2006,8,29,4.65525648,6.976666,2.604699
2006,8,30,4.607552973913044,7.486667,1.290822
2006,8,31,4.2344562816,7.563333,0.7731199
2006,9,1,3.90532932,7.74,0.09151936
2006,9,2,3.522886176,6.81,10.55639
2006,9,3,3.9136375243636374,5.616667,11.9621
2006,9,4,4.123773024000001,5.343333,2.078571
2006,9,5,3.6207850852173915,6.44,0.483268
2006,9,6,3.236623416,3.583333,6.081053
2006,9,7,3.1344185488695655,3.436666,0.0
2006,9,8,2.712887424,3.463333,0.1955178
2006,9,9,2.440485672,6.65,0.0
2006,9,10,2.2114217739130435,6.643332,0.0
2006,9,11,2.051023415999999,7.333333,0.0
2006,9,12,1.9261081878260866,9.343332,0.9246881
2006,9,13,1.908163224,9.829999,1.080187
2006,9,14,1.951533754434783,10.52,0.0
2006,9,15,1.8980079526956524,8.633333,0.0
2006,9,16,1.869898296,7.483334,0.0
2006,9,17,1.8372665238260866,5.986667,0.0
2006,9,18,1.7721792250434787,7.793333,0.0
2006,9,19,1.715548584,7.66,4.19073
2006,9,20,1.7198900953043477,5.446667,2.727578
2006,9,21,1.697605256347826,9.333333,0.0
2006,9,22,1.8523842198260874,10.52333,0.0
2006,9,23,1.8775952640000002,8.643332,0.0
2006,9,24,1.954113336,7.606667,0.3893692
2006,9,25,2.010210548869565,7.61,6.47326
2006,9,26,2.1014579520000005,7.923333,3.331617
2006,9,27,2.132546237217391,7.226667,2.780369
2006,9,28,2.1410630312727275,6.340001,6.374383
2006,9,29,2.146978518260869,5.77,0.0
2006,9,30,2.0722706879999997,5.376666,1.644982
2006,10,1,1.980161555478261,5.406666,0.0
2006,10,2,1.910225533090909,2.86,10.28747
2006,10,3,1.9393796535652172,3.76,4.39081
2006,10,4,2.0191209774545458,3.573333,1.38356
2006,10,5,1.8816155607272727,2.71,6.444666
2006,10,6,1.8672262372173913,0.81,13.31573
2006,10,7,2.461698707478261,3.93,5.250307
2006,10,8,2.591016432,3.603333,0.4883789
2006,10,9,2.420202039652174,3.036667,0.4597405
2006,10,10,2.2894823389090906,3.113333,0.0
2006,10,11,2.1545646,1.713333,1.22857
2006,10,12,2.038196472,2.626666,1.069873
2006,10,13,1.940301864,3.6,0.0
2006,10,14,1.8368771520000002,6.166667,0.0
2006,10,15,1.723430867478261,4.31,0.0
2006,10,16,1.6336801502608693,1.4,0.0
2006,10,17,1.5585828229565217,-0.03666675,0.4860291
2006,10,18,1.5023972735999997,-1.653333,15.51737
2006,10,19,1.4889136774736844,-0.6599997,1.394365
2006,10,20,1.4789130824347827,0.29,5.492326
2006,10,21,1.5904146365217393,1.136667,2.301973
2006,10,22,1.5540965843478263,1.31,1.168654
2006,10,23,1.510458384,0.5799997,0.0
2006,10,24,1.4483978295652173,-0.8866665,3.967498
2006,10,25,1.4138119920000003,-3.19,1.661367
2006,10,26,1.3699822163478264,-4.973333,16.04896
2006,10,27,1.3563629718260868,-4.256667,0.0
2006,10,28,1.2660618,-7.099999,0.0
2006,10,29,1.211575248,-6.633333,3.429862
2006,10,30,1.218484992,-4.853333,23.62187
2006,10,31,1.2445773312000001,-8.276667,5.670385
2006,11,1,1.201271448,-10.35333,0.470721
2006,11,2,1.1974257188571429,-8.493334,0.0
2006,11,3,1.170682224,-4.513333,0.0
2006,11,4,1.1543677165714286,-1.82,4.83701
2006,11,5,1.1197474298181818,-2.963334,5.853208
2006,11,6,1.0995508800000002,-0.5966668,1.294657
2006,11,7,1.107429936,-1.443333,0.0
2006,11,8,1.0356728681739131,-4.143333,0.0
2006,11,9,0.9542288473043479,-6.893332,0.0
2006,11,10,0.9932831738181819,-6.336667,1.940099
2006,11,11,1.0253439610434782,-4.833333,0.0
2006,11,12,0.927231451826087,-6.166667,1.964964
2006,11,13,0.9371618921739132,-5.946667,4.113424
2006,11,14,0.9412300299130434,-4.643333,1.110803
2006,11,15,0.8791521737142857,-6.15,4.437349
2006,11,16,0.891780048,-2.26,7.251065
2006,11,17,0.9470063332173914,-1.893333,5.146326
2006,11,18,0.976058664,-2.106666,4.266252
2006,11,19,0.933070296,-5.396666,1.441826
2006,11,20,0.9549177120000002,-3.71,7.37887
2006,11,21,0.982983192,-3.16,3.016654
2006,11,22,0.9333315172173914,-3.716666,5.226238
2006,11,23,0.9220591471304347,-2.596666,4.360294
2006,11,24,0.919705584,-2.436667,0.9600389
2006,11,25,0.927291792,-1.433333,12.38326
2006,11,26,1.0818860399999997,-0.3633332,0.9554225
2006,11,27,1.008204888,-2.083333,0.0
2006,11,28,1.0128063796363638,0.1133327,3.76797
2006,11,29,1.1112817586086956,-0.7433338,6.098953
2006,11,30,1.1124764770909092,-0.2466669,2.953274
2006,12,1,1.126970592,0.373333,0.9894807
2006,12,2,1.1047017099130434,-2.263332,2.407799
2006,12,3,1.081540872,-3.136667,6.892555
2006,12,4,1.1155476646956524,-1.636667,4.438986
2006,12,5,1.106029544727273,-1.123334,5.867045
2006,12,6,1.068082584,-3.883333,1.96173
2006,12,7,0.985481136,-6.1,12.66786
2006,12,8,1.07942736,-2.346666,0.0
2006,12,9,0.9755715839999999,-4.576667,0.0
2006,12,10,0.9504724799999998,-3.723333,7.589645
2006,12,11,1.0444696756363636,-1.1,5.238112
2006,12,12,0.9785460384,-3.196666,3.265594
2006,12,13,0.9689734534736844,-3.486667,4.272934
2006,12,14,0.9804339017142857,-2.25,11.37704
2006,12,15,1.0082476048695652,-3.816667,5.865109
2006,12,16,0.97304664,-6.503333,0.0
2006,12,17,0.9375899432727272,-9.306666,0.0
2006,12,18,0.970623192,-7.623333,0.0
2006,12,19,1.06311756,-4.32,0.8379644
2006,12,20,1.095539856,0.3466654,0.0
2006,12,21,0.8963507931428573,-1.06,0.0
2006,12,22,0.9391691519999998,-1.22,0.2260853
2006,12,23,0.9480437759999999,1.066667,0.0
2006,12,24,0.9717628800000001,1.91,0.0
2006,12,25,0.8985449280000002,-1.616666,0.0
2006,12,26,0.962254152,-0.03666687,0.0
2006,12,27,0.9162228897391305,-0.3999996,0.0
2006,12,28,0.868187938909091,-3.073333,0.0
2006,12,29,0.76829964,-6.34,2.386194
2006,12,30,0.9075069600000002,-3.236667,6.521864
2006,12,31,0.8737150413913043,-4.839999,5.780787
2007,1,1,0.827729904,-4.916667,3.139078
2007,1,2,0.8121691337142856,-4.976666,0.4623878
2007,1,3,0.8259733919999999,-5.059999,3.653718
2007,1,4,0.8527829279999999,-2.346666,4.81149
2007,1,5,0.7590833279999999,-5.84,3.002511
2007,1,6,0.719582256,-6.28,0.0
2007,1,7,0.7392219054545455,-5.49,5.727928
2007,1,8,0.79397604,-3.913332,6.658151
2007,1,9,0.811531128,-3.193333,13.18902
2007,1,10,0.7807204079999999,-8.109999,0.0
2007,1,11,0.7409505725217391,-11.94333,6.316363
2007,1,12,0.8187593071304347,-7.146667,7.035885
2007,1,13,0.8788179403636364,-6.85,12.69075
2007,1,14,0.9228889309090909,-6.74,8.551394
2007,1,15,0.928760952,-3.506667,4.150671
2007,1,16,0.9930817832727273,-7.126666,2.705448
2007,1,17,0.9644190624,-10.04,11.36636
2007,1,18,1.079922192,-8.57,3.987402
2007,1,19,1.1738225454545455,-9.126667,0.3460553
2007,1,20,1.2126451366956523,-11.73,7.982276
2007,1,21,1.3575361085217392,-12.83,1.531443
2007,1,22,1.468992884869565,-11.42333,1.564937
2007,1,23,1.630874208,-12.54667,2.683643
2007,1,24,1.6660318080000003,-15.45667,0.0
2007,1,25,1.550462332235294,-12.63,2.390231
2007,1,26,1.743244681846154,-9.133333,4.531858
2007,1,27,1.6449140571428573,-12.39333,5.145425
2007,1,28,1.7888991185454546,-8.693333,6.486302
2007,1,29,1.8124581394285715,-6.629999,2.141907
2007,1,30,2.755073664,-1.956667,1.49109
2007,1,31,2.746324584,-4.71,1.732342
2007,2,1,2.725190327999999,-5.1,0.0
2007,2,2,3.0390174219130435,-3.02,5.570533
2007,2,3,2.928067425391305,-1.683334,2.608818
2007,2,4,2.59570548,-5.283333,3.15141
2007,2,5,2.541808987826087,-9.21,2.600018
2007,2,6,2.6772518066086954,-14.50333,0.0
2007,2,7,3.0700331999999992,-17.96,0.0
2007,2,8,3.764200495304348,-19.89,0.0
2007,2,9,4.340628408,-19.48333,0.0
2007,2,10,4.731262795636364,-16.33667,0.0
2007,2,11,5.013685021090909,-14.31,0.0
2007,2,12,5.048050608,-15.32667,0.0
2007,2,13,4.842143373913044,-10.89667,0.0
2007,2,14,4.7860592091428575,-9.443333,0.06239927
2007,2,15,4.170735552,-7.133333,0.0
2007,2,16,3.854025,-3.693334,3.932918
2007,2,17,3.3462925857391306,-4.903333,6.947698
2007,2,18,2.8085268239999994,-6.056666,0.0
2007,2,19,2.386458432,-7.589999,0.2121578
2007,2,20,1.9123845504000003,-14.57333,4.452149
2007,2,21,1.6791376471578947,-18.85333,1.955221
2007,2,22,1.548852744,-17.57333,1.694595
2007,2,23,1.4327337360000003,-13.86667,5.381887
2007,2,24,1.3148121076363635,-9.503334,4.061531
2007,2,25,1.2198483422608695,-8.46,2.908309
2007,2,26,1.158049152,-7.11,3.086529
2007,2,27,1.113464664,-7.88,6.305316
2007,2,28,1.1097533050434782,-8.089999,3.59065
2007,3,1,1.086714024,-6.293334,0.0
2007,3,2,1.071582811826087,-5.55,0.0
2007,3,3,1.05098316,-5.92,0.7606396
2007,3,4,1.0349949412173913,-5.129999,1.682073
2007,3,5,1.046328,-6.163333,7.302123
2007,3,6,1.145854032,-5.183333,9.438009
2007,3,7,1.124094903652174,-4.126667,0.0
2007,3,8,1.054886304,-5.65,0.0
2007,3,9,0.9879099464347827,-5.243334,0.6811179
2007,3,10,0.9588644845714286,-5.066667,7.56675
2007,3,11,0.9383044712727273,-0.5933328,0.0
2007,3,12,1.016641032,-0.1833334,0.7307292
2007,3,13,1.0262395439999998,-2.356667,2.601154
2007,3,14,0.9696353947826086,-1.223333,0.0
2007,3,15,0.9157880160000001,0.1599994,0.0
2007,3,16,0.9395964654545454,-4.29,2.932288
2007,3,17,0.90774432,-6.93,5.388194
2007,3,18,0.8739567120000001,-6.54,0.8170977
2007,3,19,0.828912648,-6.166666,1.410455
2007,3,20,0.7705836187826086,-5.483334,0.0
2007,3,21,0.846599328,-8.476666,0.0
2007,3,22,0.9515366233043476,-3.423332,0.0
2007,3,23,0.833711904,-3.7,0.0
2007,3,24,0.803422280347826,0.02999973,0.0
2007,3,25,0.7892500257391305,0.2766662,0.0
2007,3,26,0.7339455600000001,-0.7066674,0.0
2007,3,27,0.775038768,1.433333,0.0
2007,3,28,0.755350824,0.06999969,0.0
2007,3,29,0.751598736,-0.01000023,0.0
2007,3,30,0.48319114320000006,-2.053333,0.0
2007,3,31,0.1591101528,-3.383333,0.0
2007,4,1,0.15145972559999996,0.5366669,0.0
2007,4,2,0.159086556,-1.296667,0.0
2007,4,3,0.330078696,-3.806667,0.0
2007,4,4,0.4937441208,0.8066664,0.1289586
2007,4,5,0.5245184773565218,-5.706666,1.033336
2007,4,6,0.41903209680000003,-8.333333,0.2121578
2007,4,7,0.4756540632,-8.043333,0.0
2007,4,8,0.39765935039999994,-9.386666,5.509261
2007,4,9,0.40404361679999995,-8.423332,3.593587
2007,4,10,0.3711137783999999,-3.44,1.916198
2007,4,11,0.36979768080000003,-3.53,0.0
2007,4,12,0.36931715280000005,-0.3600001,0.0
2007,4,13,0.406838664,1.97,0.0
2007,4,14,0.4356263328,5.43,0.0
2007,4,15,0.47885203439999996,6.146667,0.0
2007,4,16,0.5866863312,2.29,0.0
2007,4,17,0.627525096,-1.526667,0.0
2007,4,18,0.602545752,-3.943333,3.516118
2007,4,19,0.5707918416000001,-5.33,3.963021
2007,4,20,0.5163768407999999,-7.323333,0.0
2007,4,21,0.5065687007999999,-7.26,1.060829
2007,4,22,0.4996399632,-1.42,2.166239
2007,4,23,0.53847354,3.056666,0.0
2007,4,24,0.76301208,3.5,0.0
2007,4,25,1.100078736,3.77,1.749464
2007,4,26,1.956411384,4.4,0.0
2007,4,27,2.648066616,1.893333,0.0
2007,4,28,2.8923338400000005,2.333333,0.0
2007,4,29,2.903603064,2.58,0.0
2007,4,30,3.130198512,3.77,0.0
2007,5,1,3.408091296,4.193333,0.0
2007,5,2,3.6554224080000006,5.226666,0.0
2007,5,3,3.8543544960000005,5.253333,0.0
2007,5,4,3.9162263760000005,4.186667,0.0
2007,5,5,3.807482544,2.123333,0.0
2007,5,6,3.524305848,1.343333,0.4553674
2007,5,7,3.26590344,0.7,0.0
2007,5,8,3.07386876,0.2833334,2.324651
2007,5,9,2.776155864,-1.98,0.0
2007,5,10,2.512390176,-2.31,0.0
2007,5,11,2.277337608,-1.213333,0.0
2007,5,12,2.078287392,-1.173333,6.537334
2007,5,13,2.069598576,0.01333332,0.0
2007,5,14,2.114666424,-1.223334,6.851115
2007,5,15,2.0590270559999997,-1.856666,0.0
2007,5,16,1.881122232,-1.816667,0.0
2007,5,17,1.725637152,-0.5133333,0.0
2007,5,18,1.6447274880000002,-0.01666665,5.940528
2007,5,19,1.8378540240000003,2.476667,1.950107
2007,5,20,2.08853472,2.843333,0.0
2007,5,21,2.1716226,2.49,0.0
2007,5,22,2.1251294880000002,1.256667,0.0
2007,5,23,2.0890049279999996,1.126666,3.085843
2007,5,24,2.0678866320000004,2.566667,0.0
2007,5,25,2.256529224,2.8,0.0
2007,5,26,2.311070664,0.1433332,0.0
2007,5,27,2.1395065439999996,0.8933332,7.617889
2007,5,28,2.194930272,0.003333092,10.50116
2007,5,29,2.402392344,4.59,2.507963
2007,5,30,2.6961401999999994,8.383332,14.51774
2007,5,31,4.445557824,6.753334,5.232277
2007,6,1,5.436165528,4.633333,0.0
2007,6,2,5.387992487999998,8.073334,0.0
2007,6,3,5.565136872,10.25333,0.0
2007,6,4,5.811535247999998,11.39667,0.0
2007,6,5,5.967464208,12.48,0.0
2007,6,6,6.4379316000000015,13.46,0.0
2007,6,7,7.2350868,14.00667,0.0
2007,6,8,7.99378656,14.69333,0.0
2007,6,9,8.507174159999998,14.74,0.0
2007,6,10,8.86629384,14.28333,0.0
2007,6,11,8.75953608,12.28,0.0
2007,6,12,8.42826456,4.703333,0.0
2007,6,13,7.25430792,1.106667,5.214719
2007,6,14,6.08317368,-0.7000003,0.0
2007,6,15,4.926851351999999,3.346666,0.0
2007,6,16,3.9985079279999995,8.14,0.0
2007,6,17,3.466641792,7.306666,0.0
2007,6,18,3.1514644320000005,8.150001,0.0
2007,6,19,3.074509032000001,7.996666,0.0
2007,6,20,3.091624488,10.3,0.0
2007,6,21,3.244068216,10.02667,2.559569
2007,6,22,3.6981967440000005,7.25,13.76185
2007,6,23,5.197411103999999,6.613333,21.57885
2007,6,24,9.508165680000003,6.87,7.23972
2007,6,25,9.53989416,8.809999,3.778398
2007,6,26,8.63367096,8.57,0.0
2007,6,27,7.22992272,9.536666,0.0
2007,6,28,6.2508768,8.059999,0.0
2007,6,29,5.674451088,6.45,0.6347706
2007,6,30,5.189397335999999,8.463333,1.013635
2007,7,1,4.842834552,9.509999,0.0
2007,7,2,4.677121872,7.16,2.397043
2007,7,3,5.166009215999999,7.836667,7.25899
2007,7,4,11.56222272,8.543333,15.88308
2007,7,5,21.33074832,9.306666,7.050417
2007,7,6,22.843152719999996,11.62667,0.0
2007,7,7,16.45098456,12.51,0.0
2007,7,8,12.1637112,11.65333,14.45302
2007,7,9,14.07090408,8.266666,14.72565
2007,7,10,13.25767032,7.096666,9.555911
2007,7,11,11.88305448,7.719999,5.005881
2007,7,12,10.146042480000002,7.119999,4.680532
2007,7,13,9.870821039999997,6.78,2.133695
2007,7,14,8.524993199999999,7.266666,4.504443
2007,7,15,7.51321488,8.08,0.0
2007,7,16,6.78495168,10.15667,0.0
2007,7,17,6.710357040000002,9.77,23.53722
2007,7,18,9.377244,7.253334,0.0
2007,7,19,8.71568448,4.92,0.0
2007,7,20,7.49055768,6.27,0.0
2007,7,21,5.920426632,8.83,0.0
2007,7,22,5.318220240000001,9.343333,2.512953
2007,7,23,4.942065192,7.806666,7.761287
2007,7,24,5.22830088,8.096666,4.752501
2007,7,25,4.957154184,8.52,0.0
2007,7,26,4.563677471999998,8.896667,2.063918
2007,7,27,4.519481016,7.613333,3.965998
2007,7,28,4.959555984,6.816667,3.550135
2007,7,29,4.790193216000001,5.97,4.02569
2007,7,30,4.569567384,5.573333,7.901562
2007,7,31,4.584460824,6.403334,0.0
2007,8,1,4.115196599999999,6.316667,1.164988
2007,8,2,3.789706536,6.293334,0.0
2007,8,3,3.0689361119999994,6.436666,0.0
2007,8,4,2.85551304,8.496666,2.844593
2007,8,5,2.735992032000001,8.94,3.442546
2007,8,6,2.9068583279999993,12.27667,0.0
2007,8,7,3.205451808,13.82,0.0
2007,8,8,3.632720880000001,12.35667,3.501332
2007,8,9,4.392244248,11.90667,1.655892
2007,8,10,4.726618608000002,12.23667,0.0
2007,8,11,4.811604048,11.73667,4.251465
2007,8,12,4.716168624,12.51,19.26786
2007,8,13,6.46975524,10.81,8.77527
2007,8,14,6.130979064000002,7.373333,5.668117
2007,8,15,9.572227968,7.933332,11.95573
2007,8,16,13.313252400000003,7.303333,0.0
2007,8,17,11.0939904,5.493333,1.868558
2007,8,18,8.36532576,5.21,0.0
2007,8,19,6.4315156080000015,5.26,1.828503
2007,8,20,5.207258976,7.236666,1.528906
2007,8,21,4.482137255999999,10.21667,0.0
2007,8,22,3.62682036,11.62,0.0
2007,8,23,3.280892952,12.36667,0.0
2007,8,24,3.049594128,10.70333,0.0
2007,8,25,2.887716024,6.386666,0.5167047
2007,8,26,2.739329184,4.16,1.999984
2007,8,27,2.551493472,1.006667,0.0
2007,8,28,2.244211776,0.8366671,0.112319
2007,8,29,2.022029784,0.003333092,0.1414387
2007,8,30,1.836192576,0.4000006,0.2041609
2007,8,31,1.668954336,1.64,0.0
2007,9,1,1.533797448,0.6500001,1.926289
2007,9,2,1.468871376,3.71,0.0
2007,9,3,1.3805703600000003,-0.6766658,10.14264
2007,9,4,1.3496620560000003,1.373333,0.0
2007,9,5,1.27864104,4.57,0.0
2007,9,6,1.2127274399999997,3.536667,2.506928
2007,9,7,1.158278616,6.283333,2.936986
2007,9,8,1.12481688,5.153333,0.3500147
2007,9,9,1.126418856,3.486667,4.40078
2007,9,10,1.130649336,3.37,0.0
2007,9,11,1.111039296,3.793334,0.0
2007,9,12,1.09933584,2.56,0.0
2007,9,13,1.0719296879999998,3.203333,2.026427
2007,9,14,1.0578995279999999,3.233333,6.021087
2007,9,15,1.051194216,-1.27,6.189161
2007,9,16,1.031229432,-0.2933333,8.162885
2007,9,17,1.06984896,-0.28,0.0
2007,9,18,1.04179224,-2.3,0.0
2007,9,19,1.00521804,-1.806667,0.5090451
2007,9,20,0.9849575040000002,0.5100002,3.440179
2007,9,21,0.98215128,1.51,2.188338
2007,9,22,0.9569949360000002,1.476667,0.0
2007,9,23,0.940398792,4.043334,1.477873
2007,9,24,0.958545864,7.306667,3.727136
2007,9,25,1.225450824,4.476666,0.0
2007,9,26,1.581229392,0.9400001,0.0
2007,9,27,2.221038624,-0.7499999,0.0
2007,9,28,2.332393896,0.4800001,0.0
2007,9,29,2.1533180640000005,0.2366667,11.62906
2007,9,30,2.281644096,3.26,10.01794
2007,10,1,2.584665576,2.63,0.0
2007,10,2,2.3975572559999994,1.35,0.0
2007,10,3,2.331120696,2.423333,0.0
2007,10,4,2.139297744,2.866666,0.0
2007,10,5,1.9536041040000003,2.83,0.0
2007,10,6,1.774175472,2.983334,0.0
2007,10,7,1.639670736,1.6,0.0
2007,10,8,1.441734768,-1.116667,0.0
2007,10,9,1.278861312,-2.003333,0.0
2007,10,10,1.235616264,-2.526666,4.869003
2007,10,11,1.186961616,-1.356667,4.629404
2007,10,12,1.160756784,-1.3,0.0
2007,10,13,1.1357400479999997,-0.02000001,0.0
2007,10,14,1.114886184,1.73,0.0
2007,10,15,1.114551528,3.32,0.0
2007,10,16,1.121384304,3.09,4.329054
2007,10,17,1.135188096,-1.396667,0.0
2007,10,18,1.094364648,-4.826667,0.0
2007,10,19,1.061552256,-2.463333,0.956279
2007,10,20,1.091940672,2.273333,0.0
2007,10,21,1.094640216,3.12,0.0
2007,10,22,1.068338736,1.933333,0.0
2007,10,23,1.072385688,1.136667,0.0
2007,10,24,1.022106528,1.19,0.0
2007,10,25,0.98558892,0.6066668,0.0
2007,10,26,0.9837175199999998,0.7066667,0.0
2007,10,27,0.9680935920000003,0.8066664,1.093211
2007,10,28,1.04159352,4.86,6.610456
2007,10,29,1.54032012,-0.8766665,0.5506445
2007,10,30,1.34581452,-3.8,0.2495977
2007,10,31,1.410125472,-2.91,8.688599
2007,11,1,1.6485465839999998,-2.226667,0.0
2007,11,2,1.4991106079999996,-3.373333,9.703639
2007,11,3,1.4967251279999996,-1.93,1.994528
2007,11,4,1.4674145520000004,-3.77,0.0
2007,11,5,1.3997393759999996,-3.91,4.066254
2007,11,6,1.3728131280000002,-6.146667,2.549908
2007,11,7,1.3125683279999998,-5.609999,0.212158
2007,11,8,1.2474591599999998,-3.576666,4.262482
2007,11,9,1.178910552,-7.043333,4.365905
2007,11,10,1.099863672,-7.563334,3.247841
2007,11,11,1.0455674400000001,-6.346667,0.312881
2007,11,12,1.0264750320000002,-4.603333,1.265044
2007,11,13,0.9743092560000002,-7.61,0.0
2007,11,14,0.901909992,-11.39667,0.0
2007,11,15,0.848079984,-6.686666,0.0
2007,11,16,0.825290016,-0.170001,0.0
2007,11,17,0.776144184,-2.023333,0.0
2007,11,18,0.7579646159999999,-5.466666,0.0
2007,11,19,0.746843016,-4.206666,0.0
2007,11,20,0.741578928,-4.09,0.0
2007,11,21,0.70139832,-4.863334,4.135899
2007,11,22,0.69579924,-4.543333,5.426413
2007,11,23,0.692617128,-9.1,0.0
2007,11,24,0.6785594879999999,-7.636666,2.451827
2007,11,25,0.6615268320000002,-8.75,4.622963
2007,11,26,0.641875416,-9.053333,0.0
2007,11,27,0.6310110479999999,-8.446667,1.477886
2007,11,28,0.603777252,-5.953333,15.44619
2007,11,29,0.6035927279999999,-5.33,5.076438
2007,11,30,0.5850288144,-6.286667,13.1123
2007,12,1,0.5912984424,-5.26,19.56316
2007,12,2,0.5766702552,-7.399999,8.602487
2007,12,3,0.5729486736,-8.643333,0.0
2007,12,4,0.5653936752000001,-10.80667,3.273714
2007,12,5,0.5809093272,-2.343334,3.614373
2007,12,6,0.54711354,-1.786667,3.652364
2007,12,7,0.553667976,-5.213334,0.0
2007,12,8,0.5621567952000001,-7.586667,0.0
2007,12,9,0.5535578712,-8.77,0.0
2007,12,10,0.5448869112000001,-9.503333,0.0
2007,12,11,0.5339913816,-10.37667,0.0
2007,12,12,0.5321977703999999,-10.49333,0.0
2007,12,13,0.48751847039999996,-7.606667,0.0
2007,12,14,0.44424984240000004,-4.336667,0.0
2007,12,15,0.44237190719999997,-4.026667,0.0
2007,12,16,0.44794075920000004,-4.326666,0.0
2007,12,17,0.4532143656,-6.63,0.0
2007,12,18,0.4519562256,-3.99,0.0
2007,12,19,0.461632524,-2.633334,0.0
2007,12,20,0.4639136808,-3.633334,0.0
2007,12,21,0.46656564720000004,-4.68,0.0
2007,12,22,0.46036255680000004,-7.47,0.0
2007,12,23,0.445614528,-9.463334,0.0
2007,12,24,0.43752192959999997,-6.286666,0.8896932
2007,12,25,0.4339929096,-9.293332,3.430853
2007,12,26,0.43610761919999996,-6.093334,0.0
2007,12,27,0.4463358192,-0.5166655,5.024103
2007,12,28,0.447088992,-4.74,4.333216
2007,12,29,0.45162255120000006,-5.06,4.433657
2007,12,30,0.442657584,-6.926666,0.3244768
2007,12,31,0.4458910176,-9.789999,0.0
2008,1,1,0.4465514376,-11.50333,2.483777
2008,1,2,0.44623242720000006,-8.363333,3.57515
2008,1,3,0.45473694719999996,-11.73333,5.795026
2008,1,4,0.4580502288,-11.87333,5.444488
2008,1,5,0.4630195776,-11.49333,9.722562
2008,1,6,0.46629208079999995,-9.093333,3.016993
2008,1,7,0.47057484480000006,-7.646666,3.598109
2008,1,8,0.4703897472,-7.016666,3.698325
2008,1,9,0.4754545944000001,-6.19,7.137873
2008,1,10,0.48008092319999995,-4.819999,7.641551
2008,1,11,0.4871309904000001,-5.926666,0.0
2008,1,12,0.4991925528,-9.246666,0.0
2008,1,13,0.48968943119999997,-7.72,4.729459
2008,1,14,0.49480014960000007,-4.113333,4.5527
2008,1,15,0.4980946584,-3.033333,6.727686
2008,1,16,0.5006000712,-3.813332,16.16122
2008,1,17,0.4945529136000001,-6.773333,2.240771
2008,1,18,0.5075110655999999,-9.08,12.90584
2008,1,19,0.501112956,-5.323333,5.96608
2008,1,20,0.5145890112000001,-7.186667,9.921586
2008,1,21,0.5104353143999999,-9.469999,0.0
2008,1,22,0.5144003448000001,-12.06333,0.0
2008,1,23,0.5126558568,-9.159999,8.382264
2008,1,24,0.5184362208000001,-5.489999,10.13083
2008,1,25,0.5237646480000001,-5.636666,8.619916
2008,1,26,0.5287760807999998,-8.286667,8.786878
2008,1,27,0.5156516376000001,-8.793332,0.0
2008,1,28,0.5189024016000001,-3.96,0.0
2008,1,29,0.5198024784,-3.21,0.0
2008,1,30,0.5295816120000001,-10.10333,0.0
2008,1,31,0.5397980016,-7.639999,8.617302
2008,2,1,0.5316851328000001,-7.396667,2.692676
2008,2,2,0.5362471608,-13.69667,2.037266
2008,2,3,0.535479252,-12.37333,8.990221
2008,2,4,0.5368089599999999,-7.976666,4.778989
2008,2,5,0.5347339872,-6.466667,7.21675
2008,2,6,0.5361435024,-5.016666,5.601936
2008,2,7,0.5374708967999999,-7.316666,0.0
2008,2,8,0.5393014512000001,-4.119999,0.3208143
2008,2,9,0.5415296639999998,-1.643333,0.0
2008,2,10,0.5442102336000001,-2.58,0.0
2008,2,11,0.5469370512,-5.029999,0.0
2008,2,12,0.5556308135999999,-3.476667,0.0
2008,2,13,0.552122136,-4.726666,0.0
2008,2,14,0.5525255256000001,-10.13,0.0
2008,2,15,0.559072572,-9.856667,0.0
2008,2,16,0.5611772208,-7.503334,3.830706
2008,2,17,0.5625999096000001,-0.789999,0.7279929
2008,2,18,0.5599143455999999,-0.2966661,0.0
2008,2,19,0.5619969768,-0.623333,0.0
2008,2,20,0.5686040496000001,-3.213333,0.0
2008,2,21,0.5783677343999999,-2.99,10.52396
2008,2,22,0.5777648879999998,-5.41,7.269619
2008,2,23,0.5823044472,-4.956667,4.540916
2008,2,24,0.5806660416,-2.836668,3.636636
2008,2,25,0.5869065672,-6.74,2.708403
2008,2,26,0.592245024,-4.766666,4.246207
2008,2,27,0.5887920552,-5.93,1.865488
2008,2,28,0.5892291839999998,-6.873333,3.084716
2008,2,29,0.596124216,-6.353333,7.408622
2008,3,1,0.601468704,-5.34,3.558202
2008,3,2,0.5978413200000001,-7.77,0.3577564
2008,3,3,0.6007824959999999,-10.72667,0.9617718
2008,3,4,0.598698384,-12.76667,6.475419
2008,3,5,0.601996128,-8.686666,5.244915
2008,3,6,0.598010976,-7.28,1.76934
2008,3,7,0.597832512,-8.536666,3.922385
2008,3,8,0.598183704,-5.926667,4.511248
2008,3,9,0.598707552,-2.7,0.7845964
2008,3,10,0.595844928,-4.08,2.090382
2008,3,11,0.597145944,-2.776666,13.79009
2008,3,12,0.596540736,-3.043334,3.555936
2008,3,13,0.59290848,-4.03,0.0
2008,3,14,0.594308568,-4.91,0.0
2008,3,15,0.593086032,-7.55,0.0
2008,3,16,0.590420112,-7.356667,4.520389
2008,3,17,0.587933112,-8.813333,3.215448
2008,3,18,0.591117048,-8.853333,1.348823
2008,3,19,0.588615312,-9.49,0.3166679
2008,3,20,0.59008308,-11.17333,6.375217
2008,3,21,0.58697844,-12.01,2.76243
2008,3,22,0.5880076632,-14.90667,0.0
2008,3,23,0.590590584,-16.18,1.248149
2008,3,24,0.586378248,-13.80333,0.0
2008,3,25,0.5869796639999998,-15.20667,0.2166541
2008,3,26,0.587843664,-12.86,0.0
2008,3,27,0.5846733503999999,-11.40333,0.7352648
2008,3,28,0.584151168,-8.603333,5.941818
2008,3,29,0.5820092495999999,-4.33,4.757586
2008,3,30,0.58107888,-4.363333,10.91522
2008,3,31,0.579965196,-1.153333,0.0
2008,4,1,0.5803925808,-2.79,2.068654
2008,4,2,0.5760502152,-1.67,6.857707
2008,4,3,0.5777513472,-2.02,0.0
2008,4,4,0.5775819984000001,-2.14,0.0
2008,4,5,0.5788599072,-6.506666,3.121203
2008,4,6,0.5783419728,-7.016666,9.040252
2008,4,7,0.5768096975999999,-4.296667,4.33712
2008,4,8,0.576390216,-4.59,0.0
2008,4,9,0.5778343752,-5.24,2.962656
2008,4,10,0.575368752,-5.093333,1.919298
2008,4,11,0.5758765896000001,-4.783334,0.0
2008,4,12,0.5756233535999999,-6.143333,5.966063
2008,4,13,0.5751956136,-4.309999,0.0
2008,4,14,0.5736672503999999,-4.803333,0.0
2008,4,15,0.5733247704,-5.75,0.2709487
2008,4,16,0.5728072368,-4.93,0.0
2008,4,17,0.5713617288,-4.316666,0.0
2008,4,18,0.5718788088,-1.503333,0.0
2008,4,19,0.5710241951999999,-1.29,0.0
2008,4,20,0.5706022608,0.07333326,0.0
2008,4,21,0.569752812,0.54,0.0
2008,4,22,0.5686472208,0.5233333,0.0
2008,4,23,0.5692430304000001,0.1066667,0.0
2008,4,24,0.5686517495999999,0.7699999,0.0
2008,4,25,0.5672855424,0.62,0.0
2008,4,26,0.6094412879999999,0.2633334,1.736984
2008,4,27,0.634809504,2.453333,1.770426
2008,4,28,0.834750864,2.366667,5.942734
2008,4,29,1.0688745600000003,3.18,0.0
2008,4,30,1.4970885120000004,3.216666,4.35706
2008,5,1,2.417923584,1.673333,8.343719
2008,5,2,3.7988213759999994,1.886667,9.188016
2008,5,3,5.314193856,1.5,0.0
2008,5,4,6.04525824,2.076667,0.0
2008,5,5,5.88572352,2.886666,0.0
2008,5,6,5.114202624,4.35,0.0
2008,5,7,5.62576464,4.426667,0.0
2008,5,8,6.64839072,5.703333,0.0
2008,5,9,7.01373888,6.096667,0.0
2008,5,10,7.02312768,7.216666,0.0
2008,5,11,7.46088768,4.056666,0.0
2008,5,12,7.785089280000001,0.3466666,0.0
2008,5,13,7.53856128,1.6,0.0
2008,5,14,7.06046976,2.386666,0.0
2008,5,15,6.513408,0.1933335,6.349597
2008,5,16,5.99451264,-1.593333,6.721725
2008,5,17,5.50311264,-3.013333,0.0
2008,5,18,5.038527744,-3.153334,0.0
2008,5,19,4.600075968,-3.85,0.0
2008,5,20,4.18707072,-2.086667,0.0
2008,5,21,3.7988213759999994,-1.013333,0.366077
2008,5,22,3.7988213759999994,-1.55,4.45572
2008,5,23,3.680843328000001,-0.09000015,2.923524
2008,5,24,3.559386816,-0.6500001,1.239439
2008,5,25,3.440371968,2.566666,0.0
2008,5,26,3.452227776,2.396667,0.0
2008,5,27,3.466893989647059,4.493333,0.0
2008,5,28,3.803968896,7.15,0.0
2008,5,29,4.458596544,10.09667,0.0
2008,5,30,5.428669944,11.61666,0.0
2008,5,31,7.710997679999998,13.16667,0.0
2008,6,1,10.794898320000003,11.46,0.0
2008,6,2,12.32955312,10.48667,0.0
2008,6,3,14.27848536,11.55667,0.0
2008,6,4,14.627142480000003,11.60667,0.0
2008,6,5,13.438961280000003,12.26667,0.0
2008,6,6,12.30792816,13.84667,0.0
2008,6,7,11.36849928,12.90333,0.0
2008,6,8,11.38556736,8.950001,0.1996782
2008,6,9,9.73711296,4.923333,0.0
2008,6,10,8.174270879999998,4.84,6.236679
2008,6,11,7.224418800000001,0.9933333,0.5704799
2008,6,12,6.092620607999999,1.583333,0.0
2008,6,13,5.082432984,0.7166667,5.552121
2008,6,14,4.655740583999998,1.893333,4.88441
2008,6,15,4.1938596,2.966666,1.139302
2008,6,16,3.710788176,3.753334,2.173675
2008,6,17,3.3922125119999995,4.473333,6.006748
2008,6,18,3.326639088,5.463333,0.0
2008,6,19,3.605346672,4.623333,5.621284
2008,6,20,4.76127912,4.77,0.2749743
2008,6,21,4.72676424,4.026667,0.0
2008,6,22,4.489598567999999,3.53,4.995925
2008,6,23,4.157691839999999,4.953333,0.0
2008,6,24,3.920635032,2.076667,0.0
2008,6,25,3.5387477519999995,3.313333,0.0
2008,6,26,3.16170144,5.033333,0.0
2008,6,27,2.836500648,5.266666,9.140559
2008,6,28,2.7150282480000008,6.326666,1.684339
2008,6,29,2.931442008,6.986666,13.94336
2008,6,30,3.6060267120000007,6.143333,4.575501
2008,7,1,3.754969464,6.803332,0.0
2008,7,2,3.569311944,12.19333,0.0
2008,7,3,3.9613262400000004,13.19333,0.0
2008,7,4,4.659257184,13.72,0.0
2008,7,5,5.023403256,14.52333,0.0
2008,7,6,5.516242512,6.713333,17.72813
2008,7,7,6.925851599999999,2.983333,2.483011
2008,7,8,5.863001808000002,6.48,0.0
2008,7,9,5.437422600000001,8.17,0.0
2008,7,10,4.5844734,9.349999,0.0
2008,7,11,3.995572824000001,8.643333,4.544177
2008,7,12,3.913076496,8.716666,5.408957
2008,7,13,3.9840669120000007,8.690001,3.938377
2008,7,14,4.0616016,7.11,0.8140631
2008,7,15,3.9573428399999995,7.27,1.411004
2008,7,16,3.919709927999999,4.62,0.0
2008,7,17,3.85992564,4.323333,2.936434
2008,7,18,3.768874608,5.150001,0.0
2008,7,19,3.367129368,5.606667,2.355076
2008,7,20,3.1624810800000005,8.55,4.853155
2008,7,21,3.721725216,9.273334,0.0
2008,7,22,3.963186168,9.283333,0.0
2008,7,23,3.9423570000000008,12.11,0.0
2008,7,24,4.012181544,15.19667,0.0
2008,7,25,4.675197504,16.22,0.0
2008,7,26,4.578852504,16.56,0.0
2008,7,27,4.699256471999998,16.85,0.0
2008,7,28,4.5690474,17.13,0.0
2008,7,29,4.712434344,15.9,0.0
2008,7,30,4.880844912,14.27,2.077316
2008,7,31,4.818818424,12.89333,1.454465
2008,8,1,5.235802512000001,12.89667,10.34179
2008,8,2,4.39180896,10.47,10.50155
2008,8,3,5.31395364,8.866666,11.26948
2008,8,4,6.7680828,6.56,2.760697
2008,8,5,6.66167184,6.423332,0.72351
2008,8,6,5.668295904,8.706667,1.167401
2008,8,7,4.890609912,8.186666,11.04828
2008,8,8,4.568711472,7.38,7.422009
2008,8,9,4.372671144,4.98,4.837254
2008,8,10,4.310917344,4.506667,5.878021
2008,8,11,4.325352816000001,6.74,3.516533
2008,8,12,4.204223544,7.223333,8.544394
2008,8,13,4.637544768,6.829999,9.528746
2008,8,14,5.028760847999998,6.573333,16.24284
2008,8,15,5.853686496,5.169999,4.336299
2008,8,16,5.93679912,6.273334,0.0
2008,8,17,5.26528056,7.186666,0.0
2008,8,18,4.60447056,6.966667,0.0
2008,8,19,4.060049496,8.003333,0.0
2008,8,20,3.700885632,7.929999,4.984539
2008,8,21,3.2287268639999995,7.36,0.0
2008,8,22,2.7451493999999994,6.563334,2.540367
2008,8,23,2.552291736,7.86,0.0
2008,8,24,2.3201151360000005,7.393333,0.0
2008,8,25,2.1534715200000005,6.636666,3.86915
2008,8,26,2.10386544,7.89,0.0
2008,8,27,2.13844392,4.846667,2.572585
2008,8,28,2.2069930080000004,4.6,0.0
2008,8,29,2.114047056,4.44,0.0
2008,8,30,2.006257896,7.57,1.924921
2008,8,31,1.91004432,8.57,0.0
2008,9,1,1.8874880879999998,8.59,0.0
2008,9,2,1.880559264,8.706666,11.66491
2008,9,3,2.2552916640000005,4.843334,6.038824
2008,9,4,2.7268194960000005,2.346667,4.663368
2008,9,5,3.0889852080000004,4.25,0.0
2008,9,6,2.65597476,3.71,0.0
2008,9,7,2.3949958559999995,4.65,1.404643
2008,9,8,2.15789592,5.38,5.308218
2008,9,9,1.999768032,5.546666,0.0
2008,9,10,1.8687301440000004,3.426666,0.8494602
2008,9,11,1.7699200559999997,4.376667,1.074958
2008,9,12,1.7504339039999997,3.346667,0.0
2008,9,13,1.673314152,4.443333,0.0
2008,9,14,1.56720384,3.983333,0.0
2008,9,15,1.4994329520000003,2.55,0.0
2008,9,16,1.424432832,1.773334,0.0
2008,9,17,1.3600211999999996,1.33,0.0
2008,9,18,1.271755704,1.903333,1.823754
2008,9,19,1.2333363599999996,3.416667,0.4506983
2008,9,20,1.161092568,3.81,0.0
2008,9,21,1.122303072,5.213333,0.0
2008,9,22,1.0689081120000001,5.163333,0.0
2008,9,23,1.042963848,6.403333,0.0
2008,9,24,0.9965349839999998,6.54,0.0
2008,9,25,0.9654355679999999,6.54,0.0
2008,9,26,0.941775216,6.23,0.0
2008,9,27,0.928811928,4.496666,3.642984
2008,9,28,0.9108094559999999,0.05333364,0.0
2008,9,29,0.87375732,0.2766666,0.0
2008,9,30,0.8734601279999998,-0.6466666,0.2373462
2008,10,1,0.902042544,-0.4733334,7.2954
2008,10,2,0.9609071759999999,-0.4866667,9.147122
2008,10,3,1.092890376,-0.5333332,3.020037
2008,10,4,1.0807352880000003,-1.716667,13.18893
2008,10,5,1.089591816,-3.23,5.817691
2008,10,6,1.0424945760000004,-0.3566665,0.0
2008,10,7,0.9752315760000002,-0.7333332,0.0
2008,10,8,0.97219728,2.606667,3.397465
2008,10,9,1.22800368,2.626666,0.4443755
2008,10,10,1.165703208,3.566667,4.527985
2008,10,11,1.213849464,2.97,1.177053
2008,10,12,1.208783328,2.28,0.643102
2008,10,13,1.198019232,2.19,0.455044
2008,10,14,1.209319344,0.2866667,0.0
2008,10,15,1.209844728,-0.85,0.0
2008,10,16,1.197175464,-1.58,0.0
2008,10,17,1.17577572,-1.51,0.0
2008,10,18,1.1528642879999997,-0.5733335,0.0
2008,10,19,1.109084256,-1.25,0.0
2008,10,20,1.113246192,2.263334,8.831673
2008,10,21,1.431139824,-0.5366666,2.133589
2008,10,22,1.241069664,-3.23,0.0
2008,10,23,1.18059768,-0.3200002,1.990287
2008,10,24,1.2364602959999997,0.6600001,7.57845
2008,10,25,1.284003792,-0.8,5.064764
2008,10,26,1.5132077280000003,-1.023333,0.3642486
2008,10,27,1.4337792,-3.75,0.0
2008,10,28,1.3481538480000004,-6.253333,3.589885
2008,10,29,1.22196156,-11.11333,0.630892
2008,10,30,1.2255603839999998,-7.7,0.0
2008,10,31,1.1779995600000004,-6.843333,0.0
2008,11,1,1.0589951999999998,-8.653334,0.0
2008,11,2,1.043644608,-3.0,0.0
2008,11,3,1.050522096,1.103334,0.0
2008,11,4,1.0079832719999997,1.866667,0.0
2008,11,5,0.9436117200000002,1.203333,0.0
2008,11,6,0.90954612,-0.603333,0.0
2008,11,7,0.9066822,-2.45,9.20458
2008,11,8,0.89116224,-2.066667,1.558897
2008,11,9,0.884218056,-1.053333,9.125375
2008,11,10,0.9040860720000001,-3.413333,4.578489
2008,11,11,0.882613992,-5.416667,0.0
2008,11,12,0.783494088,-7.573333,0.0
2008,11,13,0.797921016,-5.806666,3.653853
2008,11,14,0.8502365040000002,-3.523334,7.55446
2008,11,15,0.84019212,-1.04,4.561704
2008,11,16,0.810572736,-4.586667,0.0
2008,11,17,0.7691292000000002,-4.966666,1.681295
2008,11,18,0.766156968,-5.403333,1.222667
2008,11,19,0.733610304,-5.139999,7.751803
2008,11,20,0.730834032,-8.493333,1.387403
2008,11,21,0.65320284,-10.06,2.30137
2008,11,22,0.6436693200000002,-8.423333,0.0
2008,11,23,0.6583935360000002,-9.876667,0.0
2008,11,24,0.623972064,-8.483334,0.0
2008,11,25,0.6536166,-5.276666,1.311098
2008,11,26,0.682074456,-2.146667,6.294688
2008,11,27,0.6991766640000001,-0.1499996,3.115257
2008,11,28,0.5973878304000001,-6.8,0.0
2008,11,29,0.613018536,-8.613334,9.963645
2008,11,30,0.6604730879999998,-7.703333,0.0
2008,12,1,0.5922650328,-10.29333,1.713957
2008,12,2,0.67225536,-10.11333,3.367514
2008,12,3,0.6964107359999998,-7.286666,3.392138
2008,12,4,0.68405424,-10.49,0.0
2008,12,5,0.6406409999999998,-11.63333,1.733441
2008,12,6,0.7171807920000002,-10.24333,0.0
2008,12,7,0.6739428,-11.58667,1.152107
2008,12,8,0.740255544,-8.183333,1.490325
2008,12,9,0.754348848,-11.21333,0.0
2008,12,10,0.5959612247999999,-13.25667,0.0
2008,12,11,0.603714132,-13.45667,0.0
2008,12,12,0.65732976,-13.65333,0.0
2008,12,13,0.65482656,-12.43,0.0
2008,12,14,0.727386456,-6.433333,0.0
2008,12,15,0.7144848,-4.77,1.489575
2008,12,16,0.6005910072,-2.776666,3.820667
2008,12,17,0.535695408,-4.1,4.438366
2008,12,18,0.538313688,-2.656667,7.732529
2008,12,19,0.5084732712000001,-6.963333,2.573231
2008,12,20,0.5879012255999999,-6.086667,4.326035
2008,12,21,0.6240771839999999,-6.163333,9.27464
2008,12,22,0.66311304,-4.75,0.3542153
2008,12,23,0.646568928,-5.916667,0.0
2008,12,24,0.7317648720000002,-5.869999,0.0
2008,12,25,0.89752728,-4.599999,0.0
2008,12,26,1.098784128,-5.830001,0.0
2008,12,27,1.4451621599999998,-6.536666,0.0
2008,12,28,1.74638688,-9.163334,0.0
2008,12,29,1.6297941672,-11.66333,0.0
2008,12,30,0.6060307896,-10.37667,0.0
2008,12,31,0.799107936,-6.366667,0.0
2009,1,1,0.78642192,-11.98,0.0
2009,1,2,0.9299312879999998,-10.34333,0.830503
2009,1,3,1.0123820159999999,-8.549999,0.0
2009,1,4,1.059918648,-16.51,0.0
2009,1,5,1.219640784,-12.37333,0.0
2009,1,6,1.565747376,-7.006667,4.14054
2009,1,7,1.743732264,-13.35,2.780959
2009,1,8,2.183519496,-5.036667,0.0
2009,1,9,2.407784064,0.2633324,0.0
2009,1,10,2.457071976,-2.356666,0.3841919
2009,1,11,2.739538392,0.0,5.155478
2009,1,12,2.4196528559999995,0.3533335,3.812333
2009,1,13,2.33158296,-3.15,0.0
2009,1,14,2.428728336,-9.05,0.0
2009,1,15,2.97387264,-14.40333,0.0
2009,1,16,3.8754092880000006,-10.31333,3.43151
2009,1,17,4.550886480000001,-9.813333,3.092822
2009,1,18,4.753517687999999,-9.873333,9.199938
2009,1,19,4.8597912,-8.656667,3.146875
2009,1,20,4.778518872,-7.253334,6.940718
2009,1,21,4.416332208,-5.073332,1.86015
2009,1,22,3.131890416,-6.073333,3.255651
2009,1,23,2.106514008,-8.026666,6.599885
2009,1,24,1.392513984,-7.876666,13.3457
2009,1,25,1.300151544,-7.733333,0.0
2009,1,26,1.182975096,-7.683333,0.0
2009,1,27,1.2515956320000003,-13.05667,0.0
2009,1,28,3.2170506000000008,-7.973333,0.0
2009,1,29,4.509767352,-5.443333,0.0
2009,1,30,5.350916399999999,-6.683333,0.0
2009,1,31,6.48625536,-6.46,0.0
2009,2,1,6.975863040000001,-6.96,0.0
2009,2,2,6.7662792,-8.083333,0.0
2009,2,3,6.27630768,-12.54667,0.0
2009,2,4,5.272520088,-11.84,6.718279
2009,2,5,3.584911368,-12.2,0.0
2009,2,6,2.363602296,-12.27667,5.073513
2009,2,7,1.727098056,-11.88,4.450431
2009,2,8,1.8480835919999996,-13.12667,0.0
2009,2,9,1.449786552,-12.17667,0.0
2009,2,10,1.5048779519999997,-14.53667,0.0
2009,2,11,1.372231464,-15.24,0.0
2009,2,12,1.284012336,-11.82333,0.0
2009,2,13,1.0691268960000002,-10.79667,0.3124811
2009,2,14,0.9081875519999998,-10.53,1.690823
2009,2,15,0.8409252720000001,-7.876667,2.885146
2009,2,16,0.779363064,-7.95,2.337683
2009,2,17,0.747213648,-8.759999,2.109649
2009,2,18,0.721345176,-4.92,0.0
2009,2,19,0.7010360544,-6.126666,0.7522128
2009,2,20,0.695107152,-7.513333,3.687212
2009,2,21,0.6696991199999999,-5.64,6.000684
2009,2,22,0.6805813440000001,-5.429999,1.228853
2009,2,23,0.659260488,-4.253334,0.0
2009,2,24,0.633515376,-3.156667,0.0
2009,2,25,0.757536696,-4.833333,0.212896
2009,2,26,0.8490467519999998,-7.206666,0.0
2009,2,27,0.888696792,-9.603333,0.0
2009,2,28,0.6585454152,-10.76,3.656241
2009,3,1,0.710654376,-7.183333,4.788306
2009,3,2,0.632958912,-5.806666,0.5347279
2009,3,3,0.601173228,-5.55,0.7970616
2009,3,4,0.5817200232,-4.746666,4.290318
2009,3,5,0.5738569152,-6.009999,3.622118
2009,3,6,0.5611874352,-5.309999,5.878425
2009,3,7,0.558602304,-6.93,9.122668
2009,3,8,0.5511125975999999,-6.606667,6.00493
2009,3,9,0.5605843584,-5.7,0.0
2009,3,10,0.5329929623999999,-4.58,0.0
2009,3,11,0.5408131824000001,-6.046666,0.2836959
2009,3,12,0.5284686024,-5.84,4.733752
2009,3,13,0.535055136,-4.74,0.0
2009,3,14,0.5078449799999999,-5.726666,0.0
2009,3,15,0.47523846719999996,-3.973333,0.0
2009,3,16,0.5233776792,-2.136667,1.222196
2009,3,17,0.5091144287999999,-5.223332,2.246326
2009,3,18,0.49445798639999994,-3.26,0.0
2009,3,19,0.49614465839999994,-4.833333,0.0
2009,3,20,0.5067030864,-1.52,0.0
2009,3,21,0.5330201159999999,-1.323334,0.0
2009,3,22,0.5366730312,-4.069999,0.0
2009,3,23,0.5219817672,-8.36,0.0
2009,3,24,0.5004049584,-9.953334,0.0
2009,3,25,0.41325875040000004,-10.97,0.0
2009,3,26,0.49160072880000005,-10.79333,0.0
2009,3,27,0.660807708,-10.21,2.673167
2009,3,28,0.5308063824000001,-7.963334,0.0
2009,3,29,0.4623556608,-8.716667,0.0
2009,3,30,0.49569909840000004,-5.44,4.394107
2009,3,31,0.4667249856,-3.553333,0.0
2009,4,1,0.45212634719999995,-2.476666,0.0
2009,4,2,0.49296825599999994,0.9933333,0.0
2009,4,3,0.5214939648,1.67,0.0
2009,4,4,0.5234950032000001,2.633332,0.0
2009,4,5,0.5494325663999999,-0.4699998,0.0
2009,4,6,0.5273082768,-0.7966666,0.0
2009,4,7,0.5019766104,-2.006666,6.308365
2009,4,8,0.5465245728,-1.606667,2.542714
2009,4,9,0.5489585184,-0.8000002,0.108159
2009,4,10,0.5580833400000001,2.253334,0.0
2009,4,11,0.6535198872000001,2.82,0.0
2009,4,12,0.725388216,1.383333,0.0
2009,4,13,0.6752513351999999,-0.3266666,0.0
2009,4,14,0.669539664,0.8566661,0.0
2009,4,15,0.6371117520000001,1.596666,0.0
2009,4,16,0.757456968,1.22,0.0
2009,4,17,0.868154808,-0.2,0.0
2009,4,18,0.818251824,-0.7833335,0.0
2009,4,19,0.784745304,0.6700003,0.0
2009,4,20,0.8521179839999998,-0.9533335,0.0
2009,4,21,0.843961776,1.02,0.0
2009,4,22,0.9418665600000001,0.4433334,0.0
2009,4,23,1.051170336,2.173333,0.0
2009,4,24,1.1898882,3.153334,0.0
2009,4,25,1.32678456,2.976666,0.0
2009,4,26,1.5570147359999997,3.36,3.163421
2009,4,27,1.9147390560000004,0.73,5.693024
2009,4,28,2.285763120000001,2.46,0.0
2009,4,29,2.485044744,2.513333,0.0
2009,4,30,2.768848008,4.16,0.0
2009,5,1,3.597968928,6.533333,0.0
2009,5,2,4.467216816,3.556667,0.0
2009,5,3,4.21201476,0.3133333,0.0
2009,5,4,3.529562712,-0.1699999,0.9224911
2009,5,5,3.0479287679999993,-0.4766666,0.0
2009,5,6,2.728513416,-1.236667,1.035414
2009,5,7,2.461048632,-1.06,1.930141
2009,5,8,2.2740084719999993,-0.02666661,3.25463
2009,5,9,2.133181272,-0.2999999,0.0
2009,5,10,1.972198056,0.1066667,0.0
2009,5,11,1.825022208,-1.883333,0.0
2009,5,12,1.7155244400000003,1.393333,0.0
2009,5,13,1.6690501679999996,1.97,0.0
2009,5,14,1.715896392,1.656667,0.0
2009,5,15,1.706154384,3.45,0.0
2009,5,16,1.847101656,3.153333,0.0
2009,5,17,1.9537723680000003,2.753333,0.8766117
2009,5,18,2.038388352,1.116667,2.944541
2009,5,19,1.948247448,3.163333,1.436004
2009,5,20,2.194782504,3.353333,0.0
2009,5,21,2.45061708,3.49,0.0
2009,5,22,2.520311904,3.86,0.0
2009,5,23,2.60285304,5.696666,0.0
2009,5,24,2.911096943999999,5.503333,0.0
2009,5,25,3.078036024,4.856667,3.273753
2009,5,26,3.53245848,3.68,23.59992
2009,5,27,4.765676424,1.746666,0.5540681
2009,5,28,4.175429304,1.723333,0.0
2009,5,29,3.64472904,7.289999,0.0
2009,5,30,3.634866744,11.45667,0.0
2009,5,31,4.366573536,10.94333,0.0
2009,6,1,4.834598064,8.35,0.0
2009,6,2,4.8223116,2.433333,0.0
2009,6,3,4.452831384,-1.106667,0.0
2009,6,4,3.9725525280000005,-1.31,0.1041738
2009,6,5,3.396717912,1.49,0.0
2009,6,6,2.919139968,1.703333,0.0
2009,6,7,2.5968515039999995,2.053333,2.595493
2009,6,8,2.412243192,1.273334,5.483656
2009,6,9,2.337524016,3.33,2.777326
2009,6,10,2.28735888,3.403333,0.5514216
2009,6,11,2.257043616,3.826666,4.699399
2009,6,12,2.296154568,4.4,7.248742
2009,6,13,2.470014000000001,5.023333,0.0
2009,6,14,2.558210688,3.609999,0.0
2009,6,15,2.541436488,1.663333,0.0
2009,6,16,2.480273639999999,1.150001,0.0
2009,6,17,2.397336768,4.416666,4.730878
2009,6,18,2.6410928879999993,3.043334,7.732518
2009,6,19,2.943455064,3.486666,2.976558
2009,6,20,2.954032416,5.476666,0.0
2009,6,21,2.886553056,6.4,0.0
2009,6,22,2.864672736,7.743334,0.0
2009,6,23,3.012460152,8.593332,0.0
2009,6,24,3.273000432,11.98333,0.0
2009,6,25,3.8366785919999993,13.65,0.0
2009,6,26,4.448174040000001,13.06,0.0
2009,6,27,5.108833344,14.02,0.0
2009,6,28,5.256092496,15.27333,0.0
2009,6,29,5.51773392,15.46,4.235886
2009,6,30,5.706235632,12.32333,3.173138
2009,7,1,6.135106320000001,14.01333,0.0
2009,7,2,6.057381839999999,15.44333,0.0
2009,7,3,5.923824216000002,16.76667,0.0
2009,7,4,5.761686528000001,15.46333,0.0
2009,7,5,5.562551808000001,12.28,0.0
2009,7,6,5.500732032,9.48,5.156878
2009,7,7,5.322230064,8.389999,14.48329
2009,7,8,5.77963296,5.113334,6.746474
2009,7,9,6.11267016,7.02,0.7765439
2009,7,10,5.809326312,6.073333,3.149962
2009,7,11,5.234845176,8.05,2.025846
2009,7,12,4.636559496,8.649999,0.0
2009,7,13,4.103576232,8.663334,0.4479842
2009,7,14,3.724280448,8.469999,1.116823
2009,7,15,3.517814088,8.44,11.10375
2009,7,16,3.506862696,8.476666,2.516723
2009,7,17,3.423792432,9.743333,0.0
2009,7,18,3.4132470960000005,11.11333,5.798885
2009,7,19,4.36078524,9.213333,14.4425
2009,7,20,8.036173560000002,6.56,19.0797
2009,7,21,9.48519912,6.3,5.560777
2009,7,22,7.7624172,7.283333,2.992393
2009,7,23,6.521052000000001,7.963334,3.476101
2009,7,24,6.00093288,8.9,1.567524
2009,7,25,5.60893776,8.203333,0.0
2009,7,26,5.035253352,7.5,0.0
2009,7,27,4.479524735999998,7.396667,3.887615
2009,7,28,4.339787712,7.87,0.0
2009,7,29,4.119148176,7.0,1.710455
2009,7,30,3.940373736,7.373333,12.86554
2009,7,31,8.872847736,6.666667,4.137695
2009,8,1,8.983926719999998,7.08,0.0
2009,8,2,7.632950159999999,8.110001,7.77523
2009,8,3,6.694829519999999,7.466666,11.27314
2009,8,4,6.6186156,10.15667,0.0
2009,8,5,6.112683408,11.54333,0.0
2009,8,6,5.48419668,12.55,0.0
2009,8,7,5.073404016,13.26333,0.0
2009,8,8,4.76427744,11.93667,0.0
2009,8,9,4.624797504,10.47,9.494416
2009,8,10,4.758502248,8.703334,8.017097
2009,8,11,5.491403304000001,7.586667,1.314158
2009,8,12,5.562817152,5.9,4.410375
2009,8,13,5.108548128,4.933333,0.0
2009,8,14,4.603724256,3.986666,0.0
2009,8,15,4.113247103999999,2.726666,18.10666
2009,8,16,4.235742864,6.853333,2.350349
2009,8,17,4.027594080000001,6.28,6.449721
2009,8,18,4.130438472,4.833334,0.0
2009,8,19,3.874116768,6.42,0.0
2009,8,20,3.8274287999999994,10.95,9.500079
2009,8,21,4.911507048,10.12,0.1214163
2009,8,22,4.438030704,6.393334,0.0
2009,8,23,4.201223688000001,5.876667,5.685432
2009,8,24,3.6954600959999993,7.503334,0.0
2009,8,25,3.107276712,8.593333,14.84954
2009,8,26,3.644469168,7.92,5.211932
2009,8,27,3.576734256,7.476666,3.044933
2009,8,28,3.840994896,7.573333,15.59975
2009,8,29,5.048682672,4.846667,2.441051
2009,8,30,4.94524968,4.846667,0.5966058
2009,8,31,4.792409088000001,6.393333,6.012619
2009,9,1,4.689287448,9.199999,15.37488
2009,9,2,7.7195628,5.139999,0.0
2009,9,3,7.19330256,5.32,7.404594
2009,9,4,6.80966832,5.376667,10.12304
2009,9,5,6.246072671999999,5.52,0.0
2009,9,6,4.849358448,4.21,0.0
2009,9,7,4.117860599999999,4.126666,3.430975
2009,9,8,3.859495656,5.74,2.925661
2009,9,9,4.415402832,6.776667,0.0
2009,9,10,4.508708952,4.926666,0.0
2009,9,11,4.236251231999999,4.546667,0.2911966
2009,9,12,3.7092256080000006,4.173333,0.5300859
2009,9,13,3.259516896,5.816667,0.0
2009,9,14,2.8747508160000006,6.143333,0.0
2009,9,15,2.593858152,6.14,0.6383533
2009,9,16,2.3486748720000006,2.803333,0.1705583
2009,9,17,2.138448912,2.956666,0.0
2009,9,18,1.9340426880000003,6.513333,0.0
2009,9,19,1.793834544,8.493333,0.0
2009,9,20,1.657166976,5.033333,0.0
2009,9,21,1.569148584,3.273333,1.694688
2009,9,22,1.534045248,6.613334,2.161931
2009,9,23,1.5223478639999997,2.343333,3.221712
2009,9,24,1.48872732,2.51,0.9264899
2009,9,25,1.472777136,7.32,0.0
2009,9,26,1.4756511839999997,7.706666,0.0
2009,9,27,1.51204056,5.323333,2.325684
2009,9,28,1.5634541760000003,-1.006666,3.237427
2009,9,29,1.6090818480000004,-1.136667,0.0
2009,9,30,1.599047376,-0.8733333,2.713151
2009,10,1,1.5497911440000003,-2.19,0.0
2009,10,2,1.4632251120000004,-3.51,0.2041335
2009,10,3,1.3835705279999997,-4.023333,8.3598
2009,10,4,1.34656332,-2.426667,0.1289585
2009,10,5,1.2775054079999997,-2.436666,0.0
2009,10,6,1.2162818879999997,-4.676666,8.212991
2009,10,7,1.201348368,-0.8966665,2.366279
2009,10,8,1.153348872,-4.426667,2.447049
2009,10,9,1.1022114,-4.5,0.0
2009,10,10,1.0350351359999999,-6.186666,1.068747
2009,10,11,1.015557144,-4.4,2.739106
2009,10,12,0.989042112,-3.236667,0.0
2009,10,13,0.9489037199999999,-5.88,0.0
2009,10,14,0.8784535679999999,-7.29,0.0
2009,10,15,0.90210888,0.00666666,5.49988
2009,10,16,0.953798952,-1.076667,0.0
2009,10,17,0.9114585359999998,-2.293333,0.0
2009,10,18,0.870080976,-2.77,0.0
2009,10,19,0.851177856,-2.106666,0.0
2009,10,20,0.800007072,-4.123333,0.0
2009,10,21,0.808699704,-0.7033334,0.0
2009,10,22,0.7724321999999998,-0.6366665,0.0
2009,10,23,0.756562776,-0.2933334,0.0
2009,10,24,0.7435891919999998,-3.103333,0.7507128
2009,10,25,0.732583632,-2.393333,3.183833
2009,10,26,0.7207673759999998,-2.14,0.0
2009,10,27,0.70663944,-1.63,0.0
2009,10,28,0.666475008,-3.683333,0.0
2009,10,29,0.6233562479999999,-5.45,0.0
2009,10,30,0.640847352,-2.373333,0.0
2009,10,31,0.613191984,-2.86,4.405259
2009,11,1,0.6477796079999999,-3.716667,8.408134
2009,11,2,0.654254256,-3.486666,4.018576
2009,11,3,0.651401256,-2.186666,6.568563
2009,11,4,0.645976944,-6.466667,3.25459
2009,11,5,0.6284094,-8.28,0.8482716
2009,11,6,0.617165568,-8.553333,1.508832
2009,11,7,0.6210320639999999,-3.423333,1.999623
2009,11,8,0.6147855119999999,-2.633333,0.0
2009,11,9,0.5497542768,-8.543333,0.0
2009,11,10,0.4809767592,-10.04,0.0
2009,11,11,0.53483418,-11.00333,0.0
2009,11,12,0.5507997792,-12.27333,0.0
2009,11,13,0.5507212032,-12.83667,3.7478
2009,11,14,0.668180304,-6.436667,13.13421
2009,11,15,0.771630216,-0.9700007,4.671082
2009,11,16,0.695417616,-3.99,0.0
2009,11,17,0.6753541200000002,-2.369999,4.567274
2009,11,18,0.6604390080000001,-2.686666,0.0
2009,11,19,0.6050221391999999,-3.676666,3.526493
2009,11,20,0.6489534720000002,1.72,2.26652
2009,11,21,0.655306056,0.3133335,6.239238
2009,11,22,0.6655879919999999,-2.313333,7.403011
2009,11,23,0.660196992,-4.4,2.904927
2009,11,24,0.650747808,-4.886667,2.763505
2009,11,25,0.663711264,-3.756666,8.388469
2009,11,26,0.6697788719999999,-1.413333,2.434554
2009,11,27,0.66775392,-3.683333,0.0
2009,11,28,0.6252394848,-7.596667,4.543818
2009,11,29,0.7137284399999998,-8.066667,0.7970752
2009,11,30,0.6807788160000001,-11.59333,0.0
2009,12,1,0.6269826,-9.906667,0.0
2009,12,2,0.655130256,-10.43,0.0
2009,12,3,0.685341744,-9.993333,0.6720752
2009,12,4,0.799292592,-7.48,1.743722
2009,12,5,0.733092216,-5.593333,3.813087
2009,12,6,0.668352024,-4.279999,2.858992
2009,12,7,0.6298437599999999,-5.04,0.0
2009,12,8,0.624163008,-3.363333,0.0
2009,12,9,0.583123992,-3.31,0.6521719
2009,12,10,0.5897305223999999,-4.11,0.0
2009,12,11,0.547465392,-5.316667,0.0
2009,12,12,0.522559716,-7.046666,0.0
2009,12,13,0.6012038256000001,-6.256667,3.90228
2009,12,14,0.681410352,-6.88,1.230554
2009,12,15,0.647462184,-7.796666,0.0
2009,12,16,0.671357808,-14.21,0.0
2009,12,17,0.610950096,-19.10333,0.0
2009,12,18,0.59953728,-19.82,0.0
2009,12,19,0.690385752,-16.05333,3.498754
2009,12,20,0.9252118559999999,-17.16667,0.0
2009,12,21,0.4485338376,-17.50667,0.0
2009,12,22,0.4611964512,-17.71333,0.0
2009,12,23,0.5569973208,-17.66667,1.666613
2009,12,24,0.636097344,-12.92333,2.742824
2009,12,25,0.730421232,-10.69,11.48044
2009,12,26,0.7556035199999999,-11.67,9.549035
2009,12,27,0.782204016,-12.49333,2.536598
2009,12,28,0.8873751119999999,-15.6,0.0
2009,12,29,1.026264768,-16.83,0.0
2009,12,30,1.3017484800000003,-18.29667,0.0
2009,12,31,0.6131435207999999,-13.35667,2.208736
2010,1,1,0.4726270512,-16.75667,0.0
2010,1,2,0.5843057832,-19.33667,0.0
2010,1,3,0.7703088240000001,-11.45667,0.0
2010,1,4,1.029329976,-13.90667,0.0
2010,1,5,1.181617224,-19.55334,0.0
2010,1,6,1.408817016,-21.17,0.0
2010,1,7,1.6188144959999997,-24.57666,0.0
2010,1,8,2.248393344,-22.86666,0.0
2010,1,9,3.223877136,-19.10667,0.0
2010,1,10,4.373926104,-14.75,0.0
2010,1,11,4.933303392,-12.06,0.0
2010,1,12,5.581875912,-10.92,0.0
2010,1,13,6.054860592,-11.49667,0.0
2010,1,14,6.00274704,-12.56,0.0
2010,1,15,5.842992624000002,-13.91333,0.0
2010,1,16,5.5460601600000015,-10.92,1.946404
2010,1,17,5.101298784,-10.69667,2.371396
2010,1,18,4.81357812,-10.66333,0.0
2010,1,19,4.704194016,-11.04,0.0
2010,1,20,4.466211623999999,-10.89333,0.0
2010,1,21,4.575714072,-11.57667,1.825699
2010,1,22,3.867664872,-11.92,0.0
2010,1,23,3.415616784,-10.48667,0.0
2010,1,24,2.92927032,-11.12333,0.0
2010,1,25,2.484145319999999,-10.86,0.0
2010,1,26,1.8836604240000003,-8.81,2.933402
2010,1,27,1.608681648,-8.103333,2.553156
2010,1,28,1.429921608,-9.83,0.0
2010,1,29,1.3841511599999996,-13.98,1.520799
2010,1,30,1.3700967599999996,-16.19667,1.144216
2010,1,31,1.19038836,-19.75666,0.0
2010,2,1,1.081139136,-21.63333,0.0
2010,2,2,1.000037136,-17.79667,0.0
2010,2,3,0.913406304,-15.48667,3.038193
2010,2,4,0.8708690639999999,-13.58667,1.205221
2010,2,5,0.78471312,-8.293333,1.368385
2010,2,6,0.7195993439999998,-9.686666,0.0
2010,2,7,0.6534536639999998,-10.74667,0.0
2010,2,8,0.600010248,-8.533333,1.764281
2010,2,9,0.5525516208,-12.79,0.0
2010,2,10,0.5744238576,-15.23667,0.1871979
2010,2,11,0.5833587768,-8.063333,0.0
2010,2,12,0.5591720472,-9.086667,0.0
2010,2,13,0.5329976928,-8.473333,0.0
2010,2,14,0.5140768512,-6.883333,0.0
2010,2,15,0.49565064720000007,-9.546667,0.0
2010,2,16,0.4836878784,-9.766667,1.351976
2010,2,17,0.4627449192,-12.54667,0.0
2010,2,18,0.4343725896000001,-13.13667,1.747653
2010,2,19,0.4215129840000001,-16.54,1.276424
2010,2,20,0.40489034879999997,-18.27333,0.4549937
2010,2,21,0.38961609360000005,-20.01333,0.0
2010,2,22,0.3725295552,-19.63667,0.0
2010,2,23,0.3879275663999999,-18.55333,0.1130427
2010,2,24,0.38449075920000003,-14.39333,0.0
2010,2,25,0.387364248,-13.80333,2.59458
2010,2,26,0.39377407679999993,-9.376667,0.0
2010,2,27,0.40082507040000004,-11.02,0.0
2010,2,28,0.39834276239999994,-12.63,0.0
2010,3,1,0.3876686376,-11.79,0.0
2010,3,2,0.3833627519999999,-10.52,0.07071924
2010,3,3,0.384398892,-11.67333,0.0
2010,3,4,0.38223477600000005,-10.12333,0.0
2010,3,5,0.3816633096,-12.10667,2.637938
2010,3,6,0.37353586079999995,-9.759999,0.0
2010,3,7,0.3776308296,-5.413333,0.0
2010,3,8,0.382514664,-6.233333,0.0
2010,3,9,0.3831737208,-6.663334,0.0
2010,3,10,0.37931048159999997,-1.946666,0.0
2010,3,11,0.38225856960000004,-0.7633333,0.0
2010,3,12,0.38844840960000004,-6.713333,0.1247987
2010,3,13,0.3793231944,-7.773333,0.5828926
2010,3,14,0.3686798856000001,-9.886666,1.076223
2010,3,15,0.35971487519999995,-10.13333,0.0
2010,3,16,0.3544080216,-8.03,2.444555
2010,3,17,0.357634176,-4.933333,0.6287327
2010,3,18,0.35810201280000004,-1.43,0.4666821
2010,3,19,0.3671319096000001,-0.1000004,5.128863
2010,3,20,0.4125299208,0.1433334,7.230723
2010,3,21,0.45519220080000006,-5.58,0.0459075
2010,3,22,0.39291717119999997,-7.579999,3.996916
2010,3,23,0.50467554,-4.35,2.205288
2010,3,24,0.439096848,-3.53,3.477069
2010,3,25,0.4272873984,-0.8000007,2.678466
2010,3,26,0.42759557280000005,0.686666,0.0
2010,3,27,0.4393411992,-0.5800004,0.0
2010,3,28,0.4384155504,-3.026667,3.491413
2010,3,29,0.43340491680000004,-4.063334,3.907504
2010,3,30,0.4150621439999999,-5.84,5.200847
2010,3,31,0.39798665760000007,-2.703333,9.500592
2010,4,1,0.43790997839999996,-3.46,4.942071
2010,4,2,0.4692430416000001,-4.639999,3.542111
2010,4,3,0.4477842,-5.533334,0.0
2010,4,4,0.4660299336,-3.966667,0.0
2010,4,5,0.4489976976000001,-3.87,0.0
2010,4,6,0.43597756080000005,-2.23,0.0
2010,4,7,0.4842187512000001,-0.353333,0.4099962
2010,4,8,0.534379488,-0.8366666,0.0
2010,4,9,0.5300269968,-2.723333,0.0
2010,4,10,0.5093342016000001,-1.26,0.0
2010,4,11,0.6952955712,0.9399996,0.0
2010,4,12,0.876123744,0.7566667,0.0
2010,4,13,0.8358442800000001,-0.8099997,0.0
2010,4,14,0.611484456,0.9333329,0.0
2010,4,15,0.5484695280000002,-1.236666,0.692902
2010,4,16,0.5269375296,-4.349999,2.428825
2010,4,17,0.45973460879999994,-4.079999,6.270975
2010,4,18,0.4504348920000001,-7.283334,0.0
2010,4,19,0.37979605679999995,-7.943333,0.0
2010,4,20,0.3493764528,-6.93,0.0
2010,4,21,0.35907620639999993,-6.063334,0.0
2010,4,22,0.3170512344,-7.04,0.0
2010,4,23,0.317644776,-6.903334,0.0
2010,4,24,0.31324216079999995,-5.253334,0.0
2010,4,25,0.3312389904,-1.54,0.0
2010,4,26,0.3389670888000001,0.3933334,2.331431
2010,4,27,0.39473409119999997,-0.9566666,0.1333205
2010,4,28,0.38726933039999994,-1.483333,4.160871
2010,4,29,0.435712224,1.986667,0.1123189
2010,4,30,0.6195695928,1.48,2.46196
2010,5,1,0.6996419040000001,-3.56,0.1705583
2010,5,2,0.6137226,-4.966666,0.0
2010,5,3,0.5835305472000001,-4.91,0.0
2010,5,4,0.5710452984,-6.62,0.0
2010,5,5,0.5534582735999999,-4.753334,0.0
2010,5,6,0.5534485464000001,-3.24,0.0
2010,5,7,0.5501000160000001,-1.476667,0.0
2010,5,8,0.5869784136,-0.7266666,0.0
2010,5,9,0.686340576,-2.5,0.0
2010,5,10,0.7185728160000001,-5.606667,0.0
2010,5,11,0.6829924319999998,-4.839999,0.0
2010,5,12,0.6839098560000002,-2.816667,0.0
2010,5,13,0.7108905120000002,0.3600001,0.0
2010,5,14,0.777120288,4.07,0.0
2010,5,15,1.095064056,4.86,11.53036
2010,5,16,2.239814328,5.799999,6.490664
2010,5,17,4.379693424,3.24,0.1708409
2010,5,18,5.261407608,4.363333,0.0
2010,5,19,5.688274896,8.726666,0.0
2010,5,20,7.47793728,9.299999,0.0
2010,5,21,7.936005119999997,9.74,0.0
2010,5,22,7.8831969599999985,6.5,5.975296
2010,5,23,8.031918000000001,3.23,0.0
2010,5,24,7.33520472,-0.3133333,1.010454
2010,5,25,5.896767048,-1.193334,0.0
2010,5,26,4.746233760000001,-0.08999991,0.5526539
2010,5,27,3.9552786,0.6566668,1.063448
2010,5,28,3.4354569359999996,2.323333,0.0
2010,5,29,3.0493884,2.533333,0.0
2010,5,30,2.8399155119999993,3.873333,0.0
2010,5,31,2.7459162,6.796667,0.0
2010,6,1,2.8894835040000006,7.526666,0.0
2010,6,2,3.169226712000001,6.323334,0.0
2010,6,3,3.425165184000001,3.963333,0.0
2010,6,4,3.6767739599999993,5.013333,0.0
2010,6,5,3.723198264,6.513333,0.0
2010,6,6,3.533151264,6.166667,0.0
2010,6,7,3.397805784,5.423333,3.479377
2010,6,8,3.356105832,5.913333,4.739121
2010,6,9,3.849700008,6.726666,3.632529
2010,6,10,4.566944592,8.18,0.0
2010,6,11,4.523370048000001,7.013333,27.87483
2010,6,12,7.945813512,4.103333,3.594353
2010,6,13,5.873613552,2.266666,0.1539184
2010,6,14,4.364480208,1.516667,0.0
2010,6,15,3.8429387519999993,3.806666,0.0
2010,6,16,3.89438304,6.833334,0.0
2010,6,17,3.397379616,7.679999,1.731604
2010,6,18,3.440652192,1.91,0.5822728
2010,6,19,3.4443628080000006,1.39,0.0
2010,6,20,3.1605191760000007,2.48,0.0
2010,6,21,2.832186024,6.576666,0.0
2010,6,22,2.61377028,7.806667,0.0
2010,6,23,2.53291956,10.23,0.0
2010,6,24,2.627780496,10.64333,15.27221
2010,6,25,3.5804480640000005,5.823333,2.587881
2010,6,26,3.5872820879999994,6.416666,0.112319
2010,6,27,3.4857905040000006,8.866667,0.0
2010,6,28,3.3917543760000006,10.00667,2.918947
2010,6,29,3.4099927440000006,9.056665,6.600833
2010,6,30,3.8611826159999993,5.893333,10.44393
2010,7,1,4.300461696,9.149999,0.0
2010,7,2,3.8623720320000006,11.94,0.0
2010,7,3,3.830121144,12.23,3.032953
2010,7,4,4.215935664,11.36333,0.0
2010,7,5,4.186496016,8.73,0.0
2010,7,6,4.176257016,6.98,0.0
2010,7,7,3.948939552,7.879999,0.0
2010,7,8,3.5274474,9.713333,0.0
2010,7,9,3.222883776,8.716667,0.1830382
2010,7,10,2.974033008,11.24333,0.0
2010,7,11,2.983827216000001,11.34333,6.084126
2010,7,12,3.3137834880000008,10.89333,10.13103
2010,7,13,4.71168468,9.153334,15.23612
2010,7,14,7.81196184,10.05667,0.1001618
2010,7,15,7.5101364,10.43667,10.07369
2010,7,16,10.052907839999998,10.05,1.830368
2010,7,17,8.39654856,11.20333,7.309245
2010,7,18,6.93213648,8.156667,0.0
2010,7,19,5.6164919279999985,8.916666,0.0
2010,7,20,4.506682488000001,9.096666,4.825778
2010,7,21,3.990299808,10.92667,15.52492
2010,7,22,5.984245344,6.783333,2.144261
2010,7,23,6.0280524,5.713333,0.0
2010,7,24,5.386240631999999,8.333334,0.0
2010,7,25,4.376779656,9.503333,5.852726
2010,7,26,3.77851452,8.903334,0.1500278
2010,7,27,3.3529172159999994,12.10667,0.0
2010,7,28,3.012696024,11.91667,2.890674
2010,7,29,2.793029208,11.34667,7.730381
2010,7,30,2.945187,11.42667,6.659996
2010,7,31,3.363801744,10.63,4.281564
2010,8,1,3.3303762,9.323333,7.842111
2010,8,2,3.393397008,7.450001,0.0
2010,8,3,3.236641368,8.036667,4.645007
2010,8,4,3.114892896,8.573334,5.66008
2010,8,5,3.038014896,8.446666,11.0307
2010,8,6,3.422713608,8.41,5.087763
2010,8,7,3.6259032960000006,8.646667,0.0
2010,8,8,3.5417275200000007,11.02333,0.0
2010,8,9,3.30429144,11.76333,0.0
2010,8,10,3.1284535440000005,11.11667,4.074419
2010,8,11,3.268061832,9.373333,5.500199
2010,8,12,3.650618472,10.68,0.0
2010,8,13,3.743121816,10.27333,5.479297
2010,8,14,4.835569944,11.93,0.0
2010,8,15,4.380889511999999,11.06667,0.0
2010,8,16,3.9493421760000005,10.87667,0.0
2010,8,17,3.544697832,11.62667,0.330755
2010,8,18,3.281265816,9.14,0.05842781
2010,8,19,3.140043552,8.526667,0.0
2010,8,20,2.944985064,8.77,3.130261
2010,8,21,2.734143672,9.536667,0.2083747
2010,8,22,2.7011787360000006,6.81,1.183576
2010,8,23,2.609321376,6.766666,3.767095
2010,8,24,3.6424747680000005,5.93,5.104339
2010,8,25,5.229660408,6.183333,6.458002
2010,8,26,4.173148344,5.166667,2.982046
2010,8,27,3.892402535999999,4.333333,5.527862
2010,8,28,4.045343136,2.513334,11.99909
2010,8,29,4.860806592,1.93,3.471189
2010,8,30,4.538964744,3.63,1.003663
2010,8,31,3.999024528,4.426667,0.438017
2010,9,1,3.351662592,3.536667,0.0
2010,9,2,2.817490704,3.64,0.0
2010,9,3,2.51046228,2.616667,0.0
2010,9,4,2.291002008,5.006667,0.0
2010,9,5,2.060877984,8.073334,0.0
2010,9,6,1.866903744,9.143333,0.0
2010,9,7,1.7263775040000002,7.07,0.0
2010,9,8,1.656702576,6.196667,0.2344594
2010,9,9,1.5736002480000004,5.343333,0.0
2010,9,10,1.52429304,4.966666,0.0
2010,9,11,1.4798037599999996,5.663333,11.63681
2010,9,12,2.152286208,6.696667,4.240259
2010,9,13,2.139094992,5.76,3.171314
2010,9,14,2.159025936,5.273333,3.987964
2010,9,15,2.4836793599999996,1.596666,0.0
2010,9,16,2.571325488,1.46,4.637696
2010,9,17,2.4617836559999993,1.35,0.1455986
2010,9,18,2.228544888,2.093333,0.2962698
2010,9,19,2.0152942320000005,2.413333,0.0
2010,9,20,1.847581776,1.633333,0.0
2010,9,21,1.7019252,1.583333,0.0
2010,9,22,1.555854192,3.61,2.578479
2010,9,23,1.539849336,4.75,16.64362
2010,9,24,2.0587608,-0.6633334,8.153376
2010,9,25,2.162614968,-0.4533334,0.0
2010,9,26,2.129881272,-0.35,0.0
2010,9,27,2.084210904,0.6699998,0.0
2010,9,28,1.9799766240000003,1.42,0.0
2010,9,29,1.8409580880000003,1.52,0.0
2010,9,30,1.6803533760000002,1.83,0.0
2010,10,1,1.597510752,-0.08666682,0.0
2010,10,2,1.477873176,-0.2233334,2.989239
2010,10,3,1.4687332559999997,1.55,15.41538
2010,10,4,2.273488392,4.7,17.69129
2010,10,5,4.576171944,4.63,9.683606
2010,10,6,6.145496016,4.33,19.71533
2010,10,7,11.94453336,3.663333,0.0
2010,10,8,9.7158636,2.943333,0.0
2010,10,9,7.4242272,3.653333,0.0
2010,10,10,5.698631255999999,2.42,0.0
2010,10,11,4.463860080000002,1.203333,0.0
2010,10,12,3.7299814560000004,0.67,0.0
2010,10,13,3.2208205919999995,0.4633332,0.0
2010,10,14,2.641674912,-2.036666,0.0
2010,10,15,2.210014152,-4.843334,0.0
2010,10,16,1.96296072,-3.82,0.0
2010,10,17,1.8087972240000003,-0.4233333,0.0
2010,10,18,1.696008744,-0.08666682,0.9098101
2010,10,19,1.580286216,-2.6,0.2620771
2010,10,20,1.419331536,-8.200001,0.2204777
2010,10,21,1.243872552,-9.33,0.0
2010,10,22,1.200456552,-9.143333,0.0
2010,10,23,1.120123704,-6.45,0.0
2010,10,24,1.064354184,-5.983334,0.0
2010,10,25,1.006951056,-5.62,0.0
2010,10,26,0.9480263520000002,-5.77,2.087322
2010,10,27,0.93658524,-0.9233334,3.16647
2010,10,28,0.9356401439999998,-0.06333327,0.0
2010,10,29,0.910071792,-0.3066664,5.904875
2010,10,30,0.9813259439999998,1.399999,3.868561
2010,10,31,1.008028296,-0.3433332,0.0
2010,11,1,0.937558368,-3.31,0.0
2010,11,2,0.904199184,-2.383333,5.692234
2010,11,3,0.898326576,-1.086666,0.0
2010,11,4,0.876168048,-2.83,0.0
2010,11,5,0.828771408,-4.483333,0.0
2010,11,6,0.79927164,-7.496666,0.3244768
2010,11,7,0.768101112,-8.956666,0.0
2010,11,8,0.6606173999999998,-11.69,0.0
2010,11,9,0.6312839903999999,-11.95333,0.0
2010,11,10,0.660831456,-10.29333,0.0
2010,11,11,0.651560952,-10.15667,2.529495
2010,11,12,0.6968754959999999,-7.166666,1.546391
2010,11,13,0.714253848,-6.076667,1.223029
2010,11,14,0.6367046879999998,-6.82,0.0
2010,11,15,0.5686048344,-8.303333,0.0
2010,11,16,0.5609463912,-7.82,0.1878415
2010,11,17,0.5451875232,-9.436666,0.0
2010,11,18,0.5162909568,-10.48,0.0
2010,11,19,0.4904679384,-12.19333,0.0
2010,11,20,0.5162379143999999,-10.78,0.0
2010,11,21,0.6790093895999999,-6.956666,0.0
2010,11,22,0.743349264,-8.143332,0.0
2010,11,23,0.7833361920000002,-12.30667,0.0
2010,11,24,0.860096448,-14.97,0.0
2010,11,25,0.891277632,-17.92667,0.0
2010,11,26,1.008000192,-21.20667,0.0
2010,11,27,1.208783904,-18.99333,0.0
2010,11,28,1.3390370639999998,-19.42333,0.0
2010,11,29,1.3636537199999996,-18.89667,0.0
2010,11,30,1.272588696,-19.61333,0.0
2010,12,1,1.278506688,-16.82667,0.0
2010,12,2,1.277323344,-16.05,0.0
2010,12,9,1.448186112,-12.83333,0.0
2010,12,10,1.4574506654117647,-8.213333,5.084002
2010,12,16,2.7412597270588237,-12.71667,0.0
2010,12,17,3.3618063840000008,-15.54,3.462064
2010,12,18,3.785188992,-13.47333,0.8764243
2010,12,19,4.442906136,-15.45333,0.0
2010,12,20,5.107234968,-17.71,1.159381
2010,12,21,5.523977471999999,-18.12333,1.71735
2010,12,22,5.6878044,-15.33,2.63332
2010,12,23,5.87610912,-18.09333,1.076947
2010,12,24,5.977133999999999,-19.32333,0.0
2010,12,25,6.0372792,-19.21333,0.0
2010,12,26,6.01585392,-14.43667,0.0
2010,12,27,5.852141448,-12.68667,0.0
2010,12,28,5.674318824,-14.34667,0.0
2010,12,29,5.394922392,-12.84667,0.4491949
2010,12,30,4.964249711999999,-7.233333,0.0
2010,12,31,4.642363536,-6.786666,3.737655
2011,1,1,4.096642919999999,-6.936666,1.915475
2011,1,2,3.4532722320000007,-9.853333,0.0
2011,1,3,3.051803352,-9.876666,4.287735
2011,1,4,2.696170248,-8.253333,2.162159
2011,1,5,2.354648616,-9.753333,7.331407
2011,1,6,2.115525144,-10.41667,2.718267
2011,1,7,1.895519352,-12.63,0.0
2011,1,8,1.631598408,-10.69667,8.214362
2011,1,9,1.504946136,-8.5,4.047599
2011,1,10,1.398581184,-7.529999,3.873969
2011,1,11,1.464838104,-7.073333,6.114453
2011,1,12,1.3596055680000003,-10.42667,0.0
2011,1,13,1.2627646799999996,-12.92333,0.0
2011,1,14,1.128538896,-11.84,2.36918
2011,1,15,1.09335816,-9.98,7.298154
2011,1,16,1.086316848,-5.326665,3.24034
2011,1,17,1.0559824320000002,-3.586666,0.4802731
2011,1,18,1.00384476,-6.966666,0.0
2011,1,19,0.9317337839999998,-8.303333,0.0
2011,1,20,0.867170856,-7.990001,0.0
2011,1,21,0.822353808,-4.61,0.0
2011,1,22,0.7698593999999999,-3.366666,0.0
2011,1,23,0.7171545119999998,-1.853333,0.0
2011,1,24,0.661387632,-2.773333,1.051464
2011,1,25,0.622841448,-9.989999,0.0
2011,1,26,0.5377700447999999,-12.13333,0.0
2011,1,27,0.4951968912,-6.466665,0.0
2011,1,28,0.5667437663999999,-3.636666,0.0
2011,1,29,0.5403324408,-7.423333,3.202541
2011,1,30,0.49850623920000003,-7.423333,0.0
2011,1,31,0.4854368183999999,-4.033333,0.1172296
2011,2,1,0.482752488,-3.393333,0.0
2011,2,2,0.47510681520000003,-4.42,1.767312
2011,2,3,0.462116976,-6.433334,2.600713
2011,2,4,0.46288926719999995,-7.21,1.811703
2011,2,5,0.462116976,-7.753333,2.464052
2011,2,6,0.453634752,-5.98,0.0
2011,2,7,0.46288926719999995,-7.223332,0.9805967
2011,2,8,0.46288926719999995,-7.753333,1.708965
2011,2,9,0.4598001024000001,-9.193334,3.296607
2011,2,10,0.4629546023999999,-8.236666,6.110888
2011,2,11,0.4988058624,-13.13333,0.2342986
2011,2,12,0.5236694304,-12.93667,0.0
2011,2,13,0.5355711528,-14.54333,0.0
2011,2,14,0.6175788239999999,-14.64667,0.0
2011,2,15,0.5864657856000001,-14.92667,0.0
2011,2,16,0.5676696720000002,-14.05667,0.7759683
2011,2,17,0.562592964,-12.31333,0.1588567
2011,2,18,0.5600359296,-11.86333,1.332515
2011,2,19,0.5592001896000001,-14.35667,0.0
2011,2,20,0.5342331576,-14.23,0.0
2011,2,21,0.5301295776,-13.49,0.06677437
2011,2,22,0.581720088,-16.67,0.0
2011,2,23,0.6029322288000001,-17.27,0.6008598
2011,2,24,0.5517060072000001,-9.940001,1.072183
2011,2,25,0.5342331576,-4.193333,1.114334
2011,2,26,0.5194931423999999,-3.92,3.65969
2011,2,27,0.5309603784,-5.963333,0.0
2011,2,28,0.5366953056000001,-7.396667,0.0
2011,3,1,0.5098062959999999,-7.506667,0.0
2011,3,2,0.5009147592000001,-2.926667,0.0
2011,3,3,0.48173622720000003,-3.563333,0.0
2011,3,4,0.4636720296000001,-2.55,3.554456
2011,3,5,0.46758584160000005,-9.456666,0.2623868
2011,3,6,0.4498535256000001,-9.033333,0.0
2011,3,7,0.4561803672,-3.443334,0.0
2011,3,8,0.4683686039999999,-3.293333,0.0
2011,3,9,0.4801403712,-7.360001,2.489334
2011,3,10,0.4785445152,-11.93,0.0
2011,3,11,0.4621508976,-11.17333,0.6144646
2011,3,12,0.45309857279999993,-8.59,0.0
2011,3,13,0.4660961232,-7.663333,3.560443
2011,3,14,0.46288926719999995,-7.036666,0.0
2011,3,15,0.4537020024,-5.773333,0.0
2011,3,16,0.457766088,-7.33,0.0
2011,3,17,0.43691207519999997,-8.026666,5.937136
2011,3,18,0.4335466152,-7.45,2.547411
2011,3,19,0.4551663552,-7.003333,0.0
2011,3,20,0.4420763424,-4.266667,0.7803687
2011,3,21,0.43827978240000004,0.7566662,8.188341
2011,3,22,0.5974883112,-2.553332,1.789603
2011,3,23,0.9837476879999998,-3.38,10.23207
2011,3,24,1.080207648,-6.52,0.0
2011,3,25,0.6150892679999999,-10.36333,0.0
2011,3,26,0.5186899776,-11.49333,0.0
2011,3,27,0.5062441247999999,-6.923334,0.0
2011,3,28,0.4754134656000001,-7.696667,3.214399
2011,3,29,0.462116976,-8.276667,0.0
2011,3,30,0.44802836879999997,-10.35,0.0
2011,3,31,0.45597006,-6.813333,3.34352
2011,4,30,1.2249433440000004,4.41,0.0
2011,5,1,1.21054392,1.366667,0.0
2011,5,2,1.147019376,-0.1366667,0.0
2011,5,3,1.0768214879999998,-1.37,0.0
2011,5,4,1.0094479680000001,-0.4233333,0.2205045
2011,5,5,0.947966376,-0.8999999,0.0
2011,5,6,0.9029688000000001,-0.05333331,2.43799
2011,5,7,0.868161648,4.8,0.0
2011,5,8,0.8989321199999999,7.356667,0.0
2011,5,9,1.09054932,8.953332,0.0
2011,5,10,1.271500344,8.013333,0.0
2011,5,11,1.378260384,7.173334,6.68009
2011,5,12,1.887329688,3.663333,7.350738
2011,5,13,2.44077456,2.58,6.029226
2011,5,14,2.672683584,2.32,7.198151
2011,5,15,2.880418752,1.433333,3.720344
2011,5,16,2.8959139439999992,1.19,0.8804758
2011,5,17,2.4225750239999995,-0.01999998,2.737683
2011,5,18,2.097178752,0.3366667,0.1249735
2011,5,19,1.8346158240000003,1.59,0.0
2011,5,20,1.6085115360000004,1.896666,1.971096
2011,5,21,1.452449952,1.526667,0.0
2011,5,22,1.336371696,3.84,4.008817
2011,5,23,1.45768908,2.026666,2.933711
2011,5,24,1.9806559680000002,1.346667,0.0
2011,5,25,2.140476672,1.636667,0.0
2011,5,26,1.8836589360000002,1.33,2.267043
2011,5,27,1.7442545039999997,2.023333,2.990283
2011,5,28,1.56896676,2.163333,2.29949
2011,5,29,1.374860856,1.66,0.3083075
2011,5,30,1.277450544,2.52,4.597974
2011,5,31,1.291557336,2.653333,6.028046
2011,6,1,1.37756436,3.006666,0.0
2011,6,2,1.529556288,5.93,0.0
2011,6,3,1.5284053919999996,9.226666,0.5224076
2011,6,4,1.924407936,6.236667,0.0
2011,6,5,2.240486711999999,6.08,0.0
2011,6,6,2.806288632,8.246666,10.44282
2011,6,7,5.017218096,10.38,8.501558
2011,6,8,7.188932568,10.92,7.772277
2011,6,9,11.01028464,10.52333,35.15147
2011,6,10,30.674916959999994,9.456667,29.58605
2011,6,11,45.65045040000001,10.83,9.427282
2011,6,12,36.42645744,8.556666,4.81158
2011,6,13,23.40727656,7.723333,1.990075
2011,6,14,16.19593608,5.543333,4.927725
2011,6,15,10.77422496,5.386666,2.991009
2011,6,16,6.562995048000001,6.866667,0.7389835
2011,6,17,4.55879016,5.5,3.514749
2011,6,18,4.126681968,5.863333,6.350354
2011,6,19,4.33862484,6.7,6.117045
2011,6,20,3.907811448,6.066667,4.280477
2011,6,21,3.447828864,5.756666,0.0
2011,6,22,2.9562580560000007,6.570001,8.148388
2011,6,23,2.840639712,5.516666,5.843011
2011,6,24,3.0346712159999996,4.92,0.0
2011,6,25,2.6775424559999994,5.063333,0.4985763
2011,6,26,2.458713792,7.556666,2.134461
2011,6,27,2.2330595760000005,9.433332,2.873848
2011,6,28,2.207097648,11.97667,4.911292
2011,6,29,2.8870822559999993,11.13,6.986895
2011,6,30,4.2265187520000005,7.863333,6.291307
2011,7,1,4.643514096,7.333333,2.966816
2011,7,2,4.246306368,9.42,2.846957
2011,7,3,3.7291961760000008,11.12667,10.51835
2011,7,4,3.423116952,10.98,0.450109
2011,7,5,3.218076912,13.36,0.0
2011,7,6,2.986608096,13.02667,1.88736
2011,7,7,2.875058952,11.79667,4.348617
2011,7,8,2.839457688,11.02,8.060551
2011,7,9,3.072533256,9.036667,5.626836
2011,7,10,3.414145968,7.959999,3.389107
2011,7,11,3.45627144,7.603333,4.828837
2011,7,12,3.28420512,4.793333,3.304915
2011,7,13,2.73425124,6.136667,0.0
2011,7,14,2.2369624080000006,10.55,0.0
2011,7,15,1.891656672,9.856667,0.0
2011,7,16,1.6619684399999997,10.1,1.665019
2011,7,17,1.564613256,7.543333,10.7013
2011,7,18,2.746560504,8.24,2.232586
2011,7,19,2.4717858,8.246667,5.01636
2011,7,20,2.762733432,8.106667,3.960056
2011,7,21,2.922696384,9.21,3.290111
2011,7,22,3.812690208,7.793333,25.61823
2011,7,23,7.719448799999999,11.32667,12.07819
2011,7,24,12.70569816,11.63667,9.322449
2011,7,25,11.1571464,8.603333,8.87921
2011,7,26,8.849913599999997,9.326667,2.834301
2011,7,27,6.8296008,11.4,1.098859
2011,7,28,5.366709072,11.94333,6.156107
2011,7,29,4.561958760000001,11.95667,0.0
2011,7,30,4.067485824,13.16333,0.5679406
2011,7,31,3.543252984,13.82333,0.2295372
2011,8,1,3.34606416,13.08,3.189302
2011,8,2,3.406116096,13.77,2.227418
2011,8,3,3.062911512000001,12.44,5.713692
2011,8,4,3.029584032,10.61667,8.745009
2011,8,5,3.497870784,9.28,3.501703
2011,8,6,3.317126784,10.64333,3.250718
2011,8,7,3.355213128,8.516666,7.90482
2011,8,8,3.703896768,7.93,3.632924
2011,8,9,3.0551644079999996,5.346666,3.418909
2011,8,10,2.337791664,3.283334,0.0
2011,8,11,1.82577936,5.096666,0.0
2011,8,12,1.5884285280000003,7.54,0.0
2011,8,13,1.39015248,7.503334,0.0
2011,8,14,1.2644191200000003,7.236666,17.62985
2011,8,15,5.209134072,8.833332,14.51251
2011,8,16,6.143156688,6.61,3.476079
2011,8,17,5.886784272,6.523334,2.015649
2011,8,18,5.141104895999999,7.076667,4.034368
2011,8,19,4.082220552000002,6.003333,6.634851
2011,8,20,3.848302728,6.276666,0.08707643
2011,8,21,3.156931488,4.836667,4.864991
2011,8,22,2.7712747920000007,6.313334,0.0
2011,8,23,2.45226516,8.443333,0.0
2011,8,24,2.296402032,7.19,8.38155
2011,8,25,2.380081991999999,8.869999,0.1039991
2011,8,26,2.4031465679999995,10.06,14.05588
2011,8,27,4.806277967999999,11.89,17.85318
2011,8,28,7.744869816,6.793334,6.868979
2011,8,29,8.37998112,5.216667,2.190395
2011,8,30,6.679426320000001,6.083333,3.649678
2011,8,31,5.198845440000001,5.906667,1.671149
2011,9,1,4.060302264,6.676667,0.0
2011,9,2,3.265633152,6.65,3.322423
2011,9,3,2.9708391359999995,5.976666,5.084209
2011,9,4,3.3366019440000008,8.903334,13.15471
2011,9,5,4.840790880000001,10.15,4.054807
2011,9,6,5.146733736,6.313333,11.42772
2011,9,7,6.706969415999999,5.01,1.426424
2011,9,8,5.358406392,3.716667,0.0
2011,9,9,3.888482328,3.993333,0.0
2011,9,10,2.981253264,5.656666,6.322658
2011,9,11,2.436628776,7.64,8.325352
2011,9,12,2.3018045040000006,5.74,9.305167
2011,9,13,2.5352783280000004,6.423332,2.114832
2011,9,14,2.4421890240000006,5.013333,0.0
2011,9,15,2.174654784,2.443333,0.0
2011,9,16,1.854610896,2.836667,0.0
2011,9,17,1.586428032,2.6,0.0
2011,9,18,1.392501264,2.146667,4.806108
2011,9,19,1.541510928,3.39,9.351435
2011,9,20,1.804528296,3.873333,0.0
2011,9,21,1.597955112,2.976666,2.24705
2011,9,22,1.52108148,1.996667,0.2964166
2011,9,23,1.376215968,1.68,0.0
2011,9,24,1.244841432,3.166666,0.0
2011,9,25,1.1394095279999996,5.333333,3.636128
2011,9,26,1.093405008,4.76,3.97751
2011,9,27,1.15336284,2.606667,0.8643709
2011,9,28,1.193312952,7.943333,0.5053937
2011,9,29,1.3631782560000003,11.42,0.0
2011,9,30,1.49190816,10.18,0.0
2011,10,1,1.623254976,10.81667,0.9257652
2011,10,2,1.6829618879999997,6.239999,0.0
2011,10,3,1.746408648,3.96,2.369205
2011,10,4,1.575739248,1.836667,1.737251
2011,10,5,1.39753176,2.796667,2.282732
2011,10,6,1.266970008,1.683333,2.558121
2011,10,7,1.181082912,-0.3833331,3.500608
2011,10,8,1.11585936,-3.276667,0.0
2011,10,9,1.038744024,-2.796667,8.760778
2011,10,10,0.9670161840000001,-1.87,1.368814
2011,10,11,0.901739784,-2.586667,3.712739
2011,10,12,0.809778312,-1.703333,0.0
2011,10,13,0.726423048,-2.713333,0.0
2011,10,14,0.6711288239999998,-1.42,0.0
2011,10,15,0.6290247120000002,0.01666653,0.0
2011,10,16,0.5941612800000001,-0.7833333,0.0
2011,10,17,0.5651499983999999,-0.0999999,5.744794
2011,10,18,0.5925968424000001,-1.016667,0.0
2011,10,19,0.5643637632,-3.553333,0.9306098
2011,10,20,0.5211922584,-4.39,0.0
2011,10,21,0.4809964992,-2.376667,0.9851063
2011,10,22,0.47072736239999996,1.726667,0.0
2011,10,23,0.45902781119999997,2.13,0.0
2011,10,24,0.4352555136,0.7733335,0.0
2011,10,25,0.4135049256000001,0.5,0.0
2011,10,26,0.39874508160000005,-1.983333,7.046743
2011,10,27,0.4075772664,0.4000003,7.21286
2011,10,28,0.5063438184,-0.5299997,3.590151
2011,10,29,0.5228336903999999,0.00999999,0.0
2011,10,30,0.4817817240000001,1.713333,1.414642
2011,10,31,0.49204862879999994,2.986666,0.0
2011,11,1,0.4881122639999999,4.106668,0.271457
2011,11,2,0.5559469752,1.406667,0.0
2011,11,3,0.5203213247999998,2.036667,0.0
2011,11,4,0.5334375504,1.336667,2.494231
2011,11,5,0.5600981975999999,2.903334,5.160175
2011,11,6,0.6063708384,1.716667,1.486622
2011,11,7,0.607156056,1.956667,0.0
2011,11,8,0.6175788239999999,4.313334,0.0
2011,11,9,0.613227984,3.12,0.0
2011,11,10,0.599343792,0.7766662,0.0
2011,11,11,0.567778512,-0.7266669,0.0
2011,11,12,0.5212027824,-2.663333,1.760092
2011,11,13,0.49686160319999995,-2.273334,0.0
2011,11,14,0.48413001120000004,-1.363333,0.0
2011,11,15,0.43246806480000005,-1.436667,0.0
2011,11,16,0.38287613280000005,-3.1,0.0
2011,11,17,0.33807647519999995,-4.586666,0.0
2011,11,18,0.35876043119999995,-2.0,2.251583
2011,11,19,0.35933127839999995,0.5400004,2.291183
2011,11,20,0.36076250880000005,0.07333279,0.0
2011,11,21,0.33241304880000005,-0.5499997,0.0
2011,11,22,0.3064215984,-2.039999,0.0
2011,11,23,0.2965765392,-1.626667,4.178784
2011,11,24,0.29140451520000005,-2.94,1.638917
2011,11,25,0.29072475839999995,-2.793333,3.902953
2011,11,26,0.2868982464,-4.09,12.15986
2011,11,27,0.2908411704,-3.446666,4.777335
2011,11,28,0.2916318071999999,-4.063334,0.0
2011,11,29,0.3156052608,0.4899998,3.358858
2011,11,30,0.3358526808,-2.960001,1.368735
2011,12,1,0.4487669568,-2.710001,3.577096
2011,12,2,0.8885373623999999,-8.159999,1.523164
2011,12,3,1.339851432,-5.216666,3.047881
2011,12,4,1.0561338480000002,-7.353333,2.005908
2011,12,5,0.8363991600000001,-7.29,0.0
2011,12,6,0.6518106720000002,-11.66,0.0
2011,12,7,0.55933404,-11.42667,0.0
2011,12,8,0.5377794048,-12.28333,5.67736
2011,12,9,0.49853614079999997,-7.596667,2.838931
2011,12,10,0.453632244,-8.049999,0.0
2011,12,11,0.4406226144,-8.276667,3.974841
2011,12,12,0.4552002768,-6.583333,3.654471
2011,12,13,0.43309082879999994,-6.446667,8.520276
2011,12,14,0.4505585663999999,-4.193333,1.823753
2011,12,15,0.4263908328,-4.46,0.7559174
2011,12,16,0.3806613216,-8.41,2.940325
2011,12,17,0.346285548,-11.64,0.0
2011,12,18,0.3465832176,-7.473333,0.0
2011,12,19,0.38243902080000003,-6.183333,0.0
2011,12,20,0.296058264,-12.24333,0.0
2011,12,21,0.25937210399999994,-11.71,1.771391
2011,12,22,0.3210116640000001,-6.0,0.8395997
2011,12,23,0.4113610224,-3.443334,0.3041345
2011,12,24,0.3659518032,-6.593333,2.261932
2011,12,25,0.49080563279999995,-1.823333,4.870008
2011,12,26,0.5611630608,-0.7266669,10.73406
2011,12,27,0.4279725167999999,-5.996666,0.72598
2011,12,28,0.43539707759999996,-5.05,3.547345
2011,12,29,0.39735809040000003,-4.766666,0.0
2011,12,30,0.388521612,-8.179999,0.0
2011,12,31,0.3785462304,-11.04667,5.872881
2012,1,1,0.44616145200000007,-5.550001,5.04987
2012,1,2,0.4554292703999999,-6.806666,0.9183317
2012,1,3,0.39948906,-7.799999,6.224518
2012,1,4,0.4002861623999999,-6.736667,0.4624146
2012,1,5,0.358085736,-11.19333,0.0
2012,1,6,0.4188317616000001,-7.34,3.217984
2012,1,7,0.49865770079999994,-8.046666,1.417406
2012,1,8,0.43769210880000003,-10.88667,0.4186764
2012,1,9,0.4634491344,-9.309999,2.78383
2012,1,10,0.6374373767999999,-5.826666,2.535359
2012,1,11,0.783568944,-6.02,8.08186
2012,1,12,0.9262054080000002,-7.163333,6.694687
2012,1,13,0.83575824,-7.1,4.92915
2012,1,14,0.8038261919999998,-5.94,0.0
2012,1,15,0.805732392,-2.94,0.0
2012,1,16,0.746970624,-4.426665,0.0
2012,1,17,0.78303468,-7.296666,0.0
2012,1,18,1.106127,-7.873333,3.825256
2012,1,19,1.3814106,-9.783334,0.0
2012,1,20,1.863799152,-11.15,0.6679152
2012,1,21,2.373767472,-11.14,6.726237
2012,1,22,2.73126852,-10.38333,0.0375607
2012,1,23,2.746173456,-11.66333,0.0
2012,1,24,3.216020616,-14.89333,0.0
2012,1,25,4.028056344,-13.7,1.434139
2012,1,26,4.627102392000001,-10.78333,2.513247
2012,1,27,4.630244040000001,-10.05667,2.834947
2012,1,28,4.252022832,-11.25667,0.05823946
2012,1,29,4.345117728,-13.02667,0.0
2012,1,30,4.74209124,-14.07333,0.0
2012,1,31,5.392162200000001,-13.72667,0.0
2012,2,1,5.783238599999999,-13.95333,0.0
2012,2,2,5.793417504,-14.85333,4.050336
2012,2,3,5.6507268,-16.48333,2.732246
2012,2,4,5.42102604,-15.58667,0.2787038
2012,2,5,5.34428652,-14.67,2.704069
2012,2,6,4.980473904,-9.653333,0.0
2012,2,7,4.54568688,-7.873333,0.0
2012,2,8,4.173295128,-9.066666,0.0
2012,2,9,3.8628461519999995,-8.913333,1.366654
2012,2,10,3.512239895999999,-9.24,0.0
2012,2,11,3.3452624639999993,-8.433332,0.0
2012,2,12,3.005206248000001,-7.573333,0.2953976
2012,2,13,2.650279104,-6.866666,0.6419368
2012,2,14,2.3483158319999995,-6.283333,4.17955
2012,2,15,2.208868104,-7.206666,0.1247987
2012,2,16,1.9521903839999997,-5.42,0.0
2012,2,17,1.7191180319999997,-6.656666,0.0
2012,2,18,1.5553262880000003,-4.686666,6.360837
2012,2,19,1.321703568,-10.12667,0.3963369
2012,2,20,1.088195712,-7.126666,1.79466
2012,2,21,0.935189976,-6.206666,2.201612
2012,2,22,0.7748600159999999,-3.703333,2.170894
2012,2,23,0.736679496,-2.646667,3.525739
2012,2,24,0.68222364,-2.430001,1.773592
2012,2,25,0.587888556,-6.876666,0.0
2012,2,26,0.5416646736,-8.053333,0.0
2012,2,27,0.5025206999999999,-5.37,1.752256
2012,2,28,0.47703965280000005,1.023334,0.0
2012,2,29,0.5042504592,2.536666,0.0
2012,3,1,0.7217358719999999,-0.2133331,0.2794949
2012,3,2,0.6246393816000001,-5.163333,0.0
2012,3,3,0.46654483680000003,-5.27,0.0
2012,3,4,0.48918741839999996,-7.443333,0.01669371
2012,3,5,0.38323528320000005,-6.886666,0.0
2012,3,6,0.35062711679999997,-7.146667,1.590313
2012,3,7,0.33460764719999997,-5.82,5.360312
2012,3,8,0.30960677760000005,-5.526667,0.3005903
2012,3,9,0.30048680159999996,-0.2233334,0.1423501
2012,3,10,0.304415256,-4.736667,2.67963
2012,3,11,0.2926859952,-0.3566666,0.0
2012,3,12,0.4870114199999999,0.6433334,0.0
2012,3,13,1.0239094080000002,0.46,0.0
2012,3,14,1.080126624,0.6999998,0.0
2012,3,15,0.856920384,-0.2433329,0.0
2012,3,16,0.75970632,-0.1066666,0.0
2012,3,17,0.719333976,-2.469999,0.0
2012,3,18,0.5979697608000001,-5.16,1.351478
2012,3,19,0.5534718312000001,-7.626667,2.787882
2012,3,20,0.4982215703999999,-1.580001,0.0
2012,3,21,0.5435605055999999,2.119999,0.0
2012,3,22,0.7702282559999999,2.140001,0.0
2012,3,23,0.7997278559999998,2.046667,0.0
2012,3,24,0.6800028264,1.423333,0.0
2012,3,25,0.6745257936000001,2.98,0.0
2012,3,26,0.7725942959999998,3.886666,0.0
2012,3,27,2.51703624,4.363333,0.0
2012,3,28,1.558143696,-0.4033332,0.0
2012,3,29,0.902046696,-2.24,0.1164788
2012,3,30,0.709216704,-5.389999,0.588165
2012,3,31,0.6063727512,-6.943333,0.0
2012,4,1,0.5485172856,-8.99,1.665192
2012,4,2,0.4663098696,-10.90667,0.0
2012,4,3,0.4312419744,-10.14667,0.0
2012,4,4,0.39882649680000004,-7.756667,0.0
2012,4,5,0.384966672,-5.47,1.944205
2012,4,6,0.3551906664,-10.31333,0.0
2012,4,7,0.3143147112,-10.37,0.0
2012,4,8,0.312641796,-8.056666,1.975846
2012,4,9,0.3037432176,-5.58,2.902847
2012,4,10,0.29654849279999995,-3.77,9.413678
2012,4,11,0.29654849279999995,-2.28,2.389454
2012,4,12,0.29138650080000006,-2.87,3.680678
2012,4,13,0.2888115024,-5.14,0.9015172
2012,4,14,0.2748375024,-5.183333,9.921954
2012,4,15,0.28498499039999997,-6.946667,3.325837
2012,4,16,0.5095932216000001,-7.593333,0.0
2012,4,17,0.48673169279999995,-8.33,0.0
2012,4,18,0.26064138239999995,-6.366667,1.532157
2012,4,19,0.257507184,-3.32,1.656726
2012,4,20,0.2544374592,-2.136667,1.629967
2012,4,21,0.2599049376,-3.996666,1.489012
2012,4,22,0.2550449568,-2.786667,0.0
2012,4,23,0.2630335872,-1.876667,4.826183
2012,4,24,0.29015296319999995,-1.403333,0.0
2012,4,25,0.3283761864,-1.35,14.54175
2012,4,26,0.47532439919999997,-0.5266665,5.84143
2012,4,27,0.5336608008,-0.5299999,1.351894
2012,4,28,0.5485460736000001,-3.346667,0.0
2012,4,29,0.49296827279999994,-0.9,0.0
2012,4,30,0.47555932320000005,1.64,0.0
2012,5,1,0.510586284,3.463333,0.0
2012,5,2,0.5685871008,2.696667,0.0
2012,5,3,0.62468232,-1.563333,8.18348
2012,5,4,0.6290990879999998,-3.3,1.018962
2012,5,5,0.5995330175999999,-6.083333,0.0
2012,5,6,0.5319416736000001,-5.673333,0.0
2012,5,7,0.48809956080000005,-3.193333,0.0
2012,5,8,0.4683790752,-2.563333,5.053517
2012,5,9,0.48738015840000004,-0.08666652,0.0
2012,5,10,0.5550339432000001,0.1433333,2.696162
2012,5,11,0.6154783343999999,-0.9266666,5.467955
2012,5,12,0.6587052239999999,-3.136667,0.0
2012,5,13,0.598497984,-1.373333,1.279468
2012,5,14,0.583255452,-0.08666682,0.7770653
2012,5,15,0.5958497519999998,0.04333353,0.0
2012,5,16,0.9530158872000001,-0.2,3.750995
2012,5,17,0.8628774,-0.06333351,4.714252
2012,5,18,0.7339358159999998,-0.9600003,0.0
2012,5,19,0.6874622399999999,-0.3566663,2.05926
2012,5,20,0.7002932399999998,2.55,0.0
2012,5,21,0.847020144,6.766667,0.0
2012,5,22,1.4547338640000003,8.53,0.0
2012,5,23,2.582076504,10.89333,0.0
2012,5,24,3.719655648,11.51,0.0
2012,5,25,4.715444016,11.1,0.0
2012,5,26,4.597435008,10.67667,0.0
2012,5,27,4.121922792,11.1,0.0
2012,5,28,4.312921608,1.656667,0.0
2012,5,29,3.397650192000001,0.6266665,0.0
2012,5,30,2.843045376,0.8199997,0.0
2012,5,31,2.346187872,-0.583333,0.3259923
2012,6,1,1.867432896,-2.65,0.0
2012,6,2,1.5185705279999997,-2.216667,0.0
2012,6,3,1.282796592,-0.3466668,0.0
2012,6,4,1.12569036,1.643333,0.0
2012,6,5,1.0129444559999998,2.03,2.994658
2012,6,6,1.04195508,2.44,1.100842
2012,6,7,1.066417536,5.26,0.2218986
2012,6,8,1.0871044080000003,6.89,0.0
2012,6,9,1.201199376,6.303333,0.09598827
2012,6,10,1.33311048,6.193333,1.229888
2012,6,11,1.566070776,5.753333,4.244218
2012,6,12,1.8673838880000002,4.573333,4.090006
2012,6,13,2.301774336,3.9,12.61758
2012,6,14,2.9909292240000007,2.16,1.294702
2012,6,15,2.6110592640000005,3.783333,1.483199
2012,6,16,2.623783968,3.393334,6.864855
2012,6,17,2.884298928,5.869999,0.0
2012,6,18,2.69424276,5.396667,12.36587
2012,6,19,3.31738236,2.93,0.0
2012,6,20,2.853599376,4.003333,0.0
2012,6,21,2.4125709600000005,7.44,0.0
2012,6,22,2.1956160479999993,8.380001,0.0
2012,6,23,2.2118106,5.599999,2.747132
2012,6,24,2.6153508240000005,5.623333,4.486446
2012,6,25,2.9965367039999995,7.356666,0.0
2012,6,26,3.089603736000001,4.973333,0.0
2012,6,27,2.824518431999999,5.136666,0.0
2012,6,28,2.467345896,7.163333,0.4559567
2012,6,29,2.172147,6.356666,1.975309
2012,6,30,2.240340744,8.553333,2.077083
2012,7,1,2.5627998,7.219999,1.483369
2012,7,2,2.888066784,5.52,0.0
2012,7,3,2.82367776,7.763333,8.603292
2012,7,4,2.75252796,8.396667,1.955328
2012,7,5,2.7949405679999995,11.44333,0.0
2012,7,6,2.92317984,12.14,0.0
2012,7,7,2.9942603760000006,10.89333,5.894956
2012,7,8,3.4347519840000005,11.23667,9.776355
2012,7,9,4.104592536000001,9.243333,8.346364
2012,7,10,4.018571064,9.819999,11.24704
2012,7,11,5.375200968,8.783333,9.864104
2012,7,12,6.39408432,7.753332,11.39418
2012,7,13,6.7750929599999985,7.013334,7.254871
2012,7,14,7.19963208,6.916667,5.819888
2012,7,15,6.225085728,5.91,0.09598804
2012,7,16,4.58635212,5.356667,0.0
2012,7,17,3.528795408,4.956667,0.0
2012,7,18,2.7986690400000005,5.150001,2.743185
2012,7,19,2.4240667440000006,5.7,11.60322
2012,7,20,2.525589240000001,3.383334,2.341626
2012,7,21,2.283081936,4.276667,0.0
2012,7,22,1.867929552,5.08,4.64372
2012,7,23,1.771937592,8.8,0.0
2012,7,24,1.8901467599999997,9.523334,0.0
2012,7,25,1.900839864,8.809999,0.0
2012,7,26,1.8849740639999997,8.75,0.0
2012,7,27,1.797464352,10.69333,2.838338
2012,7,28,2.19075204,8.153333,9.718105
2012,7,29,2.3752627200000007,8.876666,0.0
2012,7,30,2.1431761199999997,8.406667,4.268895
2012,7,31,2.0110921200000003,6.756667,4.403945
2012,8,1,2.062185648,6.703333,0.330621
2012,8,2,1.872446712,8.136667,1.4985
2012,8,3,1.6795289040000003,9.896667,6.063868
2012,8,4,1.821269376,7.983333,8.28313
2012,8,5,2.214257832,7.416666,3.730934
2012,8,6,1.89608052,7.426667,1.728972
2012,8,7,1.6846193040000004,7.19,7.295225
2012,8,8,1.545589536,5.813334,0.0
2012,8,9,1.386399552,5.006666,3.739251
2012,8,10,1.3359588480000004,6.0,0.0
2012,8,11,1.190762568,10.53333,0.0
2012,8,12,1.0722281999999999,12.97333,0.0
2012,8,13,1.012746192,12.52667,0.0
2012,8,14,1.043763912,10.16333,0.0
2012,8,15,0.98654556,9.973332,0.0
2012,8,16,1.021247616,9.786667,0.04186702
2012,8,17,0.9562646640000002,9.363333,2.712188
2012,8,18,0.9436446239999998,9.713333,22.60383
2012,8,19,1.703198808,10.83,0.0
2012,8,20,1.8013685279999996,9.16,6.005935
2012,8,21,2.038584792,8.703334,0.0
2012,8,22,1.9033662240000002,7.206667,8.133507
2012,8,23,1.932289128,6.416667,5.744512
2012,8,24,1.897910064,5.376667,0.0
2012,8,25,1.6430211119999998,5.573333,3.290071
2012,8,26,1.4027500320000004,3.77,2.177913
2012,8,27,1.24780284,3.74,0.0
2012,8,28,1.172297976,5.29,8.95203
2012,8,29,1.3331955120000003,6.753334,1.387065
2012,8,30,1.575748224,6.573333,3.999732
2012,8,31,1.839843576,4.95,0.0
2012,9,1,1.5997002720000004,6.126667,2.454725
2012,9,2,1.4433651360000004,7.2,1.931873
2012,9,3,1.30391808,7.09,1.667528
2012,9,4,1.2383305680000003,6.886666,0.0
2012,9,5,1.2298044480000003,2.156667,0.4381362
2012,9,6,1.099383216,-0.2399998,2.106952
2012,9,7,0.9876300720000002,1.746666,0.0
2012,9,8,0.8498025359999999,0.3966665,1.930449
2012,9,9,0.7384646159999998,3.613333,0.0
2012,9,10,0.67391172,7.28,1.514024
2012,9,11,0.7495550160000002,4.97,6.15383
2012,9,12,0.959304264,-0.05333328,0.2457737
2012,9,13,1.058724768,0.2266665,3.17374
2012,9,14,1.086982824,3.766667,0.7182897
2012,9,15,1.006463328,3.786666,0.0
2012,9,16,0.911793744,4.966667,3.643275
2012,9,17,0.808886304,2.58,0.0
2012,9,18,0.7505596559999999,1.81,3.196177
2012,9,19,0.695825976,-0.3466663,0.0
2012,9,20,0.6402051359999998,-1.796666,0.3294015
2012,9,21,0.5822402087999999,-1.196667,0.0
2012,9,22,0.5150737848,-1.606666,0.0
2012,9,23,0.45512102639999996,-2.196666,0.0
2012,9,24,0.4137768384,-1.713333,0.0
2012,9,25,0.3862645416,-1.626667,4.653706
2012,9,26,0.35522904959999996,-0.3333334,1.71699
2012,9,27,0.33215545919999995,0.6833333,0.0
2012,9,28,0.31694087039999996,1.153333,2.027312
2012,9,29,0.296239848,-0.01999998,0.0
2012,9,30,0.2697888648,-0.0200001,2.479082
2012,10,1,0.25888294799999995,2.77,0.0
2012,10,2,0.2428497672,1.496667,1.832101
2012,10,3,0.27770328479999995,1.61,13.28365
2012,10,4,0.44121814079999994,0.42,0.0
2012,10,5,0.36711701760000004,-1.98,0.0
2012,10,6,0.34651974960000004,-2.403333,0.0
2012,10,7,0.3386585736,-0.6066667,0.5500156
2012,10,8,0.4621413264,-1.47,2.340247
2012,10,9,0.49596290160000006,-3.093333,0.0
2012,10,10,0.46621498079999985,-2.213333,0.0
2012,10,11,0.44193497519999997,-3.546667,0.0
2012,10,12,0.4040818224,-5.36,0.0
2012,10,13,0.398425584,-5.023333,0.06677461
2012,10,14,0.3755589744,-4.583333,6.963356
2012,10,15,0.37730382,-3.473333,1.26303
2012,10,16,0.37264618560000007,-3.463333,3.105933
2012,10,17,0.3698841816000001,-2.003333,3.793038
2012,10,18,0.3607440383999999,-0.05000019,9.653009
2012,10,19,0.38997451680000006,-0.7833331,0.0
2012,10,20,0.38422931760000006,-2.013333,8.588678
2012,10,21,0.38492256,-0.8433334,0.0
2012,10,22,0.367067052,-1.933333,0.0
2012,10,23,0.3447499176,-2.46,0.0
2012,10,24,0.342643824,-3.07,0.1247985
2012,10,25,0.3157313064,-8.443334,7.671484
2012,10,26,0.301790568,-7.226667,2.922131
2012,10,27,0.2961038664,-8.36,0.0
2012,10,28,0.2410575696,-12.36667,5.082103
2012,10,29,0.2687304336,-9.346666,0.0
2012,10,30,0.22362306959999997,-13.39667,1.810885
2012,10,31,0.430585404,-7.566667,5.426505
2012,11,1,0.3259521024,-1.59,4.767526
2012,11,2,0.2986511112,-3.846667,6.133038
2012,11,3,0.2748450192,-3.906666,3.635684
2012,11,4,0.28436325360000003,-4.33,0.3872533
2012,11,5,0.23545066080000004,-11.9,0.0
2012,11,6,0.2287823328,-8.69,3.212857
2012,11,7,0.2506401264,-5.13,5.124063
2012,11,8,0.24792540960000004,-4.986666,0.4683568
2012,11,9,0.23947661520000002,-4.29,4.344839
2012,11,10,0.24008219519999996,-0.8200002,8.417889
2012,11,11,0.2642965584,-1.846667,3.305208
2012,11,12,0.24018537359999997,-5.603333,0.0
2012,11,13,0.203853324,-5.19,1.470208
2012,11,14,0.26502978239999997,-1.213334,2.020773
2012,11,15,0.2312145936,-4.31,0.0
2012,11,16,0.22600704960000004,-3.54,0.0
2012,11,17,0.23584352160000002,-1.373333,4.504204
2012,11,18,0.22364981039999998,-6.093333,1.244845
2012,11,19,0.21415651200000005,-4.933332,2.584812
2012,11,20,0.24256265040000002,0.1999998,0.04561138
2012,11,21,0.2517030936,1.19,3.834891
2012,11,22,0.3077251056,-1.563333,2.21805
2012,11,23,0.31241342639999997,-0.9900002,5.0916
2012,11,24,0.32191879440000004,-6.4,0.0
2012,11,25,0.23327834880000003,-9.966665,0.0
2012,11,26,0.28922322719999993,-7.860001,1.093588
2012,11,27,0.29525903039999996,-7.4,2.162789
2012,11,28,0.27618092879999995,-8.719999,1.946902
2012,11,29,0.2478290208,-10.04667,0.0
2012,11,30,0.23598669119999996,-14.12667,0.0
2012,12,1,0.1641318,-19.48667,0.0
2012,12,2,0.1267654536,-22.23667,0.0
2012,12,3,0.1529540064,-22.51333,0.0
2012,12,4,0.17858025360000002,-22.15333,0.0500809
2012,12,5,0.19167113040000003,-18.53667,0.0
2012,12,6,0.18954864959999998,-18.77,0.0
2012,12,7,0.3009741456,-19.45,0.0
2012,12,8,0.1943967096,-19.45667,2.418586
2012,12,9,0.2013258576,-14.88333,1.585738
2012,12,10,0.20379874320000002,-16.89667,0.0
2012,12,11,0.21562693199999997,-12.54333,0.09567904
2012,12,12,0.21196877280000004,-14.54,0.0
2012,12,13,0.17180275439999998,-17.62,0.0
2012,12,14,11.073160470857141,-17.69667,3.616965
2012,12,16,1.686135615008,-5.303333,3.380276
2012,12,17,0.063589165536,-5.126667,0.1256036
2012,12,18,0.063208666128,-6.32,0.0
2012,12,19,0.14597625120000002,-10.88333,0.0
2012,12,20,0.11760484559999998,-15.57,0.0
2012,12,21,0.1799925456,-11.92667,0.0
2012,12,22,0.2249405208,-13.86667,2.213247
2012,12,23,0.2587874472,-12.46,4.034341
2012,12,24,0.28562274239999996,-11.19333,2.96326
2012,12,25,0.3030541944,-12.6,4.156926
2012,12,26,0.896156736,-10.98,2.947935
2012,12,27,0.7864516559999999,-13.63333,2.153478
2012,12,28,1.026046296,-11.02,4.949642
2012,12,29,1.19750604,-4.226666,6.86447
2012,12,30,1.162257,-6.443333,3.011987
2012,12,31,0.981427248,-6.883333,4.100271
2013,1,1,0.9146033519999999,-7.79,1.562816
2013,1,2,0.936599448,-6.476666,3.375764
2013,1,3,0.9408693360000001,-2.736666,2.921242
2013,1,4,0.85341804,-0.5,2.910469
2013,1,5,0.600400584,0.2266674,0.0
2013,1,6,0.36013670880000004,-4.036667,0.0
2013,1,7,0.276209304,-4.440001,0.3085353
2013,1,8,0.22137759119999997,-5.98,0.0
2013,1,9,0.29478066480000004,-6.616667,0.0
2013,1,10,0.8947237176,-13.6,0.0
2013,1,11,1.414073016,-16.74333,0.0
2013,1,12,2.0775991920000005,-16.57333,0.0
2013,1,13,2.469886176,-16.78,0.0
2013,1,14,2.58798,-17.36666,0.0
2013,1,15,2.541490992000001,-19.56666,0.0
2013,1,16,2.405551848,-16.69,0.0
2013,1,17,2.0693774159999996,-17.29333,0.0
2013,1,18,1.7241050879999997,-17.31333,0.0
2013,1,19,1.29981432,-14.30333,0.0
2013,1,20,0.9543758879999997,-10.63333,0.0
2013,1,21,0.5720544047999999,-16.16,0.0
2013,1,22,1.6344314495999996,-14.71667,0.0
2013,1,23,2.108633784,-15.91666,0.0
2013,1,24,1.7459393999999997,-15.14333,0.0
2013,1,25,1.495006464,-15.77333,0.1339767
2013,1,26,1.0555800960000001,-12.82,0.0
2013,1,27,0.645622812,-10.77,4.640234
2013,1,28,0.39890561520000006,-10.01,0.275363
2013,1,29,0.26653794480000004,-6.323333,5.846769
2013,1,30,0.1854281472,-5.35,3.289536
2013,1,31,0.14807831040000002,-8.676666,0.0
2013,2,1,0.13136126400000003,-15.25,1.085831
2013,2,2,0.10432944959999998,-6.046667,1.02217
2013,2,3,0.076548888,-12.95667,0.5221411
2013,2,4,0.07607127840000001,-11.90333,2.773016
2013,2,5,0.07457029680000002,-10.19333,0.0
2013,2,6,0.067387488,-9.793333,0.0
2013,2,7,0.05877333120000001,-15.42,0.0
2013,2,8,0.04376925936,-18.13667,0.0
2013,2,9,0.037963058880000004,-18.31,0.0
2013,2,10,0.03847660608,-12.39333,1.093091
2013,2,11,0.03708927527999999,-10.84333,1.433576
2013,2,12,0.03736674144000001,-13.42333,0.0
2013,2,13,0.04456325088,-13.46333,1.139936
2013,2,14,0.04488069479999999,-10.67667,0.7896274
2013,2,15,0.03597941064,-10.39,0.0
2013,2,16,0.032244658079999995,-11.32,2.263782
2013,2,17,0.027185026320000003,-5.866666,1.663218
2013,2,18,0.027655988399999994,-3.903332,5.899775
2013,2,19,0.027655988399999994,-7.709999,0.0
2013,2,20,0.026714064239999998,-10.74333,0.0
2013,2,21,0.02162267976,-13.09667,0.0
2013,2,22,0.0235879692,-7.363333,0.0
2013,2,23,0.021600380160000005,-6.773334,0.0
2013,2,24,0.0165558024,-9.216667,0.0
2013,2,25,0.01428473232,-9.24,0.0
2013,2,26,0.01352770896,-3.67,0.0
2013,2,27,0.01265377824,-2.57,0.0
2013,2,28,0.011920871040000001,-2.516666,2.712792
2013,3,1,0.011920871040000001,-6.033333,2.509905
2013,3,2,0.011755731359999997,-5.54,4.987376
2013,3,3,0.011425452,-7.163333,0.3456669
2013,3,4,0.011009412959999998,-3.603333,0.0
2013,3,5,0.010599753600000001,-5.956666,0.0
2013,3,6,0.00952315584,-7.05,0.0
2013,3,7,0.009192995424,-11.99667,0.0
2013,3,8,0.008143016256,-12.00333,0.0
2013,3,9,0.00944377584,-13.88334,0.5191597
2013,3,10,0.009139996128,-16.88333,0.0
2013,3,11,0.008486170512,-13.71333,0.5121463
2013,3,12,0.008724076032,-11.54333,0.0
2013,3,13,0.009027855744,-16.55666,0.0
2013,3,14,0.008063517312000001,-14.09667,0.0
2013,3,15,0.00715891128,-15.79667,0.4348627
2013,3,16,0.0063998369280000005,-11.26667,0.7723569
2013,3,17,0.006538476959999999,-8.356667,0.847223
2013,3,18,0.008202157343999998,-12.10667,0.0
2013,3,19,0.00723167712,-16.43667,0.0
2013,3,20,0.005597272055999999,-13.46333,0.7811989
2013,3,21,0.005407817952000001,-13.59,0.0
2013,3,22,0.004087704839999999,-17.21333,0.0
2013,3,23,0.003026650056,-13.99667,0.0
2013,3,24,0.002621783544,-12.26,0.0
2013,3,25,0.0025789194,-12.00667,0.0
2013,3,26,0.0029070135360000004,-11.65,0.0
2013,3,27,0.00324537948,-10.99667,0.0
2013,3,28,0.016021493424,-10.15333,0.0
2013,3,29,0.025779705599999998,-11.27667,0.0
2013,3,30,0.02396371128,-12.17,0.0
2013,3,31,0.012870252,-10.85,0.0
2013,4,1,0.056874578328,-9.82,0.0
2013,4,2,0.09702472488,-7.72,0.0
2013,4,3,0.11600764344,-7.096666,0.0
2013,4,4,0.10440461856000001,-9.066667,0.0
2013,4,5,0.12744025104,-9.506666,0.0
2013,4,6,0.0978252552,-9.223333,0.7842332
2013,4,7,0.10586157648,-9.456666,0.0
2013,4,8,0.08281787759999999,-10.61333,0.0
2013,4,9,0.05283720672,-11.5,0.0
2013,4,10,0.04687402176000001,-11.16,0.0
2013,4,11,0.03210971400000001,-9.326667,2.08657
2013,4,12,0.017906667839999998,-7.16,1.897869
2013,4,13,0.09117770856,-5.703333,0.0
2013,4,14,0.06827511024,-3.713333,9.047643
2013,4,15,0.369068196,2.216667,0.0
2013,4,16,0.6751478256000001,0.1366668,1.185268
2013,4,17,0.9500451072000001,0.51,2.264534
2013,4,18,1.3382922719999997,-0.02000046,3.417231
2013,4,19,1.2406465679999996,-3.256667,1.109945
2013,4,20,0.6239269703999999,-3.89,0.0
2013,4,21,0.48884713919999995,-2.09,0.0
2013,4,22,0.4242383183999999,-2.556666,1.160535
2013,4,23,0.27622161359999997,-2.373333,1.427765
2013,4,24,0.196391628,-2.663333,0.9851038
2013,4,25,0.11085609359999998,-2.816667,1.697747
2013,4,26,0.10949416559999998,-3.48,0.0
2013,4,27,0.0978429528,-4.873333,0.0
2013,4,28,0.0783612576,-4.816666,0.8804492
2013,4,29,0.05886974064000001,-2.313333,1.384314
2013,4,30,0.06241250448,-3.766666,0.5963777
2013,5,1,0.06363611088,-5.77,0.0
2013,5,2,0.039681378239999995,-6.059999,0.6183698
2013,5,3,0.0407013648,-5.696667,3.138702
2013,5,4,0.03203138064,-3.57,2.526544
2013,5,5,0.04299364128,0.05666672,0.0
2013,5,6,0.11013618959999999,3.516666,0.0
2013,5,7,0.29243769119999996,3.156667,0.0
2013,5,8,0.47998824240000004,4.276667,6.118354
2013,5,9,0.886593336,4.426667,1.99961
2013,5,10,1.391253144,2.306667,1.75985
2013,5,11,1.461573192,2.07,2.697329
2013,5,12,1.6249943040000003,1.893333,2.118921
2013,5,13,1.619795136,-0.7533334,3.037775
2013,5,14,1.218824928,-1.773333,0.0
2013,5,15,0.992959944,-1.26,14.73848
2013,5,16,2.67918276,2.166667,13.95633
2013,5,17,4.934968128,4.35,2.957432
2013,5,18,5.177478456,9.246666,0.0
2013,5,19,7.0337604,11.29333,0.0
2013,5,20,7.7906491199999985,7.189999,10.67272
2013,5,21,9.09635376,7.52,4.665928
2013,5,22,18.99690888,2.273333,38.15238
2013,5,23,30.024450960000006,3.416666,3.700777
2013,5,24,18.4424232,5.173333,0.0
2013,5,25,13.31921424,8.426666,0.0
2013,5,26,11.11963296,9.913333,0.0
2013,5,27,9.93719664,5.433333,2.958442
2013,5,28,7.24633152,5.05,0.9412512
2013,5,29,6.36841008,9.826666,0.0
2013,5,30,8.03272944,9.409999,7.395961
2013,5,31,10.28714376,10.13333,3.8265
2013,6,1,10.96135176,9.24,9.06538
2013,6,2,12.34637424,5.013333,17.51534
2013,6,3,11.60594592,2.86,0.0
2013,6,4,8.244577199999998,2.196667,5.839298
2013,6,5,6.59549016,1.66,6.715659
2013,6,6,6.128594664,2.553333,0.0459075
2013,6,7,5.0673726719999985,3.92,0.0
2013,6,8,4.152959496,4.226667,0.0
2013,6,9,3.587392368,4.123333,0.0
2013,6,10,3.160750512000001,6.243333,0.0
2013,6,11,2.872236384,8.343333,0.0
2013,6,12,2.817067272,8.95,4.201962
2013,6,13,3.164448528,6.77,5.513128
2013,6,14,3.4699731360000006,5.58,0.0
2013,6,15,3.628099512,5.956666,1.949762
2013,6,16,3.552648864,4.34,2.941397
2013,6,17,3.47997072,5.449999,0.0
2013,6,18,3.30573288,7.03,0.0
2013,6,19,3.1343323919999992,8.866667,5.340699
2013,6,20,3.3583527120000007,9.303333,0.0
2013,6,21,3.547409735999999,8.959999,20.12743
2013,6,22,7.359098904,9.416667,4.489679
2013,6,23,8.521533600000001,7.903333,3.571241
2013,6,24,8.61678288,6.606667,6.323716
2013,6,25,7.81412136,7.213333,4.459045
2013,6,26,7.80381,5.7,8.896639
2013,6,27,8.21293632,9.02,2.302326
2013,6,28,7.322617440000001,8.396667,1.185601
2013,6,29,6.78561192,4.106667,5.62307
2013,6,30,6.37906896,7.573333,0.0
2013,7,1,5.632449672,8.096666,5.567084
2013,7,2,5.919337559999999,5.860001,5.208521
2013,7,3,5.796143616,6.273334,4.387587
2013,7,4,5.093065848,9.043333,0.3050044
2013,7,5,5.108734848,7.69,0.3128818
2013,7,6,4.800217656,11.23333,0.0
2013,7,7,4.781781264000001,9.866666,0.0
2013,7,8,4.568941608,8.756666,0.0
2013,7,9,4.188574152,7.786667,1.920908
2013,7,10,4.06003272,8.349999,0.0
2013,7,11,3.254617464,10.48667,0.0
2013,7,12,2.923261056,12.85,1.70086
2013,7,13,2.7020573280000004,9.090001,2.937682
2013,7,14,2.552770992,5.253333,0.1214161
2013,7,15,2.424113328,6.126666,0.1088557
2013,7,16,2.269757952,6.4,0.0
2013,7,17,2.149029576,9.656667,0.0
2013,7,18,2.196232944,8.936666,0.788916
2013,7,19,2.388226248,9.863333,0.0
2013,7,20,2.5265337359999993,13.13,0.0
2013,7,21,2.583856440000001,11.76333,0.0
2013,7,22,2.5550525760000005,11.48,0.0
2013,7,23,2.7460931520000007,12.92333,0.0
2013,7,24,2.3421009120000007,13.69,0.0
2013,7,25,2.20516308,13.29333,0.0
2013,7,26,2.145556752,13.68667,8.515574
2013,7,27,2.1664190880000005,12.73667,7.105679
2013,7,28,2.1364030319999996,10.77667,7.048671
2013,7,29,2.490067560000001,11.4,0.0
2013,7,30,2.63452692,9.566667,6.369805
2013,7,31,2.7507835920000008,7.043334,4.643452
2013,8,1,2.711559192,8.433333,0.0
2013,8,2,2.590770984,12.34,11.02376
2013,8,3,3.668545056,11.20667,13.32868
2013,8,4,4.709771136,8.806666,2.612913
2013,8,5,4.06378524,8.78,2.823837
2013,8,6,4.58272536,9.753333,5.76786
2013,8,7,6.718031039999999,9.476666,0.0
2013,8,8,6.033023039999999,7.96,15.25251
2013,8,9,5.37456708,7.363333,5.222425
2013,8,10,4.454441712,7.9,3.167003
2013,8,11,4.000118304,7.073333,11.40442
2013,8,12,4.145084400000001,6.376667,9.030344
2013,8,13,4.73193828,4.023333,4.391092
2013,8,14,4.420955208,5.123333,0.0
2013,8,15,3.625331592,6.933332,2.713541
2013,8,16,3.19952016,8.18,11.45326
2013,8,17,4.102909416,8.563333,1.517929
2013,8,18,4.081252223999999,7.15,7.104294
2013,8,19,4.704936792,5.98,0.0
2013,8,20,4.024856520000001,5.23,0.0
2013,8,21,3.54897972,6.17,0.0
2013,8,22,2.9824952399999995,7.14,0.0
2013,8,23,2.516250540521739,8.46,0.0
2013,8,24,2.1918986796521738,9.0,0.0
2013,8,25,1.9657681679999996,8.629999,0.0
2013,8,26,1.8253541520000003,8.679999,0.0
2013,8,27,1.7604522,8.373333,0.0
2013,8,28,1.650940416,6.846666,0.0
2013,8,29,1.5664211759999997,5.053333,0.0
2013,8,30,1.478477832,6.743333,2.17594
2013,8,31,1.3907066399999997,6.103333,2.574543
2013,9,1,1.263239136,1.77,2.192525
2013,9,2,1.259689104,5.946666,0.0
2013,9,3,1.2891876959999997,8.3,0.0
2013,9,4,1.230896304,8.856667,0.0
2013,9,5,1.133793792,9.226667,0.0
2013,9,6,1.0396633919999996,9.440001,2.966952
2013,9,7,1.0849356,10.01,0.0
2013,9,8,1.1403478560000002,10.47,0.0
2013,9,9,1.193312952,7.87,0.0
2013,9,10,1.21236264,7.209999,0.0
2013,9,11,1.194360336,6.746667,0.0
2013,9,12,1.1599638720000003,7.743333,0.0
2013,9,13,1.121935104,8.116666,0.0
2013,9,14,1.0859563199999998,6.666666,10.34347
2013,9,15,1.22274636,7.0,16.71058
2013,9,16,3.203673096,2.603333,12.6884
2013,9,17,5.594027424,1.06,6.559999
2013,9,18,6.105681192,1.643333,0.8656468
2013,9,19,5.07243408,0.8033333,0.1041873
2013,9,20,3.8923698000000004,0.96,0.0
2013,9,21,3.0767079839999996,1.173333,0.0
2013,9,22,2.51941332,2.89,0.0
2013,9,23,2.143739592,1.426667,0.0
2013,9,24,1.8671494079999997,0.3366666,0.0
2013,9,25,1.66551852,-0.3333333,0.05823934
2013,9,26,1.521288528,-1.633333,0.0
2013,9,27,1.393488264,-1.45,0.0
2013,9,28,1.2988705919999997,-1.493333,0.0
2013,9,29,1.221716952,-0.1666669,0.0
2013,9,30,1.173203616,2.35,0.0
2013,10,1,1.151218752,1.52,0.0
2013,10,2,1.1028303359999996,0.8433332,0.0
2013,10,3,1.062142464,2.483333,0.0
2013,10,4,1.032664368,3.043333,5.589895
2013,10,5,1.0276111439999998,3.496667,0.0
2013,10,6,1.0176278159999999,3.156667,2.175056
2013,10,7,1.022626704,6.096667,6.213525
2013,10,8,1.08876828,6.723333,2.745278
2013,10,9,1.332952992,2.576667,5.464941
2013,10,10,1.7145495840000002,-1.59,0.0
2013,10,11,1.9721586719999997,1.946667,0.0
2013,10,12,1.9221871439999998,4.383333,0.0
2013,10,13,1.6968052560000004,4.083333,0.0
2013,10,14,1.540416696,2.153333,0.0
2013,10,15,1.39765824,0.81,0.0
2013,10,16,1.307327592,-1.323333,0.1289588
2013,10,17,1.2355554,-3.6,1.016858
2013,10,18,1.1351420640000003,-3.403333,0.0
2013,10,19,1.075684176,-4.213333,0.0
2013,10,20,1.0187657279999998,-4.983333,0.0
2013,10,21,0.9794023919999998,-3.753333,3.885097
2013,10,22,0.97652976,-1.283333,14.47353
2013,10,23,1.063853544,2.846667,6.115957
2013,10,24,1.6930733040000003,2.36,0.5840852
2013,10,25,1.4857202159999996,-0.1399999,3.730315
2013,10,26,1.5008384400000003,0.5866666,0.3426856
2013,10,27,1.526501256,-0.1033335,5.227334
2013,10,28,1.58941572,-0.79,0.0
2013,10,29,1.50489564,-1.77,0.0
2013,10,30,1.40991396,-5.046667,1.594541
2013,10,31,1.320358752,-2.793333,1.530086
2013,11,1,1.260901248,-2.4,0.3140075
2013,11,2,1.1933511839999997,-3.786667,0.0
2013,11,3,1.167674496,-3.456666,14.30942
2013,11,4,1.203361488,-2.593333,4.314629
2013,11,5,1.174294368,-3.68,0.0
2013,11,6,1.0864297440000004,-9.299999,0.0
2013,11,7,1.042274736,-7.843333,1.640273
2013,11,8,1.03885728,-6.58,0.801825
2013,11,9,1.0186391519999998,-6.306666,0.06239939
2013,11,10,0.9939943679999999,-8.18,0.0
2013,11,11,0.924765384,-6.976666,1.347612
2013,11,12,0.954589632,-4.033333,0.9773604
2013,11,13,0.9185139600000002,-4.376667,0.09210885
2013,11,14,0.945201168,-3.54,1.160561
2013,11,15,0.933547272,-0.5966668,5.239318
2013,11,16,1.215773544,3.64,2.478867
2013,11,17,0.901014168,-3.68,0.0
2013,11,18,0.7834064639999998,-3.753333,0.1622384
2013,11,19,0.7193019599999998,-8.94,1.126853
2013,11,20,0.6356391839999999,-13.29,0.0
2013,11,21,0.615956496,-13.29333,0.0
2013,11,22,0.619535208,-9.426666,0.0
2013,11,23,0.658679928,-5.0,1.464321
2013,11,24,0.6292135680000002,-6.843333,0.0
2013,11,25,0.615897912,-5.22,0.0
2013,11,26,0.6019639199999999,-2.083334,0.154267
2013,11,27,0.6844198320000001,2.530001,6.379326
2013,11,28,0.644703168,-4.276667,2.219689
2013,11,29,0.59506032,-5.92,1.922279
2013,11,30,0.5703010152000001,-4.043334,4.17381
2013,12,1,0.5838841536,-4.026667,3.509168
2013,12,2,0.5787579408,-4.373332,1.176597
2013,12,3,0.5787579408,-3.316666,1.86974
2013,12,4,0.559462212,-8.703334,5.218572
2013,12,5,0.61496832,-9.533333,9.281752
2013,12,6,0.581314872,-10.48333,2.047128
2013,12,7,0.5702389536000001,-16.24,4.002203
2013,12,8,0.6116031503999999,-12.40333,3.549612
2013,12,9,0.6298948800000002,-7.566668,2.476517
2013,12,10,0.6701928960000002,-3.366667,0.0
2013,12,11,0.777736608,1.05,0.0
2013,12,12,0.7979038799999998,0.2400017,1.519861
2013,12,13,0.751945152,-5.926667,7.71522
2013,12,14,0.71977224,-4.216667,1.471189
2013,12,15,0.716963904,-4.64,1.227565
2013,12,16,0.689294472,-2.333333,3.124343
2013,12,17,0.696590328,-5.556667,1.361085
2013,12,18,0.748129968,-4.723333,0.0
2013,12,19,0.7604122320000002,-2.586667,3.763501
2013,12,20,0.653367096,-10.63,1.747628
2013,12,21,0.66941352,-4.723333,7.749222
2013,12,22,0.7281882719999998,-4.976667,2.438648
2013,12,23,0.654299208,-9.620001,6.285698
2013,12,24,0.717448608,-2.553333,6.747454
2013,12,25,0.748981128,-3.133333,5.99661
2013,12,26,0.700316496,-2.993334,0.1884044
2013,12,27,0.6639238800000001,-4.746666,5.649547
2013,12,28,0.710494512,-1.393333,2.214724
2013,12,29,0.6956691360000001,-5.3,0.4676733
2013,12,30,0.684988896,-8.949999,5.175673
2013,12,31,0.75943476,-4.053333,2.281106
2014,1,1,0.7188391200000002,-3.983334,3.738822
2014,1,2,0.726295104,-3.986666,5.612842
2014,1,3,0.7403816639999998,-3.383333,6.390956
2014,1,4,0.74510112,-3.3,3.081957
2014,1,5,0.729094464,-3.063334,1.984702
2014,1,6,0.708613536,-3.546667,6.079351
2014,1,7,0.717897024,-0.8800001,0.4297239
2014,1,8,0.711377112,-3.043333,1.194176
2014,1,9,0.70319304,-6.54,0.0
2014,1,10,0.7152080879999998,-8.193333,4.020921
2014,1,11,0.753629664,-12.17667,1.584474
2014,1,12,0.849214944,-19.02333,0.0
2014,1,13,1.002062688,-19.72,2.829484
2014,1,14,1.128821712,-14.05333,2.661005
2014,1,15,1.269191376,-14.19,1.746095
2014,1,16,1.343636424,-12.71667,3.284851
2014,1,17,1.317884736,-13.57667,4.031898
2014,1,18,1.272589968,-14.01,0.0
2014,1,19,1.3830458639999996,-13.22667,0.0
2014,1,20,1.525379208,-14.68333,0.0
2014,1,21,1.9851506159999994,-19.26,0.0
2014,1,22,3.0255392880000005,-19.62,0.0
2014,1,23,3.819368568,-16.12333,0.0
2014,1,24,4.300039776,-14.97,1.439561
2014,1,25,4.5092045280000015,-11.83,1.788487
2014,1,26,4.29176196,-13.07667,1.193105
2014,1,27,4.430765712,-13.55333,2.216385
2014,1,28,4.260069768,-10.49,0.0
2014,1,29,3.920874744,-11.51667,0.0
2014,1,30,3.7341558,-13.03,1.494594
2014,1,31,3.667619184,-13.52333,0.6359349
2014,2,1,3.3786541439999995,-11.26333,6.228691
2014,2,2,3.0972413759999995,-5.083333,2.613166
2014,2,3,2.369283168,-5.226667,0.0
2014,2,4,1.7285328239999997,-6.07,2.460363
2014,2,5,1.34231664,-6.793333,0.0
2014,2,6,1.140467832,-6.523333,3.148285
2014,2,7,0.9993212160000001,-5.55,7.757985
2014,2,8,1.036168488,-7.496666,5.359127
2014,2,9,0.9775269119999999,-4.1,3.909005
2014,2,10,0.9976393680000002,-3.253333,1.085401
2014,2,11,1.0060754639999998,-5.479999,2.26291
2014,2,12,0.847088304,-6.046667,2.616386
2014,2,13,0.811596264,-5.643333,2.095076
2014,2,14,0.8017778640000002,-4.063333,2.582796
2014,2,15,0.771787584,-4.796667,10.91168
2014,2,16,0.768879168,-4.703334,2.10698
2014,2,17,0.7736776319999998,-6.969999,1.252267
2014,2,18,0.7357926719999999,-13.66,0.0
2014,2,19,0.73106808,-15.41667,0.0
2014,2,20,0.810905712,-14.71333,6.190651
2014,2,21,0.910616592,-7.97,0.0
2014,2,22,0.8273495520000002,-5.599999,0.0
2014,2,23,0.772717944,-0.7333336,0.8892905
2014,2,24,0.782408496,1.366667,0.0
2014,2,25,0.940070424,-2.023334,2.21024
2014,2,26,0.810694344,-3.403333,2.78328
2014,2,27,0.7746432,-3.206667,0.0
2014,2,28,0.755484528,-3.666666,2.468238
2014,3,1,0.7384974719999998,-4.056667,2.49735
2014,3,2,0.7234957439999998,-5.266666,1.962842
2014,3,3,0.708613536,-4.626667,0.9732167
2014,3,4,0.701249616,-4.253332,0.3916682
2014,3,5,0.698447448,-2.4,0.0
2014,3,6,0.679253616,-0.3466663,2.886424
2014,3,7,0.7051960080000002,-1.016667,5.507021
2014,3,8,0.882688464,-3.366666,0.1291605
2014,3,9,0.731457552,1.009999,0.3339495
2014,3,10,0.688433256,-3.37,0.0
2014,3,11,0.645101736,-2.976666,0.0
2014,3,12,0.630997104,-1.283333,0.0
2014,3,13,0.618632808,-1.726666,0.1206388
2014,3,14,0.6020770343999999,-3.13,5.870429
2014,3,15,0.5916112464,-6.646667,3.347977
2014,3,16,0.588228096,-5.703333,5.205895
2014,3,17,0.5778850464,-8.273333,2.330584
2014,3,18,0.5662896816,-9.99,3.580707
2014,3,19,0.5493279983999999,-10.42667,9.025029
2014,3,20,0.632742672,-3.546667,2.182838
2014,3,21,0.5925182448,-4.186667,0.0
2014,3,22,0.5592925056000001,-4.839999,2.18371
2014,3,23,0.5517158903999999,-6.646667,0.5752288
2014,3,24,0.5443694807999999,-7.73,0.0
2014,3,25,0.5254829856000001,-9.076666,0.0
2014,3,26,0.5413305696,-6.21,0.0
2014,3,27,0.6017264207999999,0.8433328,0.0
2014,3,28,0.5261041488,1.506667,0.0
2014,3,29,0.5485154592,1.803334,0.0
2014,3,30,0.5960357472,2.110001,0.0
2014,3,31,0.640585248,-3.586667,0.0
2014,4,1,1.0590001440000003,-5.886666,0.0
2014,4,2,1.0704051839999997,-5.693333,0.0
2014,4,3,1.0560078,-3.56,0.0
2014,4,4,1.034878896,-4.53,0.0
2014,4,5,1.0388642399999999,-3.47,0.7302479
2014,4,6,1.0416672719999998,-0.2966666,3.782772
2014,4,7,1.078948032,1.7,1.868883
2014,4,8,1.174762992,-1.573333,10.39494
2014,4,9,1.193608896,-2.52,1.156027
2014,4,10,1.1712562559999997,-2.303333,1.119109
2014,4,11,1.1589841440000004,-2.02,1.114307
2014,4,12,1.177020336,-0.9933333,0.5472213
2014,4,13,1.189635936,-1.97,1.494298
2014,4,14,1.1549383199999996,-3.816667,0.0
2014,4,15,1.309545312,-4.486666,0.0
2014,4,16,1.354114034526316,-1.68,0.0
2014,4,23,1.7563528669090906,1.363333,0.0
2014,4,24,1.9313932800000002,0.85,0.0
2014,4,25,2.104330608,1.403333,0.0
2014,4,26,2.233415928,2.743334,0.0
2014,4,27,2.521575624,3.513333,0.0
2014,4,28,2.929840128000001,3.296667,0.0
2014,4,29,3.10957956,-0.6133333,0.0
2014,4,30,3.180731616,-5.176666,1.924872
2014,5,1,2.912593248,-5.59,0.0
2014,5,2,2.727011736,-4.92,0.0
2014,5,3,2.571136776,-4.216666,0.2121576
2014,5,4,2.439004128,-4.186666,0.0
2014,5,5,2.3730175680000007,-2.326667,4.529631
2014,5,6,2.414212272,-1.253333,5.894866
2014,5,7,2.45355348,-1.896667,2.889388
2014,5,8,2.331517848,-2.816666,0.5572325
2014,5,9,2.226178368,-0.7566665,0.0
2014,5,10,2.202545232,0.7599999,0.0
2014,5,11,2.411828184,0.9133334,0.0
2014,5,12,2.61356196,1.466667,0.0
2014,5,13,2.885171664,0.6833333,2.389215
2014,5,14,3.3164185919999993,-0.6333336,0.0
2014,5,15,3.5024254799999994,-0.14,1.794982
2014,5,16,3.516789744,3.673333,0.0
2014,5,17,4.219157687999999,3.973333,0.0
2014,5,18,5.702648496000001,7.343333,0.0
2014,5,19,8.239672079999998,7.213334,0.0
2014,5,20,10.455131279999998,8.533332,0.0
2014,5,21,11.77874976,7.266666,1.07205
2014,5,22,14.75022192,8.043333,6.086959
2014,5,23,19.13521848,7.893332,8.982795
2014,5,24,19.842393600000005,8.173333,0.0
2014,5,25,22.102696559999995,7.623333,0.0
2014,5,26,16.302289199999997,8.643333,0.0
2014,5,27,14.3051136,5.806666,0.0
2014,5,28,12.638459999999997,6.933333,0.0
2014,5,29,11.164902000000003,8.663333,0.0
2014,5,30,10.84507464,8.463332,0.0
2014,5,31,10.25960808,6.676666,0.0
2014,6,1,9.419831519999997,8.823334,0.0
2014,6,2,8.2533672,10.78,0.0
2014,6,3,7.73441184,9.679999,0.0
2014,6,4,7.679213759999999,6.816667,4.672143
2014,6,5,7.6921344,8.326667,10.94228
2014,6,6,11.543752320000003,9.209999,2.765311
2014,6,7,11.3494836,7.443333,1.531551
2014,6,8,10.406289120000002,10.50667,3.759046
2014,6,9,9.94082688,9.493333,0.0
2014,6,10,9.0053544,11.3,3.274332
2014,6,11,9.54350688,8.78,1.351974
2014,6,12,9.230154000000002,5.353333,0.453018
2014,6,13,8.39669592,5.596667,0.0
2014,6,14,7.486791600000001,7.96,0.0
2014,6,15,6.51042312,7.879999,0.0
2014,6,16,5.697937344,4.710001,0.0
2014,6,17,5.094903144,5.799999,0.0
2014,6,18,4.676102856,7.53,3.725256
2014,6,19,4.510125744,4.37,0.1289589
2014,6,20,4.375411032,1.593334,0.0
2014,6,21,4.010654664,1.023333,0.0
2014,6,22,3.512209032000001,2.436667,0.0
2014,6,23,2.995130424,3.84,0.0
2014,6,24,2.534163000000001,6.13,0.0
2014,6,25,2.243377248,6.476666,0.0
2014,6,26,2.099698056,5.353333,1.500402
2014,6,27,2.181397056,3.393333,1.279402
2014,6,28,2.268978432000001,4.723333,0.0
2014,6,29,2.307364128,5.373333,1.827846
2014,6,30,2.338704071999999,4.903333,3.891761
2014,7,1,2.443689144,7.526666,2.838207
2014,7,2,2.545517303999999,8.610001,3.995077
2014,7,3,2.6694121680000005,6.663333,0.0
2014,7,4,2.811263472,8.403333,0.0
2014,7,5,3.0426429600000007,11.13667,1.795197
2014,7,6,5.219243448,12.27667,11.31675
2014,7,7,12.96275136,11.72667,5.170048
2014,7,8,15.320582879999995,12.75667,6.80824
2014,7,9,14.84547816,15.51,0.0
2014,7,10,11.9830572,15.70333,0.0
2014,7,11,9.49543872,15.41667,0.0
2014,7,12,7.8048072,13.59667,6.571754
2014,7,13,6.7665372,14.03667,5.359372
2014,7,14,6.12320448,11.91667,7.678568
2014,7,15,6.037454880000001,10.44,7.652598
2014,7,16,5.889251688000002,10.59667,0.0
2014,7,17,5.356646376,9.7,5.947395
2014,7,18,5.127478032,10.96333,1.467112
2014,7,19,4.792638264,12.76333,0.0
2014,7,20,4.297877064,13.41333,0.0
2014,7,21,3.9708120959999995,14.61333,0.0
2014,7,22,3.716224464,15.83667,1.593602
2014,7,23,4.215820008000001,17.01667,0.0
2014,7,24,4.445526048,15.85,7.467437
2014,7,25,5.3481831359999985,14.40667,5.404633
2014,7,26,5.460175392,14.51333,5.036633
2014,7,27,5.387470776,13.3,3.471461
2014,7,28,5.214752351999999,12.68333,8.4545
2014,7,29,5.093994552,13.30333,3.16441
2014,7,30,5.700561047999999,10.02667,3.471324
2014,7,31,4.977300216,7.986667,0.0
2014,8,1,4.367270592,7.846667,0.3839235
2014,8,2,3.935413439999999,9.896667,3.976708
2014,8,3,5.038369415999998,11.91,6.302402
2014,8,4,5.841998904,12.46333,12.87395
2014,8,5,6.10935672,11.92667,5.063567
2014,8,6,5.981354664000001,10.94667,4.41778
2014,8,7,5.370699696,11.00333,0.0
2014,8,8,4.997970648,11.26333,9.710537
2014,8,9,4.919978496,11.26667,2.201639
2014,8,10,5.16803088,8.786667,1.140084
2014,8,11,4.69258764,7.323333,3.302039
2014,8,12,5.15732256,6.51,2.492445
2014,8,13,4.745723712,6.423333,0.1871986
2014,8,14,3.988726968,6.973333,2.329672
2014,8,15,3.34164444,6.763333,5.544956
2014,8,16,3.23269632,5.52,5.280153
2014,8,17,3.235909728,4.516667,7.475392
2014,8,18,4.031192904000001,5.1,8.256861
2014,8,19,3.909236712,5.163333,4.913596
2014,8,20,3.415444416,5.553333,2.926154
2014,8,21,3.18632112,4.476666,3.695788
2014,8,22,3.101449416,4.420001,6.076277
2014,8,23,3.212470872,4.13,5.867997
2014,8,24,3.5280605759999992,5.08,5.171015
2014,8,25,3.422705448,5.949999,0.1130426
2014,8,26,2.972738856,6.086667,0.0
2014,8,27,2.6246369759999992,5.443334,0.0
2014,8,28,2.276805744,6.156667,0.0
2014,8,29,2.019409992,6.773334,0.2044823
2014,8,30,1.8844680960000006,5.853333,0.0
2014,8,31,1.823252472,5.976666,0.0
2014,9,1,1.781417616,6.996667,0.0
2014,9,2,1.7269490880000002,7.99,0.0
2014,9,3,1.6834656000000003,9.233334,0.0
2014,9,4,1.657689696,8.206667,0.0
2014,9,5,1.6396400400000004,7.11,0.0
2014,9,6,1.6092426720000004,9.233334,0.0
2014,9,7,1.5761151360000003,9.136666,3.135442
2014,9,8,1.622057232,7.573333,6.672508
2014,9,9,1.797849384,7.55,0.0
2014,9,10,1.9357946399999997,7.636666,0.0
2014,9,11,1.92450912,8.150001,0.0
2014,9,12,1.86020988,7.476666,0.0
2014,9,13,1.81899792,7.13,0.0
2014,9,14,1.74148956,8.539999,0.0
2014,9,15,1.653478992,7.55,0.0
2014,9,16,1.604062512,7.19,0.0
2014,9,17,1.540484136,6.34,0.0
2014,9,18,1.510456392,5.05,0.0
2014,9,19,1.46134008,4.566667,0.0
2014,9,20,1.433389824,4.83,2.650499
2014,9,21,1.411530504,2.703333,0.2999609
2014,9,22,1.359418416,0.5966668,0.0
2014,9,23,1.331890704,0.6099999,0.0
2014,9,24,1.326517392,1.96,0.0751214
2014,9,25,1.30050672,1.703333,0.0
2014,9,26,1.2749085359999996,3.02,8.39948
2014,9,27,1.2819208560000004,3.646667,2.000309
2014,9,28,1.2996170400000002,4.073333,0.0
2014,9,29,1.29516864,1.606667,0.0
2014,9,30,1.29872736,1.166667,0.0
2014,10,1,1.3165944,3.61,3.316414
2014,10,2,1.33371384,1.68,0.0
2014,10,3,1.3565533679999997,4.443333,0.0
2014,10,4,1.385214456,7.246666,0.0
2014,10,5,1.4210155199999996,5.146667,1.737708
2014,10,6,1.464284208,1.863333,4.451532
2014,10,7,1.52943684,-1.89,7.980505
2014,10,8,1.61053572,-0.0266667,2.820843
2014,10,9,1.698723048,-1.32,10.97315
2014,10,10,1.911198216,1.506667,2.366156
2014,10,11,2.010491568,0.05,4.045881
2014,10,12,2.103911208,-0.54,7.151999
2014,10,13,2.1605818800000005,-1.166667,0.0
2014,10,14,1.978618296,-1.863333,0.0
2014,10,15,1.8035317679999996,-2.513333,2.610123
2014,10,16,1.7258902079999996,-3.896667,0.0
2014,10,17,1.6513782239999997,-3.3,0.3801128
2014,10,18,1.612408752,-0.8766668,9.269841
2014,10,19,1.725650496,2.33,4.408347
2014,10,20,2.060896032,2.053333,0.0
2014,10,21,2.121109872,0.6866667,6.682674
2014,10,22,2.568746832,-0.8899999,7.928748
2014,10,23,2.659154184,0.1033332,6.512609
2014,10,24,2.947211304,3.37,0.6693487
2014,10,25,3.268876344,1.25,0.0
2014,10,26,3.1996516800000006,3.429999,2.399906
2014,10,27,3.372287616,2.786667,1.932664
2014,10,28,3.496454616,5.176666,3.759246
2014,10,29,5.23601472,-2.473333,0.1297896
2014,10,30,6.39085152,-3.63,0.0
2014,10,31,5.71249416,-4.29,3.360146
2014,11,1,4.807113696,0.9166663,3.32967
2014,11,2,4.159320719999998,1.183333,1.2947
2014,11,3,3.8604654479999994,-1.853333,10.528
2014,11,4,3.614389320000001,-3.973333,2.710376
2014,11,5,3.277583328,-6.566667,0.0
2014,11,6,2.922423312,-6.289999,0.0
2014,11,7,2.5508607119999995,-7.673332,0.8502303
2014,11,8,2.346296256,-3.533333,2.869692
2014,11,9,2.181301248,0.2133336,2.179754
2014,11,10,2.2641648,-0.0333333,0.0
2014,11,11,2.13725868,-4.946667,0.0
2014,11,12,1.891627008,-5.016666,0.0
2014,11,13,1.8458337839999996,-2.113333,3.412175
2014,11,14,1.785983952,-1.736667,1.043292
2014,11,15,1.724762208,-1.656667,0.1085086
2014,11,16,1.678082016,-1.723334,0.0
2014,11,17,1.631246376,-2.536666,0.0
2014,11,18,1.586427456,-3.15,0.07094789
2014,11,19,1.544512584,-3.313333,0.0
2014,11,20,1.515428904,-4.53,0.6687208
2014,11,21,1.481783232,-5.513333,0.0
2014,11,22,1.402457832,-8.363333,2.524732
2014,11,23,1.4177102399999997,-4.553333,21.53117
2014,11,24,1.446822576,-3.11,1.312722
2014,11,25,1.430602728,-3.69,0.1669484
2014,11,26,1.340508816,-10.00333,0.0
2014,11,27,1.390944192,-6.34,0.0
2014,11,28,1.336752288,-7.446667,0.0
2014,11,29,1.3241948399999997,-7.1,0.0
2014,11,30,1.314853248,-6.203334,2.89435
2014,12,1,1.332774816,-4.37,2.895629
2014,12,2,1.3246668,-5.673333,1.043855
2014,12,3,1.294846152,-0.7266669,0.0
2014,12,4,1.374164832,-0.7100005,0.0
2014,12,5,1.3040925839999997,-3.193333,2.024786
2014,12,6,1.2464557199999997,-7.906666,0.9020126
2014,12,7,1.2644532,-5.833333,1.740313
2014,12,8,1.22240796,-9.113333,0.471136
2014,12,9,1.21123716,-7.406667,2.896674
2014,12,10,1.267073784,-5.13,0.1130427
2014,12,11,1.2505388160000004,-5.863333,0.0
2014,12,12,1.20718596,-9.369999,0.2093382
2014,12,13,1.196965176,-9.666667,1.217716
2014,12,14,1.213777824,-7.766666,3.950739
2014,12,15,1.247968992,-8.033333,2.163864
2014,12,16,1.215482184,-11.1,0.0250001
2014,12,17,1.187159448,-12.57333,3.386488
2014,12,18,1.273823808,-8.21,2.728036
2014,12,19,1.393643952,-9.04,0.8147333
2014,12,20,1.3799341440000004,-8.88,0.78799
2014,12,21,1.531591872,-7.13,12.07639
2014,12,22,1.5116046239999996,-9.22,2.519797
2014,12,23,1.5489646559999997,-8.9,1.322854
2014,12,24,1.707385248,-15.2,0.0
2014,12,25,1.7670103199999996,-19.93,0.0
2014,12,26,1.61273832,-14.79333,0.9261953
2014,12,27,1.339000968,-16.02666,0.0
2014,12,28,1.3393567679999996,-12.24667,3.263072
2014,12,29,1.3983694320000004,-5.326667,2.040982
2014,12,30,1.3984032,0.5166674,0.0457598
2014,12,31,1.3400673599999997,2.339999,0.0
2015,1,1,1.3238976960000004,-1.410001,7.717474
2015,1,2,1.2558279360000004,-3.93,4.168588
2015,1,3,1.202888184,-7.053332,2.153196
2015,1,4,1.211307696,-9.009999,0.0
2015,1,5,1.289358624,-6.06,3.053987
2015,1,6,1.303273248,-3.18,2.487885
2015,1,7,1.136723952,-6.28,2.252902
2015,1,8,1.083330552,-6.48,0.6723018
2015,1,9,1.1610057839999997,-14.82667,2.479041
2015,1,10,1.2932703360000004,-9.723332,19.60043
2015,1,11,1.4181802320000003,-10.06333,4.66447
2015,1,12,1.4546024640000004,-8.429999,9.005828
2015,1,13,1.532633184,-8.27,2.938956
2015,1,14,1.384640712,-10.4,0.5510999
2015,1,15,1.326588624,-6.846667,6.657382
2015,1,16,1.2609565679999997,-4.283332,2.453113
2015,1,17,1.170242904,-6.633333,0.8429426
2015,1,18,1.2628425839999997,-13.49,0.0
2015,1,19,1.355835528,-13.12667,1.966359
2015,1,20,1.4976284640000004,-11.02333,2.390621
2015,1,21,1.49160048,-10.56,2.624062
2015,1,22,1.52378916,-17.93667,0.0
2015,1,23,1.6736302319999996,-14.24,2.294837
2015,1,24,2.065157784,-9.826666,0.1710818
2015,1,25,2.5355266800000007,-9.503333,0.2421229
2015,1,26,3.055568304,-7.463333,0.0
2015,1,27,3.395729568,-8.359999,0.0
2015,1,28,4.117125984,-3.546666,4.859328
2015,1,29,3.489372672,-6.5,2.679657
2015,1,30,2.841752879999999,-7.780001,1.420612
2015,1,31,2.4689378880000006,-10.85667,0.0
2015,2,1,2.8542806879999993,-11.26667,0.8875498
2015,2,2,2.905966152,-10.02,0.1663983
2015,2,3,3.5987481839999993,-13.46667,0.0
2015,2,4,4.542368447999999,-15.24667,0.0
2015,2,5,5.369858208,-10.67667,1.380799
2015,2,6,5.356078392,-1.446666,1.687627
2015,2,7,4.230312264,-6.673333,9.575565
2015,2,8,3.2048713680000005,-4.093333,3.234907
2015,2,9,1.71779268,0.3566666,0.3837631
2015,2,10,1.1463108480000004,-0.01000023,0.0
2015,2,11,1.005334584,-1.866666,0.0
2015,2,12,0.93885036,-5.043334,0.0
2015,2,13,0.927009504,-7.043333,0.0
2015,2,14,0.918075216,-9.349999,0.0
2015,2,15,0.9657990720000001,-7.13,2.743534
2015,2,16,0.985133976,-7.393333,3.088839
2015,2,17,0.992270976,-5.833333,3.536221
2015,2,18,0.9900908160000002,-0.3666658,0.6598486
2015,2,19,0.979336032,0.02000046,1.978705
2015,2,20,0.9850322879999999,-5.483333,0.0
2015,2,21,0.9557080319999999,-8.41,1.759422
2015,2,22,0.955018296,-10.15,5.002042
2015,2,23,0.953565168,-7.036667,3.791978
2015,2,24,0.9549622079999999,-5.97,2.929161
2015,2,25,0.9353455439999998,-7.166666,0.0
2015,2,26,0.9180455280000002,-6.283333,4.509033
2015,2,27,0.909118512,-4.633333,0.0
2015,2,28,0.920802648,-4.283333,3.288275
2015,3,1,0.909826032,-4.42,3.552873
2015,3,2,0.9071067120000001,-7.883333,0.09165335
2015,3,3,0.898354776,-12.06667,0.0
2015,3,4,0.888986232,-11.43,0.1377214
2015,3,5,0.9390046079999999,-8.09,1.806563
2015,3,6,0.930567888,-4.196666,0.0
2015,3,7,0.9070913280000001,0.7100005,3.42621
2015,3,8,0.917580984,-1.45,0.9979602
2015,3,9,1.001168976,-5.033334,0.8590732
2015,3,10,0.9823015680000001,-2.33,1.918358
2015,3,11,0.94522788,-4.61,0.0
2015,3,12,0.9174426,-3.823333,0.0
2015,3,13,0.916696656,-3.743333,0.0
2015,3,14,0.878999352,-5.443333,0.0
2015,3,15,0.8725357200000001,-6.55,0.0
2015,3,16,0.9030228960000002,-4.2,0.0
2015,3,17,0.878179872,-2.693333,0.0
2015,3,18,0.871550256,-2.766667,0.0
2015,3,19,0.862357632,-2.61,2.028851
2015,3,20,0.84864636,-3.776667,3.373377
2015,3,21,0.833921496,-9.753334,0.452978
2015,3,22,0.83842596,-4.889999,1.332085
2015,3,23,0.825041136,-2.476667,0.4042683
2015,3,24,0.796516368,-6.266666,0.0
2015,3,25,0.8265850799999999,-7.376666,1.722345
2015,3,26,0.7961941919999999,-8.333334,9.018895
2015,3,27,0.7992462959999999,-6.103334,0.1993277
2015,3,28,0.774361368,-6.833333,2.870614
2015,3,29,0.787101888,-4.696666,1.520344
2015,3,30,0.7669375920000001,-6.696666,0.7732012
2015,3,31,0.752639232,-8.886666,0.0
2015,4,1,0.767546232,-7.62,0.0
2015,4,2,0.74759796,-7.353333,0.0
2015,4,3,0.74647008,-6.69,0.0
2015,4,4,0.72951588,-10.25667,0.0
2015,4,5,0.738253728,-6.966666,1.346121
2015,4,6,0.730158072,-0.6966662,0.0
2015,4,7,0.735998688,1.566667,0.1622383
2015,4,8,0.754494888,-2.306666,0.0
2015,4,9,0.7721665199999999,0.1700001,0.0
2015,4,10,0.824212728,1.31,0.0
2015,4,11,0.830341944,-0.253334,4.019417
2015,4,12,0.8659002479999999,-2.95,0.1580784
2015,4,13,0.835215048,-5.696667,1.406804
2015,4,14,0.806705784,-3.456666,1.836743
2015,4,15,0.8004828239999998,-2.816667,0.2079979
2015,4,16,0.7955367119999999,-3.246666,0.1372786
2015,4,17,0.789469512,-1.193333,0.0
2015,4,18,0.814198872,-1.74,0.0
2015,4,19,0.839932632,2.823333,0.0
2015,4,20,0.94069536,3.736666,0.0
2015,4,21,1.043235312,1.976667,0.0
2015,4,22,1.094559288,0.5900002,1.636246
2015,4,23,1.172913792,-3.433333,0.7973289
2015,4,24,1.112270424,-4.986667,4.35443
2015,4,25,1.08700512,-3.04,6.666373
2015,4,26,1.135945992,-4.686666,0.0
2015,4,27,1.102460352,-5.076666,0.0
2015,4,28,1.078104648,-4.373333,2.162682
2015,4,29,1.057209288,-4.616666,3.021673
2015,4,30,1.0495673520000002,-5.41,4.371259
2015,5,1,1.026861168,-5.126667,0.4657808
2015,5,2,1.0052147280000001,-6.163333,0.0
2015,5,3,0.9854624640000001,-5.353333,0.0
2015,5,4,0.9832083599999999,-2.37,2.11762
2015,5,5,0.991141104,0.02000001,9.025122
2015,5,6,1.290275064,2.59,0.0
2015,5,7,1.612543968,0.1366667,0.9920566
2015,5,8,1.5959590559999997,-2.663333,0.0
2015,5,9,1.49166936,-2.933333,0.09166712
2015,5,10,1.4322807119999996,-2.083333,2.2109
2015,5,11,1.423376376,0.6933334,2.838811
2015,5,12,1.4858411520000003,0.5333333,0.7168821
2015,5,13,1.554131856,-0.4233333,0.0
2015,5,14,1.563989184,-3.393333,0.0
2015,5,15,1.4764381680000003,-1.606667,0.0
2015,5,16,1.4601164399999997,-1.91,3.690956
2015,5,17,1.426856112,-2.316667,1.397262
2015,5,18,1.4083986479999997,-1.27,0.08778834
2015,5,19,1.4239373039999996,-1.623333,3.739767
2015,5,20,1.40925276,-0.5300002,0.0
2015,5,21,1.415144208,-0.003333092,0.0
2015,5,22,1.470693912,0.4966664,3.564051
2015,5,23,1.548630912,-1.87,0.0
2015,5,24,1.518816144,-0.6033335,1.891599
2015,5,25,1.4935257119999996,-0.2466667,0.1372786
2015,5,26,1.5278792160000003,-0.02333307,0.0
2015,5,27,1.4914302,-0.1566668,0.0
2015,5,28,1.5315206399999997,-1.296667,7.040026
2015,5,29,1.5433685280000002,-0.2133336,1.954442
2015,5,30,1.5791505599999998,-1.406667,10.92615
2015,5,31,1.748585472,1.1,5.967889
2015,6,1,1.8166422000000004,-0.77,2.179817
2015,6,2,1.794263448,-1.809999,4.63159
2015,6,3,1.692335136,-0.2199998,1.038662
2015,6,4,1.605288864,1.126667,0.0
2015,6,5,1.543673208,2.48,2.835522
2015,6,6,1.6929389519999998,3.06,4.713725
2015,6,7,2.0608860000000004,1.85,0.1747184
2015,6,8,1.9611256800000003,1.126667,0.0
2015,6,9,1.9339065120000003,1.656667,0.0
2015,6,10,1.9892175600000006,3.516666,1.385254
2015,6,11,2.592153696,4.083333,0.0
2015,6,12,2.9203172159999995,4.18,0.0
2015,6,13,3.0002579519999992,3.43,0.0
2015,6,14,2.776120704,0.6066666,0.0
2015,6,15,2.4793570560000004,0.6366658,0.0
2015,6,16,2.22447636,2.206667,0.0
2015,6,17,2.1023091359999992,2.286666,0.8208536
2015,6,18,2.0651112720000007,3.406667,3.215179
2015,6,19,2.353443504,4.89,0.0
2015,6,20,2.6289082320000006,6.256667,0.0
2015,6,21,3.003745944,6.806666,0.0
2015,6,22,3.051565632,7.096667,0.0
2015,6,23,3.2745422880000006,7.176667,6.075212
2015,6,24,4.114942056,4.503333,0.3618627
2015,6,25,4.711159176,2.466667,1.534311
2015,6,26,4.50435588,6.856666,0.0
2015,6,27,4.340839656,9.099999,0.0
2015,6,28,4.596220896,9.353333,3.811794
2015,6,29,5.279379384,7.283332,0.0
2015,6,30,5.829833592,7.356667,0.0
2015,7,1,5.933958792,11.83667,0.0
2015,7,2,8.42837088,14.76333,0.0
2015,7,3,10.702109999999998,12.89667,0.0
2015,7,4,11.33411424,12.53333,0.0
2015,7,5,10.15350888,14.97333,4.130829
2015,7,6,14.444544,8.356667,31.33293
2015,7,7,19.038330719999994,6.216666,7.350014
2015,7,8,14.43391152,4.786666,0.4624009
2015,7,9,11.30517432,3.913334,0.0
2015,7,10,8.90874192,5.139999,0.0
2015,7,11,7.062899040000001,8.223333,0.1465368
2015,7,12,5.941273608,9.053332,1.72393
2015,7,13,5.429508887999999,7.633334,8.029418
2015,7,14,6.026291016,7.486667,5.633337
2015,7,15,6.29445552,6.023333,7.51956
2015,7,16,7.19540832,2.993333,4.036274
2015,7,17,7.007392799999999,6.723333,6.778238
2015,7,18,6.5537196,5.32,3.488931
2015,7,19,6.14343984,6.513333,0.5361104
2015,7,20,5.829175488,7.416667,0.6402164
2015,7,21,5.708100047999999,5.793333,6.207005
2015,7,22,5.732646984,6.823333,0.1990318
2015,7,23,5.48293524,5.486667,0.4908757
2015,7,24,5.102688047999998,4.336667,0.0
2015,7,25,4.580317440000001,5.463333,4.901717
2015,7,26,4.438720344000001,5.036667,1.779738
2015,7,27,4.268438448,6.626667,0.0
2015,7,28,3.896785416,5.483334,3.134181
2015,7,29,3.7553925359999996,6.486667,1.972075
2015,7,30,3.7381543679999996,7.62,2.136905
2015,7,31,3.941953560000001,4.526667,0.0
2015,8,1,3.763432008,4.973333,1.076718
2015,8,2,3.56018676,4.73,0.273669
2015,8,3,3.29829072,5.003333,0.0
2015,8,4,3.032338416,6.75,17.44354
2015,8,5,4.643297112,9.356667,3.462843
2015,8,6,5.361262272,8.803333,2.173605
2015,8,7,5.884164983999999,10.46333,0.0
2015,8,8,5.897768784,6.463333,0.0
2015,8,9,5.490393528000001,7.049999,0.0
2015,8,10,4.906545432,9.743334,0.0
2015,8,11,4.531782384,8.633333,5.699077
2015,8,12,4.708985472,5.143333,0.0
2015,8,13,4.725457776,8.313333,0.0
2015,8,14,4.349659536,9.8,0.0
2015,8,15,3.8186525280000008,10.23,0.0
2015,8,16,3.5756871360000004,9.903334,0.0
2015,8,17,3.48022884,10.47333,0.0
2015,8,18,3.44312508,9.663334,0.0
2015,8,19,3.3364215600000007,10.48333,0.0
2015,8,20,3.146528544,10.80667,0.0
2015,8,21,2.952164448,9.92,0.0
2015,8,22,2.789187744,10.34667,0.0
2015,8,23,2.6880935520000007,10.21,0.0
2015,8,24,2.614797384,9.13,2.488863
2015,8,25,2.700354888,9.736666,14.33106
2015,8,26,7.643726928,9.826666,11.83979
2015,8,27,8.51315352,8.74,7.963336
2015,8,28,9.3140364,6.223333,0.3632586
2015,8,29,7.84911192,6.226667,0.5097415
2015,8,30,6.277552656,6.03,0.0
2015,8,31,5.071856856,6.096667,0.0
2015,9,1,4.193018208,6.03,3.403813
2015,9,2,3.958423128,4.079999,16.93655
2015,9,3,6.059990544,4.29,1.552901
2015,9,4,5.497158408,5.22,4.392421
2015,9,5,5.002576032,3.22,0.0
2015,9,6,4.294390152,2.373334,0.0
2015,9,7,3.634440048,5.553333,0.0
2015,9,8,3.122584512,7.116666,0.0
2015,9,9,2.694443232,8.43,0.0
2015,9,10,2.380454136,7.996666,0.0
2015,9,11,2.158126248,6.36,0.0
2015,9,12,2.0079462960000005,4.843333,5.159072
2015,9,13,2.068032408,5.64,3.723875
2015,9,14,3.167738832,6.093333,7.641093
2015,9,15,6.364658592,5.48,15.36709
2015,9,16,10.5111816,3.363333,2.267298
2015,9,17,10.720317120000002,4.82,12.10503
2015,9,18,10.161419040000002,5.426666,0.4659153
2015,9,19,7.93662528,3.356667,0.0
2015,9,20,6.219840311999999,3.086667,0.0
2015,9,21,5.054627208,3.883333,1.024893
2015,9,22,4.194512015999999,3.266667,2.187576
2015,9,23,3.5898352080000007,5.03,0.0
2015,9,24,3.172632456,5.5,7.522037
2015,9,25,3.741615408000001,2.016667,0.4004161
2015,9,26,3.324714672,1.35,0.0
2015,9,27,3.045086736,1.676667,0.0
2015,9,28,2.764903848,3.346667,0.0
2015,9,29,2.525786688,5.04,0.0
2015,9,30,2.30530644,5.703333,0.0
2015,10,1,2.097672528,6.986667,0.0
2015,10,2,1.97077884,4.673333,1.510924
2015,10,3,1.8681867360000004,1.406667,0.0
2015,10,4,1.7996723759999997,1.363333,0.0
2015,10,5,1.748002992,2.37,0.0
2015,10,6,1.692125784,0.1,0.6475585
2015,10,7,1.6334235119999996,-0.1999999,0.0
2015,10,8,1.580268744,-0.64,1.063677
2015,10,9,1.535955936,0.1433333,0.0
2015,10,10,1.493629248,1.243334,0.0
2015,10,11,1.461331584,1.006667,0.0
2015,10,12,1.4295640320000003,0.5266666,0.0
2015,10,13,1.396507464,-0.24,0.0
2015,10,14,1.348376712,-1.63,0.0
2015,10,15,1.3122219120000003,-0.7333333,0.0
2015,10,16,1.291693848,-0.6566666,0.0
2015,10,17,1.255803744,0.1366667,0.0
2015,10,18,1.227843072,0.8466665,0.0
2015,10,19,1.221452736,-0.2433331,0.0
2015,10,20,1.18615896,-1.946667,0.0
2015,10,21,1.179099912,-0.6666666,3.44948
2015,10,22,1.1878032,1.716667,3.784784
2015,10,23,1.182815712,1.623333,0.0
2015,10,24,1.1630397119999998,0.9966667,0.851382
2015,10,25,1.14920736,-2.04,0.6809567
2015,10,26,1.130654112,-1.516667,0.0
2015,10,27,1.137886464,-0.5366666,0.0
2015,10,28,1.113104568,-0.7533333,0.0
2015,10,29,1.094221512,-1.496667,0.0
2015,10,30,1.086414696,0.3500001,2.26393
2015,10,31,1.096512624,3.586666,1.951572
2015,11,1,1.131515592,3.526666,0.0
2015,11,2,1.111513848,4.713334,0.0
2015,11,3,1.1099130720000003,2.27,0.0
2015,11,4,1.0960452,0.8299999,0.0
2015,11,5,1.078692144,0.6166663,0.0
2015,11,6,1.073801832,1.45,5.57899
2015,11,7,1.112106384,1.096667,1.482514
2015,11,8,1.11252048,-0.7766662,6.315887
2015,11,9,1.1122000320000003,-0.9933331,1.823781
2015,11,10,1.102600248,-0.8033338,1.210803
2015,11,11,1.07397264,-2.216667,1.574074
2015,11,12,1.060157736,-3.193333,2.65188
2015,11,13,1.0449372239999999,-3.32,0.0
2015,11,14,1.0232800800000004,-4.653334,5.891023
2015,11,15,1.026239952,-4.616667,1.138878
2015,11,16,1.011612384,-4.726667,5.74717
2015,11,17,1.004226432,-5.546666,1.130423
2015,11,18,1.0165332000000002,-8.073333,0.0
2015,11,19,0.9628149120000004,-11.35,0.0
2015,11,20,0.9501540959999999,-15.05,0.0
2015,11,21,0.962805408,-15.01667,0.0
2015,11,22,0.9347056560000001,-14.74667,0.2124808
2015,11,23,0.9808605120000001,-6.3,1.888797
2015,11,24,1.0194305999999997,-4.163333,0.0
2015,11,25,0.9808705679999998,-7.21,0.0
2015,11,26,0.911875632,-6.936667,3.293976
2015,11,27,0.9945171359999998,1.17,5.67191
2015,11,28,1.06002264,-5.5,3.202352
2015,11,29,0.986476224,-6.553333,1.217568
2015,11,30,0.9222457679999998,-8.253333,3.254564
2015,12,1,0.926972544,-5.966667,3.272777
2015,12,2,0.9599365440000002,-4.48,2.723619
2015,12,3,0.913364232,-7.186666,7.985094
2015,12,4,0.9271849439999998,-6.423334,7.388384
2015,12,5,0.9869364720000001,-1.426667,8.247705
2015,12,6,1.0249210560000004,-3.386666,3.109945
2015,12,7,0.9815677919999999,-5.946667,0.0
2015,12,8,0.9807206159999998,-1.8,2.410431
2015,12,9,1.001947056,-2.793334,3.656226
2015,12,10,1.003252032,-2.796667,3.934703
2015,12,11,0.9850037760000001,-5.633333,0.1289586
2015,12,12,1.006327224,-6.416666,0.0
2015,12,13,0.9786828960000001,-13.07667,0.0
2015,12,14,0.973697376,-12.55667,0.1376543
2015,12,15,1.076276088,-11.12,0.0
2015,12,16,1.25760732,-10.85,1.69815
2015,12,17,1.3051843680000004,-3.783333,4.757703
2015,12,18,1.0246972559999998,-0.8099995,1.185494
2015,12,19,0.9973726080000002,1.243333,3.048083
2015,12,20,1.0408078800000002,1.126666,6.532757
2015,12,21,1.102795056,-1.186666,0.3173239
2015,12,22,1.0817028719999997,-3.603333,3.92401
2015,12,23,1.089457224,-4.07,2.437764
2015,12,24,1.129142016,-1.243333,3.255946
2015,12,25,1.14265632,-3.739999,2.415623
2015,12,26,1.13382288,-12.25,0.1039989
2015,12,27,1.147550592,-14.94,1.185777
2015,12,28,1.138717152,-13.11333,0.0
2015,12,29,1.1646917759999997,-5.643333,3.178667
2015,12,30,1.15815576,-3.386666,2.008792
2015,12,31,1.11641472,-3.916667,1.941654
2016,1,1,1.0563305760000001,-4.986667,2.618038
2016,1,2,1.0284894720000002,-8.559999,2.005559
2016,1,3,0.9636513599999998,-14.77333,0.0
2016,1,4,0.94721412,-19.88667,0.0
2016,1,5,0.9813986879999999,-20.04333,0.0
2016,1,6,1.0024961280000002,-18.88667,0.0
2016,1,7,1.052440176,-17.27666,0.0
2016,1,8,1.069357992,-21.74333,0.0
2016,1,9,1.04969616,-20.15667,2.256068
2016,1,10,1.0464582479999998,-13.16333,7.256044
2016,1,11,1.060157736,-11.42333,1.679175
2016,1,12,1.070108352,-12.98,3.049882
2016,1,13,1.043494296,-15.82333,0.8347837
2016,1,14,1.0556585520000001,-16.37667,0.0
2016,1,15,1.097328096,-13.60667,2.309772
2016,1,16,1.1274062399999998,-16.75333,0.0
2016,1,17,1.205008152,-13.53667,1.038555
2016,1,18,1.153380576,-10.93333,0.0
2016,1,19,1.188650088,-13.61667,0.0
2016,1,20,1.2367553280000003,-15.14667,0.0
2016,1,21,1.2577377359999997,-14.38667,0.0
2016,1,22,1.374253032,-14.10667,1.672076
2016,1,23,1.455173328,-8.916666,0.3675784
2016,1,24,1.599926904,-5.42,0.7428615
2016,1,25,1.8488428800000003,0.2766676,1.255745
2016,1,26,1.67967312,-2.963334,2.792822
2016,1,27,1.46466408,-3.016666,4.15063
2016,1,28,1.327443288,-5.793333,0.0
2016,1,29,1.44025776,-3.486667,10.7803
2016,1,30,1.334765592,-6.726667,2.452377
2016,1,31,1.464521976,-11.48667,0.1835215
2016,2,1,1.8621929279999996,-9.82,6.365383
2016,2,2,2.36107536,-7.486667,1.890288
2016,2,3,2.5890444239999995,-8.73,2.594624
2016,2,4,2.780346168,-6.986667,1.059691
2016,2,5,2.927153568,-7.396667,2.97354
2016,2,6,2.720076504,-4.396666,9.499765
2016,2,7,2.091599712,-2.539999,4.44442
2016,2,8,1.454833032,-4.289999,9.702011
2016,2,9,1.2599080799999998,-7.076666,2.132289
2016,2,10,1.16396616,-9.449999,0.3747327
2016,2,11,1.155657024,-12.28333,0.229174
2016,2,12,1.347107088,-13.07333,0.4870923
2016,2,13,1.631977152,-14.15667,0.0
2016,2,14,2.8033213199999993,-19.00333,0.0
2016,2,15,3.961756872,-15.17,0.0
2016,2,16,4.59626304,-13.87667,0.0
2016,2,17,4.587424896,-6.546666,0.0
2016,2,18,3.038910192,-12.19,0.0
2016,2,19,1.759226784,-13.30667,6.411115
2016,2,20,1.4258054400000004,-6.983333,5.369586
2016,2,21,1.38786804,-10.11,1.048214
2016,2,22,1.187408136,-10.68,0.1584804
2016,2,23,1.2333009839999998,-10.38,1.355638
2016,2,24,1.222506408,-8.546667,0.5586832
2016,2,25,1.1175566399999997,-7.679999,2.778828
2016,2,26,1.060977408,-7.06,0.7708279
2016,2,27,1.020932136,-8.166667,0.5129502
2016,2,28,0.999596544,-8.709999,0.0
2016,2,29,1.382828784,-12.87333,0.0
2016,3,1,1.692549264,-10.21667,4.003183
2016,3,2,1.5560607360000003,-8.776667,3.051289
2016,3,3,1.432628856,-8.27,3.226317
2016,3,4,1.3355755440000003,-8.003332,5.945506
2016,3,5,1.2412664639999997,-9.366666,1.185508
2016,3,6,1.18450428,-9.383333,2.843211
2016,3,7,1.13883672,-9.443334,0.0
2016,3,8,1.075673208,-12.98,0.0
2016,3,9,1.0712358,-11.66667,0.0
2016,3,10,1.10204868,-9.04,0.0
2016,3,11,1.008060552,-9.383332,0.0
2016,3,12,0.9552451439999998,-7.036667,0.0
2016,3,13,0.909999024,-1.099999,0.0
2016,3,14,0.9252600959999998,3.653334,0.0
2016,3,15,1.052183064,2.7,0.0
2016,3,16,1.0571969040000002,2.296667,0.0
2016,3,17,1.03843512,0.7033339,0.0
2016,3,18,1.0422333599999998,-2.573333,0.0
2016,3,19,1.0326218160000002,-2.409999,1.739965
2016,3,20,0.9903276480000002,-3.013334,0.4002424
2016,3,21,0.9504869999999999,-4.246667,1.864656
2016,3,22,0.896459784,-4.366666,1.122425
2016,3,23,0.871247976,-5.973333,0.0
2016,3,24,0.87583068,-5.726666,0.2003622
2016,3,25,0.823233,-4.823333,0.6553816
2016,3,26,0.788805576,-2.486667,2.088675
2016,3,27,0.802825488,-1.166667,2.920895
2016,3,28,0.776827536,-2.03,5.548514
2016,3,29,0.85383048,-2.07,3.01648
2016,3,30,0.812187912,-6.056666,0.0
2016,3,31,0.736907232,-9.323333,2.703131
2016,4,1,0.7212434639999998,-7.243333,2.477846
2016,4,2,0.718834032,-3.073333,0.0
2016,4,3,0.715986168,-3.57,3.085294
2016,4,4,0.7711184639999998,-1.26,5.082035
2016,4,5,0.898923264,-0.643333,2.147197
2016,4,6,1.099569864,-1.56,0.4879097
2016,4,7,1.054558584,-3.346666,0.2499337
2016,4,8,0.931957032,-5.93,0.2457873
2016,4,9,0.84034116,-7.596667,0.0
2016,4,10,0.7843679039999999,-6.82,0.0
2016,4,11,0.815026176,-5.28,0.0
2016,4,12,0.90847128,-5.936666,0.0
2016,4,13,0.812209104,-4.99,1.160803
2016,4,14,0.78647988,-2.666667,1.256791
2016,4,15,0.7949439359999998,-4.09,1.122238
2016,4,16,0.78763884,-6.446667,0.0
2016,4,17,0.7816229999999998,-5.366667,0.0
2016,4,18,0.7919049840000002,-3.18,0.9307842
2016,4,19,0.82056132,-2.94,0.8253778
2016,4,20,0.835866216,-3.556667,0.0
2016,4,21,0.8230735919999999,-3.106667,1.343815
2016,4,22,0.839098584,-6.679999,0.0
2016,4,23,0.807368208,-8.493333,0.0
2016,4,24,0.783948024,-9.500001,0.0
2016,4,25,0.7711434,-8.93,1.756283
2016,4,26,0.760339632,-8.323333,0.0
2016,4,27,0.7461690719999998,-8.273334,0.0
2016,4,28,0.749680176,-5.756666,6.363625
2016,4,29,0.751425888,-3.446666,4.92052
2016,4,30,0.7771587120000002,-3.61,5.339654
2016,5,1,0.79432884,-3.25,0.0751214
2016,5,2,0.822395808,-1.07,4.245237
2016,5,3,0.882439464,-1.28,4.658158
2016,5,4,0.962816952,-1.633333,0.0
2016,5,5,0.9829429199999998,0.36,0.0
2016,5,6,1.034535912,1.003333,0.0
2016,5,7,1.150968792,3.043334,0.0
2016,5,8,1.4165187839999998,4.94,0.0
2016,5,9,1.8599628000000004,4.5,0.0
2016,5,10,2.417589504,3.206667,0.0
2016,5,11,2.819719608,2.71,0.0
2016,5,12,3.057226728,1.93,0.0
2016,5,13,2.73111576,-4.053333,0.0
2016,5,14,2.197630824,-3.146667,0.0
2016,5,15,1.8447045839999996,-2.493333,0.0
2016,5,16,1.7316513359999997,-0.3600001,0.0
2016,5,17,1.7041594560000004,-0.2666667,0.0
2016,5,18,1.6889190959999998,-0.2733333,2.247734
2016,5,19,1.700776944,1.246667,0.0
2016,5,20,1.8838017119999997,1.41,4.07174
2016,5,21,2.6101727999999995,2.726667,0.0
2016,5,22,3.218139192,3.856666,7.501749
2016,5,23,4.913670431999999,4.623333,0.0
2016,5,24,5.19309756,2.423333,0.0
2016,5,25,4.845494256,1.956666,0.0
2016,5,26,4.64791128,3.82,0.0
2016,5,27,4.51360704,6.26,0.0
2016,5,28,4.83444696,3.833333,3.330824
2016,5,29,5.20114008,3.289999,2.822132
2016,5,30,5.284829376000001,5.98,2.128129
2016,5,31,5.85244944,9.673334,0.0
2016,6,1,7.720465680000001,9.846666,0.0
2016,6,2,8.75499864,10.86333,0.0
2016,6,3,9.5492016,10.43,0.0
2016,6,4,10.005075840000002,7.48,0.0
2016,6,5,8.9172312,8.883333,0.0
2016,6,6,8.09033808,10.03333,0.0
2016,6,7,7.47676752,9.636666,0.0
2016,6,8,7.454479920000002,3.350001,0.0
2016,6,9,6.627377760000002,2.746666,0.0
2016,6,10,5.727012096,2.843333,0.0
2016,6,11,4.781425896,5.343333,0.0
2016,6,12,4.011598127999999,7.336667,0.0
2016,6,13,3.494324616,7.196666,0.0
2016,6,14,3.266028624,8.24,0.0
2016,6,15,3.313228224,6.233333,5.873827
2016,6,16,3.391773288,8.166667,2.512441
2016,6,17,3.589678944,9.379999,3.230922
2016,6,18,4.018852968,7.156667,0.0
2016,6,19,4.20446496,3.75,0.0
2016,6,20,4.1707900559999995,4.426666,4.460081
2016,6,21,4.266419112,7.24,0.0
2016,6,22,4.548015096,6.71,0.0
2016,6,23,4.484945352,9.906666,0.0
2016,6,24,4.334441496,8.326667,12.85792
2016,6,25,4.5642942,11.25333,1.311981
2016,6,26,4.86790692,10.11,15.05761
2016,6,27,10.89405924,8.7,3.490782
2016,6,28,9.77661576,6.893333,0.0
2016,6,29,8.707286400000003,6.289999,2.972518
2016,6,30,7.87745112,5.6,7.213885
2016,7,1,8.00010864,5.136666,2.884193
2016,7,2,7.2831376799999985,5.63,3.487452
2016,7,3,6.53915448,4.393333,1.025652
2016,7,4,5.575848984000001,5.953333,2.126035
2016,7,5,4.74123828,5.436666,6.061905
2016,7,6,4.2397362,6.456666,0.0
2016,7,7,3.708006024000001,6.156666,0.0
2016,7,8,3.2722398,9.016666,2.863354
2016,7,9,2.972316768,8.096667,1.417043
2016,7,10,2.827038456000001,8.193333,5.098605
2016,7,11,2.837636568,9.2,5.84308
2016,7,12,3.0933677759999996,9.349999,5.244866
2016,7,13,3.2494685520000006,9.333334,5.08806
2016,7,14,3.576949008,8.88,0.0
2016,7,15,3.542208216,9.44,3.41342
2016,7,16,3.4821893760000004,7.003333,0.1164792
2016,7,17,3.383219472,5.71,1.93245
2016,7,18,3.206778048,7.436666,0.0
2016,7,19,2.96973156,7.006667,2.09207
2016,7,20,2.764713504,12.69333,0.0
2016,7,21,2.6642591280000008,13.45333,0.0
2016,7,22,2.782977816,13.12667,6.937467
2016,7,23,3.440820792,12.39667,5.670438
2016,7,24,3.8991898080000014,12.56333,5.62799
2016,7,25,4.067068055999999,11.2,4.574198
2016,7,26,4.45571976,9.250001,7.679074
2016,7,27,4.73368224,7.433333,6.727042
2016,7,28,4.86102564,8.896667,0.0
2016,7,29,5.160586488,7.803333,9.622718
2016,7,30,5.372860896,8.01,2.02893
2016,7,31,5.084746224,6.423333,4.263526
2016,8,1,4.46462196,5.866667,0.6814659
2016,8,2,3.791006592,6.47,1.00965
2016,8,3,3.220219704,6.36,0.9319509
2016,8,4,2.780726352,8.0,0.1705585
2016,8,5,2.553013368,9.043333,13.09412
2016,8,6,3.087194352,6.653334,8.98555
2016,8,7,3.658158504,7.89,1.422116
2016,8,8,3.6402591120000007,6.136666,4.160364
2016,8,9,3.821596176000001,4.479999,2.003798
2016,8,10,3.81888768,2.676667,0.0
2016,8,11,3.466125144,1.776667,0.0
2016,8,12,3.002562648,2.843333,5.432518
2016,8,13,2.664610728,5.97,3.789626
2016,8,14,2.5280175359999992,6.94,0.0
2016,8,15,2.387388288,7.279999,0.0
2016,8,16,2.261856672,11.67,0.0
2016,8,17,2.154363168,11.42333,0.0
2016,8,18,2.062710984,9.873333,15.49724
2016,8,19,2.2350798,7.983333,0.8678628
2016,8,20,2.292923232,8.169999,4.12896
2016,8,21,2.292923232,8.966667,0.5836837
2016,8,22,2.283295968,8.633334,0.9596231
2016,8,23,2.302550496,9.57,0.0
2016,8,24,2.2260504960000005,9.366666,3.580946
2016,8,25,2.247489792,9.21,0.0
2016,8,26,2.627723568,8.583333,23.07091
2016,8,27,3.9329298239999995,6.146667,0.0
2016,8,28,3.940621223999999,4.82,0.5526544
2016,8,29,3.848648351999999,5.286667,3.315104
2016,8,30,3.468738672,6.34,2.591814
2016,8,31,3.1071307919999995,9.163334,2.202565
2016,9,1,2.895243552,6.366667,1.130852
2016,9,2,2.8820058720000006,6.393332,7.723523
2016,9,3,3.0288672239999994,5.88,0.0
2016,9,4,2.980352472,5.953333,0.0
2016,9,5,2.757055728,6.133333,0.0
2016,9,6,2.508344856,9.23,0.0
2016,9,7,2.319525552,7.856667,0.0
2016,9,8,2.174321472000001,9.286666,0.0
2016,9,9,2.0649863520000005,10.72667,0.0
2016,9,10,2.014735872,9.619999,15.20918
2016,9,11,2.411640744,6.226666,0.3820565
2016,9,12,2.638734408,7.05,0.0
2016,9,13,2.543059752,9.953333,0.0
2016,9,14,2.372815296,10.71333,0.0
2016,9,15,2.235579072,11.86667,0.0
2016,9,16,2.2260504960000005,11.2,0.6552249
2016,9,17,2.27607552,10.01,0.0
2016,9,18,2.2451076480000007,9.726665,0.0
2016,9,19,2.134552728,8.599999,0.0
2016,9,20,1.9966607760000004,8.596667,0.0
2016,9,21,1.8612269760000004,7.563333,0.4605442
2016,9,22,1.811954112,8.163333,2.484327
2016,9,23,1.8211637759999997,4.773334,3.723523
2016,9,24,1.836016128,2.813333,0.0
2016,9,25,1.816832064,7.896667,1.55996
2016,9,26,1.7668758719999997,6.526667,0.0
2016,9,27,1.7280955679999996,3.393333,11.78025
2016,9,28,2.1276059280000004,3.676667,4.504107
2016,9,29,2.239387872,2.466667,6.061324
2016,9,30,2.567898144,0.8200001,0.9432646
2016,10,1,2.503133496,-0.08333349,0.0
2016,10,2,2.2981106639999993,-2.21,0.0
2016,10,3,2.038134456,-0.9999999,0.0
2016,10,4,1.83084324,0.02666664,0.0
2016,10,5,1.7162129279999996,0.5400001,0.0
2016,10,6,1.6187804879999996,1.023333,0.0
2016,10,7,1.54262328,0.7466667,0.0
2016,10,8,1.475988,-0.5966667,0.0
2016,10,9,1.4153535359999996,-3.113333,0.0
2016,10,10,1.364849064,-1.256667,0.0
2016,10,11,1.3211548320000004,-1.526666,0.0
2016,10,12,1.2697775999999996,-0.7866666,0.0
2016,10,13,1.230057192,-2.186666,0.0
2016,10,14,1.191292632,-3.1,0.0
2016,10,15,1.15740168,-5.083333,0.0
2016,10,16,1.13783808,-1.88,0.6762885
2016,10,17,1.1322167999999997,0.09000003,2.187979
2016,10,18,1.11546048,0.3366667,1.014051
2016,10,19,1.1043656640000004,0.22,0.0
2016,10,20,1.088659584,-0.7133332,0.0
2016,10,21,1.076292096,-3.02,0.0
2016,10,22,1.05403428,-3.963333,0.0
2016,10,23,1.0373808239999998,-4.456667,0.500887
2016,10,24,1.0231600799999998,-2.856666,0.0
2016,10,25,1.01570112,-3.556667,0.0
2016,10,26,0.99302688,-2.813333,1.106186
2016,10,27,0.9908175360000001,0.4066665,4.064238
2016,10,28,0.9959045759999998,-2.026667,2.873794
2016,10,29,0.970602432,-1.13,0.1663984
2016,10,30,0.9663222240000001,-0.99,0.0
2016,10,31,0.9662991359999998,1.05,12.70257
2016,11,1,1.0444827119999998,-2.183333,5.896095
2016,11,2,1.031495928,-8.216666,0.0
2016,11,3,0.964135272,-9.493333,0.0
2016,11,4,0.9944511359999998,-8.08,9.847036
2016,11,5,0.998084736,-8.05,6.416176
2016,11,6,0.9901003200000001,-14.74,0.0
2016,11,7,0.933986352,-20.02333,0.0
2016,11,8,0.9229627679999999,-19.79333,0.0
2016,11,9,0.9821970240000002,-16.09666,2.366643
2016,11,10,0.99535332,-14.69333,0.0
2016,11,11,0.949338288,-11.24,2.143907
2016,11,12,0.92366844,-9.04,1.996337
2016,11,13,0.9715115279999998,-6.4,0.0
2016,11,14,0.9472801199999998,-3.083333,4.692484
2016,11,15,0.9842770559999997,-0.7333331,1.978101
2016,11,16,0.9829788959999999,-2.076667,3.853585
2016,11,17,0.9546100560000002,-6.836666,0.1752832
2016,11,18,0.91605024,-7.133333,4.956954
2016,11,19,0.913231776,-7.116666,3.643025
2016,11,20,0.8709298560000002,-9.463333,5.861945
2016,11,21,0.905780016,-8.136666,7.595777
2016,11,22,0.8802378479999998,-3.823333,7.980197
2016,11,23,0.926991024,-2.313333,1.556765
2016,11,24,0.905761776,-4.386667,1.568829
2016,11,25,0.9078072,2.62,3.948822
2016,11,26,0.9998472000000002,-1.433334,2.748714
2016,11,27,0.953041896,-5.73,0.3500149
2016,11,28,0.911898048,-6.833333,0.0
2016,11,29,0.914732784,-5.52,1.647439
2016,11,30,0.922313904,-5.320001,3.080585
2016,12,1,0.90505008,-5.743334,4.036799
2016,12,2,0.881551104,-4.956666,1.717298
2016,12,3,0.880826208,-5.126667,2.031042
2016,12,4,0.898961496,-0.126667,2.754565
2016,12,5,0.899003688,-1.14,0.5212165
2016,12,6,0.841735272,-7.826666,0.0
2016,12,7,0.8750764800000002,-3.56,5.670402
2016,12,8,1.01857944,2.693334,1.456616
2016,12,9,0.976600176,2.003332,2.547573
2016,12,10,0.920789472,-0.9499998,2.363649
2016,12,11,0.878882952,-3.03,0.7742496
2016,12,12,0.8481354720000002,-5.363333,1.147103
2016,12,13,0.846282048,-3.313334,0.3497193
2016,12,14,0.818934984,-8.683333,0.0
2016,12,15,0.9576970559999999,-4.423333,0.1381632
2016,12,16,1.242527784,-6.34,0.0
2016,12,17,1.319317968,-3.736666,0.0
2016,12,18,1.336421088,-2.583333,0.7090176
2016,12,19,1.4453718959999997,2.173333,0.0
2016,12,20,1.348541424,-0.9700003,0.0
2016,12,21,0.9363108,-2.793333,3.777632
2016,12,22,0.8976123839999999,-4.723334,5.587268
2016,12,23,0.905175144,-7.06,3.673702
2016,12,24,0.9600344159999998,-5.866666,4.368978
2016,12,25,0.984380064,-1.839999,7.281619
2016,12,26,1.0253977679999997,-4.626667,11.65662
2016,12,27,0.9973726080000002,-5.843333,0.7956401
2016,12,28,1.024752384,-3.15,0.0
2016,12,29,1.1155316399999997,-2.406667,0.0
2016,12,30,1.202901216,1.443334,4.458349
2016,12,31,1.1208084480000002,-1.893332,1.330933
2017,1,1,1.12217136,-5.233334,0.3830664
2017,1,2,1.129376976,-10.02667,1.034757
2017,1,3,1.288323096,-7.023333,7.7222
2017,1,4,1.310107536,-10.80333,0.5382188
2017,1,5,1.3112379547826087,-17.53667,0.0
2017,1,6,1.6372521425454547,-10.13333,2.289104
2017,1,7,2.028396446608696,-6.58,0.0
2017,1,8,2.3782071568695655,-4.783333,0.0
2017,1,9,3.0345486959999994,-3.05,2.407115
2017,1,10,3.1481246942608694,-2.629999,4.203075
2017,1,11,2.6368758480000007,-3.783333,6.310243
2017,1,12,2.345319621818182,-9.943333,0.4427129
2017,1,13,2.8065413759999993,-12.76333,1.078547
2017,1,14,3.7897956916363635,-11.08333,0.7669908
2017,1,15,4.508902957714285,-15.04333,0.0
2017,1,16,5.912835656727274,-12.94333,0.2205719
2017,1,17,7.0398672,-3.003334,0.6175258
2017,1,18,7.588211227826085,-0.02333355,0.1842178
2017,1,19,8.01872886857143,3.563333,6.78208
2017,1,20,7.2737088872727265,4.029999,0.6045904
2017,1,21,6.1950307617391305,0.7799997,0.0
2017,1,22,5.687390904000002,-3.1,0.1584411
2017,1,23,6.203268563478261,-1.626666,0.0
2017,1,24,6.35994056347826,-3.466666,0.0
2017,1,25,6.124476043636364,-1.103333,0.1423502
2017,1,26,6.139092947478261,-0.5466661,0.0
2017,1,27,5.845510530782609,-4.266666,0.0
2017,1,28,6.084325565217392,-7.106667,0.0
2017,1,29,5.842728264000002,-6.223333,2.211504
2017,1,30,4.964755152000001,-11.31,0.0
2017,1,31,4.885942413913044,-11.74333,0.0
2017,2,1,4.9972338532173906,-10.30333,0.05407941
2017,2,2,5.205156935999999,-5.75,0.0
2017,2,3,4.746496992,-3.976667,0.0
2017,2,4,3.535587216,-3.87,1.030745
2017,2,5,2.682089496,-5.683333,1.59336
2017,2,6,2.1113527920000004,-7.206666,2.368493
2017,2,7,1.78244292,-14.63667,0.0
2017,2,8,1.5331195374545454,-19.93333,0.0
2017,2,9,1.6907864502857142,-16.39667,0.0
2017,2,10,2.619261178434783,-10.90667,0.0
2017,2,11,2.638134444521739,-10.92,0.0
2017,2,12,1.8312585250909093,-8.606667,0.0
2017,2,13,1.735472548173913,-4.02,0.0
2017,2,14,1.4732337975652174,-4.923333,0.0
2017,2,15,1.29371364,-3.903334,0.0
2017,2,16,1.2405398923636366,-1.36,0.1792802
2017,2,17,1.154160024,-3.199999,0.0
2017,2,18,1.036688376,-2.353333,0.8225842
2017,2,19,0.9735196132173913,-0.46,1.197934
2017,2,20,0.9316892911304346,0.1433344,5.48407
2017,2,21,0.9019976465454547,-4.363333,4.269663
2017,2,22,0.88662816,-5.856666,1.919086
2017,2,23,0.86373792,-10.39,0.0
2017,2,24,0.8365679738181818,-11.16,0.1663983
2017,2,25,0.8386708507826087,-11.97,3.098364
2017,2,26,0.8568507130434782,-7.903333,2.543739
2017,2,27,0.85764192,-4.306666,3.850257
2017,2,28,0.84636384,-4.599999,5.961798
2017,3,1,0.84953436,-7.586667,0.0
2017,3,2,0.817642584,-14.12,0.0
2017,3,3,0.80747796,-14.74,0.0
2017,3,4,0.817583568,-12.12,4.043121
2017,3,5,0.8529365280000002,-9.746666,0.05842769
2017,3,6,0.8202014859130435,-13.55333,0.0500809
2017,3,7,0.7907862427826087,-18.92667,0.0
2017,3,8,0.7911309662608695,-14.79333,0.7975451
2017,3,9,0.8343024,-8.793333,2.718306
2017,3,10,0.8289666532173914,-5.793333,0.0
2017,3,11,0.8208194639999998,-7.75,0.8807974
2017,3,12,0.8265324020869566,-1.693333,0.6470614
2017,3,13,0.8279096431304347,-2.083333,0.2171092
2017,3,14,0.8398723440000001,-1.963334,7.530437
2017,3,15,0.8583145544347827,-3.643333,2.619676
2017,3,16,0.8673436549565217,-2.193333,1.523364
2017,3,17,0.875058192,-5.549999,1.193586
2017,3,18,0.8672537716363636,-9.0,0.0
2017,3,19,0.830349704347826,-10.29,1.703223
2017,3,20,0.8827856890434783,-4.33,2.297211
2017,3,21,0.8714742010434783,-4.803334,0.5510603
2017,3,22,0.857035728,-7.046666,0.5513421
2017,3,23,0.854473911652174,-8.28,0.5428211
2017,3,24,0.8540628480000002,-5.316667,0.0
2017,3,25,0.8897072556521738,0.3499999,0.3048036
2017,3,26,1.112130504,4.699999,0.0
2017,3,27,2.2803045119999994,3.043333,0.0
2017,3,28,2.4204236744347827,-2.093333,0.0
2017,3,29,1.7122645577142854,-4.166667,0.0
2017,3,30,1.2979828014545456,-5.476666,4.207664
2017,3,31,1.155129696,-2.846667,4.364697
2017,4,1,1.10228532,1.2,0.0
2017,4,2,1.1342162159999998,0.6233335,0.0
2017,4,3,1.126324152,-0.1166668,0.0
2017,4,4,1.082759832,-0.7300005,1.356401
2017,4,5,1.0577273417142856,-3.396667,1.622142
2017,4,6,0.9779012297142858,-0.9200001,3.800419
2017,4,7,1.016785828173913,1.663333,0.0
2017,4,8,1.1297323374545456,0.6633334,0.0
2017,4,9,1.199437968,0.7833333,0.3996634
2017,4,10,1.278847752,-2.01,1.65294
2017,4,11,1.1043942260869566,-4.996667,1.929805
2017,4,12,1.0247609488695653,-2.793334,3.390193
2017,4,13,1.01059536,-5.236667,4.056079
2017,4,14,0.9512124239999997,-7.38,0.0
2017,4,15,0.9235245360000002,-7.166666,2.39705
2017,4,16,0.9150250385454545,-6.473333,4.927003
2017,4,17,0.897715464,-7.83,1.799438
2017,4,18,0.877790664,-7.783333,0.0
2017,4,19,0.8690115255652173,-5.45,0.108159
2017,4,20,0.876545328,-0.4566667,1.943977
2017,4,21,0.8981639214545455,-4.026667,1.673645
2017,4,22,0.8760751920000002,-4.59,0.5297371
2017,4,23,0.8534152236521738,-6.093333,3.501491
2017,4,24,0.8539678865454545,-7.203333,4.637752
2017,4,25,0.8449210996363636,-5.91,0.8700646
2017,4,26,0.8357472250434782,-6.166667,0.0
2017,4,27,0.8283877028571429,-5.973333,0.0
2017,4,28,0.8196368465454547,-5.896667,0.1716579
2017,4,29,0.814936488,-4.536666,0.0
2017,4,30,0.8152601890909091,-4.206666,0.0
2017,5,1,0.8276886196363636,-1.913333,0.0
2017,5,2,0.849218232,1.066667,0.0
2017,5,3,0.9023889725217393,1.24,0.0
2017,5,4,0.9784851339130437,2.15,0.0
2017,5,5,1.130615904,5.983333,0.0
2017,5,6,1.5132678720000003,6.486666,0.0
2017,5,7,1.719648288,0.58,0.2875345
2017,5,8,1.54496448,-3.906667,0.0
2017,5,9,1.360491696,-3.336666,2.829846
2017,5,10,1.274277312,-4.79,3.667337
2017,5,11,1.20882552,-3.166667,0.0
2017,5,12,1.1709598664347824,-0.7533334,0.0
2017,5,13,1.1940110859130435,1.313333,0.0
2017,5,14,1.2987844090434784,3.083333,3.15117
2017,5,15,1.4234198923636365,3.953333,3.139334
2017,5,16,1.762778199272727,1.616667,7.231337
2017,5,17,2.1270941934545458,6.139999,6.345924
2017,5,18,4.547145192,5.403333,10.49065
2017,5,19,5.671181712,6.41,0.0
2017,5,20,5.626513413818182,5.556666,2.753265
2017,5,21,6.102963172173913,4.12,7.923865
2017,5,22,6.30007296,1.703333,1.462516
2017,5,23,5.627138237217391,5.086666,0.0
2017,5,24,5.124965259130434,3.923333,0.0
2017,5,25,4.804178362434783,4.276666,2.977577
2017,5,26,5.32699536,9.13,0.0
2017,5,27,6.472575359999999,10.62333,0.0
2017,5,28,6.835971005217391,9.639999,2.726424
2017,5,29,7.16637624,9.013332,0.4549658
2017,5,30,7.23971328,6.949999,7.90509
2017,5,31,6.82052592,2.976667,0.0
2017,6,1,5.716403411478261,1.653333,0.0
2017,6,2,4.807274137043478,3.5,3.001572
2017,6,3,4.078288776000001,6.58,0.0
2017,6,4,3.8252554080000007,5.243333,5.535723
2017,6,5,3.931914384,4.826667,1.277229
2017,6,6,3.9025902553043488,5.453333,2.446138
2017,6,7,4.24823628,6.11,9.848191
2017,6,8,7.447539816000002,4.956667,3.303167
2017,6,9,8.494647599999999,5.666666,7.530272
2017,6,10,9.99541896,5.82,8.965496
2017,6,11,10.59383016,6.776667,8.592934
2017,6,12,9.302193687272728,5.47,0.6157545
2017,6,13,7.75900128,6.243334,0.1705581
2017,6,14,6.51095064,6.47,0.0
2017,6,15,5.608677912,7.579999,4.063906
2017,6,16,5.16635496626087,7.256667,4.381454
2017,6,17,4.984243224,7.709999,0.7467133
2017,6,18,4.837697352,7.05,0.4130843
2017,6,19,4.723400304,4.32,1.55706
2017,6,20,4.438290936,2.916667,1.406993
2017,6,21,3.952653408,4.286667,0.0
2017,6,22,3.3722592872727275,6.470001,0.0
2017,6,23,3.0285554399999994,7.079999,10.87602
2017,6,24,3.0098399759999994,5.64,0.0
2017,6,25,2.907341184,3.846666,4.287752
2017,6,26,2.8268916,3.386666,1.122572
2017,6,27,2.5766230559999994,4.27,0.0
2017,6,28,2.306277048,7.3,0.0
2017,6,29,2.072715639652174,8.539999,0.0
2017,6,30,1.8852298559999996,11.09,0.0
2017,7,1,1.8398128946086956,11.22,0.04159951
2017,7,2,1.8752195040000004,7.936667,0.8870634
2017,7,3,1.965803136,5.123333,2.656782
2017,7,4,2.025819744,5.696666,0.0
2017,7,5,1.9918144799999997,5.279999,0.0
2017,7,6,1.8862243700869568,6.413333,0.0
2017,7,7,1.817990904,8.103333,3.713138
2017,7,8,1.801999032,7.356667,6.81158
2017,7,9,1.9046701189565216,6.940001,0.0
2017,7,10,1.8669952862608694,7.683333,2.730813
2017,7,11,1.8671328,7.436666,20.35731
2017,7,12,2.6135333672727272,3.909999,2.669891
2017,7,13,2.438912544000001,4.513334,0.0
2017,7,14,2.2835510984347827,5.556666,0.0
2017,7,15,2.1012388090434784,8.513333,1.812024
2017,7,16,1.9462948320000004,8.39,0.7933027
2017,7,17,1.9827542225454546,4.593334,0.7178881
2017,7,18,2.03678268,6.053333,0.0
2017,7,19,1.986845352,8.423333,0.0
2017,7,20,1.8752808459130434,12.49333,0.0
2017,7,21,1.806414648,11.49,0.0
2017,7,22,1.7754626253913044,11.66333,0.0
2017,7,23,1.781087352,10.78,19.27691
2017,7,24,2.226018842181819,8.01,6.756549
2017,7,25,2.8041197384347827,9.683332,3.629053
2017,7,26,2.970105958956522,10.41333,1.421701
2017,7,27,3.0724107213913046,9.726666,10.50916
2017,7,28,3.7477477314782615,7.976667,3.652123
2017,7,29,4.274577936,8.173333,2.639817
2017,7,30,4.18758228,9.37,6.793831
2017,7,31,4.0689798761739135,8.483334,1.675979
2017,8,1,3.9590520349090905,8.136667,0.5218735
2017,8,2,3.7439040548571434,7.096667,1.449705
2017,8,3,3.383114792727273,6.823333,15.1896
2017,8,4,3.903829032,6.783333,7.994308
2017,8,5,4.866425352,8.049999,10.0835
2017,8,6,5.274440784000001,7.68,7.632384
2017,8,7,5.257842624,7.113333,2.85008
2017,8,8,4.597942539130434,7.163333,1.521122
2017,8,9,4.076172262956523,6.373333,8.707164
2017,8,10,4.139365598608696,8.183333,0.0
2017,8,11,3.6648743290434784,8.82,0.0
2017,8,12,3.3714823179130433,6.77,2.618253
2017,8,13,3.1454943970909093,3.793334,0.7014492
2017,8,14,2.867288064,4.839999,0.0
2017,8,15,2.57608476,5.899999,11.52461
2017,8,16,2.601041136,7.326667,1.106052
2017,8,17,2.507489472,6.753333,8.28052
2017,8,18,2.8930077257142863,7.986667,4.788515
2017,8,19,3.751842504,7.733333,4.640244
2017,8,20,4.297693488000001,5.716666,3.370719
2017,8,21,4.212468599999999,6.68,0.0
2017,8,22,3.7426745039999996,5.08,0.0
2017,8,23,3.2566030998260866,5.88,0.0
2017,8,24,2.818091044173913,5.063333,0.0
2017,8,25,2.443208232,5.276666,0.0
2017,8,26,2.1276585425454546,5.09,0.0
2017,8,27,1.8918044577391306,6.74,0.0
2017,8,28,1.7874970434782609,8.366667,1.511876
2017,8,29,1.7371706639999998,7.486667,0.296283
2017,8,30,1.7321988479999997,3.816667,0.0
2017,8,31,1.715646024,4.516666,0.2416673
2017,9,1,1.6866456,4.55,0.2874813
2017,9,2,1.6464590880000003,4.673333,0.0
2017,9,3,1.582733424,4.376667,0.0
2017,9,4,1.5207469199999997,4.116667,0.0
2017,9,5,1.4731815067826086,5.856667,8.437149
2017,9,6,1.5837510479999997,6.003334,6.668858
2017,9,7,1.904767464,4.319999,4.401761
2017,9,8,2.398305700173913,3.093333,3.077538
2017,9,9,2.646294192,2.816667,3.990796
2017,9,10,2.615826740869565,4.046666,2.168157
2017,9,11,2.8635786406956525,4.636667,14.95421
2017,9,12,4.506564221217391,3.896667,9.620622
2017,9,13,5.36752151373913,3.18,0.07929468
2017,9,14,4.936646664000001,4.313333,2.587228
2017,9,15,4.173460591304347,3.583333,0.0
2017,9,16,3.450994056,3.936667,0.0
2017,9,17,2.8968858657391308,3.963333,1.583736
2017,9,18,2.501850192,5.1,1.806068
2017,9,19,2.228455220869565,4.033333,11.02256
2017,9,20,2.3688280868571434,0.0666666,13.52045
2017,9,21,2.6003254778181812,0.8866665,0.905892
2017,9,22,2.517910104,3.296667,0.9352795
2017,9,23,2.356500384,3.816667,0.0
2017,9,24,2.2397266320000004,5.75,0.0
2017,9,25,2.17538928,6.246666,0.0
2017,9,26,2.0991111902608695,4.476666,0.0
2017,9,27,2.0097130560000003,4.906666,0.0
2017,9,28,1.92812748,4.833334,0.0
2017,9,29,1.8435294,4.02,2.868372
2017,9,30,1.831689792,3.54,0.6386343
2017,10,1,1.836897908869565,3.063333,18.69158
2017,10,2,5.17932,3.756667,11.66061
2017,10,3,5.794679544,2.23,4.412976
2017,10,4,5.191741665391304,-0.03000009,0.0
2017,10,5,4.331322091636363,-0.15,0.2246377
2017,10,6,3.606508599652174,2.283334,1.373391
2017,10,7,3.065398747826087,-0.9433334,1.550594
2017,10,8,2.585362128,-0.06333333,0.0
2017,10,9,2.246475864,-2.513333,0.0
2017,10,10,1.9712295771428576,-2.956667,2.206927
2017,10,11,1.823979055304348,-1.083333,6.014242
2017,10,12,1.787816688,-0.2366666,2.048662
2017,10,13,1.7379649679999998,0.6133334,3.462817
2017,10,14,1.697064648,1.596667,0.104669
2017,10,15,1.6466465040000002,2.926666,2.579605
2017,10,16,1.644922752,2.016666,4.154108
2017,10,17,1.665999264,-0.4266667,4.679805
2017,10,18,1.7174896731428573,-2.09,0.0
2017,10,19,1.686957528,-3.116666,0.0
2017,10,20,1.6687068218181818,-0.7133334,3.789978
2017,10,21,1.646063712,-0.9133333,1.037991
2017,10,22,1.6017631137391306,-1.32,0.220747
2017,10,23,1.5543977039999997,-3.083333,5.261691
2017,10,24,1.5088361071304346,-3.51,14.72914
2017,10,25,1.4966347810909093,-2.29,0.367525
2017,10,26,1.462394976,-2.743333,1.007071
2017,10,27,1.4249185645714286,-1.49,4.177029
2017,10,28,1.40761056,-0.4366665,3.002944
2017,10,29,1.362730368,-4.4,1.434678
2017,10,30,1.306201608,-5.366667,0.3923918
2017,10,31,1.2894424904347825,-0.8066664,0.3047099
2017,11,1,1.267172472,1.153333,3.498482
2017,11,2,1.2576697134545456,-0.9266665,0.0
2017,11,3,1.2098978194285717,-3.356667,0.0
2017,11,4,1.2018098003478264,-2.47,2.24336
2017,11,5,1.2000841396363637,-1.686667,3.872517
2017,11,6,1.1646540959999996,-6.706667,0.0
2017,11,7,1.134301536,-3.09,0.06249356
2017,11,8,1.1325746356363637,-1.973333,1.407072
2017,11,9,1.1360576973913044,-1.97,4.773888
2017,11,10,1.10018784,-7.183333,0.601128
2017,11,11,1.0394389680000002,-7.75,0.0
2017,11,12,1.0914614836363636,-3.793333,0.6737658
2017,11,13,1.0441072080000002,-7.793333,1.227201
2017,11,14,1.0081621565217391,-7.283334,3.051356
2017,11,15,1.0448353439999998,-3.316667,1.552135
2017,11,16,1.047747528,-3.84,3.859447
2017,11,17,1.0418770893913043,-5.153333,3.459756
2017,11,18,1.0089140619130437,-8.07,6.562055
2017,11,19,1.0162142879999998,-7.449999,0.0
2017,11,20,1.0250457360000003,-10.72667,0.0
2017,11,21,0.9799711888695654,-17.43,1.559435
2017,11,22,1.015613192347826,-11.38333,19.00122
2017,11,23,1.100464503652174,-2.1,6.49576
2017,11,24,1.162751352,-4.76,0.2885394
2017,11,25,1.1123237426086956,-6.8,0.0
2017,11,26,1.076671608,-8.21,0.7308115
2017,11,27,1.0133771102608695,-14.66667,0.0
2017,11,28,1.0222755054545454,-11.34667,0.0
2017,11,29,1.0490707533913044,-14.51333,0.0
2017,11,30,1.134780425142857,-12.17333,0.0
2017,12,1,1.217522592,-13.43,0.0
2017,12,2,1.4074206386086956,-2.336666,1.15196
2017,12,3,1.598037528,-3.416667,0.3504432
2017,12,4,1.6898465760000003,-7.156667,2.475766
2017,12,5,1.813041168,-2.856667,1.897062
2017,12,6,1.9095477871304347,-3.823333,6.727039
2017,12,7,1.8005940313043476,-0.9233341,3.390259
2017,12,8,1.5970634546086957,-5.033333,2.213916
2017,12,9,1.430869296,-7.173334,0.0
2017,12,10,1.4844014640000003,-18.24333,0.0
2017,12,11,1.882636140521739,-14.89667,2.911608
2017,12,12,2.438664024,-19.01667,0.0
2017,12,13,3.155974512,-13.63333,1.722373
2017,12,14,3.727869744,-12.83667,0.0
2017,12,15,4.082385456,-15.96667,0.0
2017,12,16,4.778708135999999,-15.52333,0.0
2017,12,17,5.175866930086956,-12.18333,0.6427544
2017,12,18,5.478424052869566,-6.13,0.4674188
2017,12,19,5.37608508,-0.2633343,0.0
2017,12,20,5.108309342608696,-2.386667,0.2879092
2017,12,21,4.922886576000002,-4.213333,0.9425808
2017,12,22,5.033742816,-1.356667,4.834462
2017,12,23,4.597737336,-0.416667,5.086016
2017,12,24,4.101698199272727,-3.34,0.85502
2017,12,25,3.7787983439999993,-5.759999,4.549613
2017,12,26,3.566935346086957,-7.14,11.95318
2017,12,27,3.243414960000001,-7.773333,0.6642524
2017,12,28,2.70381396,-8.403334,2.764868
2017,12,29,2.3823026671304346,-9.996667,0.0
2017,12,30,1.9113820466086953,-14.4,0.0
2017,12,31,1.8455471759999997,-12.82333,4.546436
2018,1,1,2.021103184695652,-6.476667,2.737186
2018,1,2,1.641666540521739,-11.23667,0.0
2018,1,3,1.6286645999999996,-10.03,5.17339
2018,1,4,1.6583871272727273,-7.823333,5.584944
2018,1,5,1.5219305803636367,-10.62,0.0
2018,1,6,1.414756632,-13.95333,0.0
2018,1,7,1.4645056457142858,-8.266666,1.192271
2018,1,8,1.360502941090909,-5.333333,0.0
2018,1,9,1.2576869342608696,-11.86,0.0
2018,1,10,1.2096279222857143,-13.77333,0.7803429
2018,1,11,1.2961826879999996,-5.929999,2.907286
2018,1,12,1.2602180159999996,-8.999999,0.0
2018,1,13,1.1614211345454546,-10.84667,0.0
2018,1,14,1.572578208,-11.54,2.453113
2018,1,15,1.4581003241739132,-8.55,8.846151
2018,1,16,1.4071047264,-8.466665,5.387559
2018,1,17,1.4933235255652173,-10.62,0.0
2018,1,18,1.429469192347826,-11.63333,0.0
2018,1,19,1.453711755130435,-15.02,0.0
2018,1,20,1.4005372883478264,-12.29333,0.813702
2018,1,21,1.340921208,-18.36666,0.0
2018,1,22,1.282381131130435,-17.56333,3.196995
2018,1,23,1.3843246319999998,-8.229999,5.10258
2018,1,24,1.3270479120000003,-3.853333,8.010954
2018,1,25,1.293629445818182,-4.229999,0.0
2018,1,26,1.2783352581818184,-10.30667,0.0
2018,1,27,1.2067953808695655,-12.73333,4.933241
2018,1,28,1.2548058959999997,-7.2,2.134032
2018,1,29,1.2258373147826087,-7.826666,2.05471
2018,1,30,1.198959552,-9.753334,1.680678
2018,1,31,1.184105256,-5.839999,6.612687
2018,2,1,1.1875556285217392,-7.253333,0.320774
2018,2,2,1.181298144,-16.47667,0.0
2018,2,3,1.237486392,-23.8,0.0
2018,2,4,1.331668584,-17.84,0.0
2018,2,5,1.4797280091428573,-9.003333,0.0
2018,2,6,1.3400032895999998,-10.22667,0.0
2018,2,7,1.3364148479999998,-11.77667,0.0
2018,2,8,1.299116616,-9.919999,1.998177
2018,2,9,1.233739776,-5.67,4.393939
2018,2,10,1.195085250782609,-7.213333,3.137964
2018,2,11,1.180023251478261,-8.873332,3.595345
2018,2,12,1.175407416,-12.33333,2.325578
2018,2,13,1.1379096125217394,-16.14,0.3546306
2018,2,14,1.139154168,-7.866666,1.252309
2018,2,15,1.1343041029565217,-7.61,4.515824
2018,2,16,1.1667718341818183,-9.866667,0.0
2018,2,17,1.160479008,-14.05,0.0
2018,2,18,1.1885948326956524,-11.36,0.0
2018,2,19,1.155675864,-9.376666,0.0
2018,2,20,1.0883947742608695,-14.05,1.450618
2018,2,21,1.0841255624347828,-10.94667,0.0
2018,2,22,1.0699052493913044,-12.30333,0.0
2018,2,23,1.0536061773913044,-8.44,0.0
2018,2,24,1.025789736,-8.483334,1.447518
2018,2,25,1.0059999840000002,-9.353333,4.572668
2018,2,26,1.062506003478261,-13.89333,0.0
2018,2,27,1.0479685147826088,-21.73667,0.0
2018,2,28,0.9801378000000003,-26.17667,0.0
2018,3,1,0.992236507826087,-24.40667,0.0
2018,3,2,1.004651450181818,-19.10667,1.605826
2018,3,3,1.0099592013913046,-11.59333,2.450228
2018,3,4,0.9886200000000002,-15.49333,0.0
2018,3,5,0.9623353439999999,-13.53,0.0
2018,3,6,0.9407181662608697,-12.41333,0.7162108
2018,3,7,0.952990296,-9.9,2.055209
2018,3,8,1.121133888,-8.046667,2.242205
2018,3,9,0.9848158559999999,-11.55333,0.0
2018,3,10,0.9880076400000002,-14.04667,0.0
2018,3,11,0.979765752,-11.45667,6.551492
2018,3,12,0.9358092688695653,-8.193334,2.533966
2018,3,13,0.905601288,-10.97,0.0
2018,3,14,1.009165152,-14.95333,0.0
2018,3,15,0.9440223634285714,-11.98667,0.0
2018,3,16,0.9321571283478263,-17.55667,0.0
2018,3,17,0.879537816,-18.4,0.0
2018,3,18,0.8529491895652175,-11.23,0.0
2018,3,19,0.904246296,-5.153333,2.225363
2018,3,20,0.8717102107826087,-5.826667,0.0
2018,3,21,0.832703315478261,-4.28,0.0
2018,3,22,0.828149784,-4.516666,0.0
2018,3,23,0.8277096,-2.926667,0.1541472
2018,3,24,0.820935504,-2.956667,0.0
2018,3,25,0.8226529419130435,-3.716667,0.2962293
2018,3,26,0.815138832,-10.23333,0.0
2018,3,27,0.7742010991304348,-15.03333,0.0
2018,3,28,0.774870144,-14.25,0.0
2018,3,29,0.7876745965714286,-13.86667,0.0
2018,3,30,0.788424392347826,-14.62667,0.0
2018,3,31,0.7890308400000001,-14.86333,0.0
2018,4,1,0.791632848,-15.78333,0.0
2018,4,2,0.8055991199999999,-14.15333,0.0
2018,4,3,0.7980768500869565,-12.78667,4.503398
2018,4,4,0.8064412887272727,-5.056667,1.293239
2018,4,5,0.8111865338181818,-4.726666,4.28194
2018,4,6,0.8129318639999998,-6.193333,0.0
2018,4,7,0.794952768,-4.426666,1.826761
2018,4,8,0.78714276,-1.27,3.381577
2018,4,9,0.7974750720000001,-2.736667,7.282451
2018,4,10,0.796254528,-4.763333,0.0
2018,4,11,0.7891737839999998,-4.546667,0.0
2018,4,12,0.803365896,-3.683333,0.0
2018,4,13,0.7949509732173913,-2.23,0.0
2018,4,14,0.796426632,1.553333,0.0
2018,4,15,0.814102104,1.936667,0.0
2018,4,16,0.8429850959999998,1.4,0.0
2018,4,17,0.8451563102608697,2.506666,1.98387
2018,4,18,0.988521696,3.196667,0.0
2018,4,19,1.105211592,3.9,0.0
2018,4,20,1.3455012043636363,4.333333,2.491334
2018,4,21,1.4086515506086956,1.35,0.0
2018,4,22,1.4017794198260867,1.22,3.740888
2018,4,23,1.5439011599999997,0.06333339,6.072425
2018,4,24,1.5737425669565213,0.04666662,0.0
2018,4,25,1.5360818838260872,-1.206667,0.7011948
2018,4,26,1.4466113803636362,-1.276667,0.0
2018,4,27,1.3983343440000002,-1.256667,0.0
2018,4,28,1.403474312347826,-0.8066666,0.65271
2018,4,29,1.4343815127272728,-2.24,0.1744491
2018,4,30,1.4266355956363637,-1.116667,3.766307
2018,5,1,1.4393344194782607,-2.903333,3.784193
2018,5,2,1.4135035241739133,-0.1600001,2.648649
2018,5,3,1.5428100146086954,-1.593333,7.28881
2018,5,4,1.5666679767272726,0.2233334,0.4144897
2018,5,5,1.8290334994285713,4.836666,0.0
2018,5,6,3.112819675826087,4.966667,1.880797
2018,5,7,4.993642368,5.35,0.0
2018,5,8,6.5232248727272735,6.893334,0.0
2018,5,9,8.953159429565218,7.55,0.0
2018,5,10,12.88260096,7.62,12.54405
2018,5,11,16.21272283826087,3.246667,4.371838
2018,5,12,12.985751457391302,6.08,0.0
2018,5,13,11.28443544,6.876667,0.0
2018,5,14,10.793168890434782,8.926665,0.0
2018,5,15,10.76045808,9.676665,0.0
2018,5,16,10.70211552,5.226666,0.0
2018,5,17,9.365409140869565,2.81,0.0
2018,5,18,7.995467019130435,4.586666,0.0
2018,5,19,6.91684632,5.916667,0.0
2018,5,20,6.266219956363636,6.456666,0.0
2018,5,21,5.7557295119999985,8.92,0.0
2018,5,22,5.6154509039999985,9.103333,0.0
2018,5,23,5.6003532,8.989999,0.0
2018,5,24,5.8003338490434775,11.28666,0.0
2018,5,25,5.855499621818181,9.823334,0.0
2018,5,26,5.980334321454547,10.70667,0.0
2018,5,27,5.84383076452174,12.56333,0.0
2018,5,28,5.601897391304348,11.88,0.0
2018,5,29,5.671518811826088,13.24333,0.0
2018,5,30,5.999416677818181,14.67667,0.0
2018,5,31,6.487585055999999,15.55667,0.0
2018,6,1,7.143318719999999,13.28333,0.0
2018,6,2,6.9659913599999985,13.29667,0.0
2018,6,3,6.8735279127272735,12.84,0.0
2018,6,4,6.5724144,7.22,0.0
2018,6,5,5.9161068,4.606667,0.0
2018,6,6,4.965394512,7.726666,0.0
2018,6,7,4.176748176,9.706667,0.0
2018,6,8,3.690757272,11.65333,0.0
2018,6,9,3.436051392,12.81333,0.0
2018,6,10,3.5365533495652173,11.61333,11.67677
2018,6,11,4.090642128000002,10.23333,0.0
2018,6,12,4.307163364173913,8.746666,0.0459075
2018,6,13,4.402266624,7.333333,0.0
2018,6,14,4.154984232,7.0,4.389708
2018,6,15,4.889953911272727,4.313333,0.0
2018,6,16,5.033889312,6.386667,2.014011
2018,6,17,4.518363144,6.076666,2.526692
2018,6,18,3.8929087817142856,5.996667,1.713258
2018,6,19,3.4071606093913047,3.893333,0.7432768
2018,6,20,3.003154159304348,4.056666,0.0
2018,6,21,2.507527536,2.916667,0.8852638
2018,6,22,2.1201414959999996,3.53,0.0
2018,6,23,1.848164064,6.03,0.0
2018,6,24,1.71730008,7.363333,0.0
2018,6,25,1.6435344960000002,11.92667,0.0
2018,6,26,1.6465692567272727,12.80333,0.0
2018,6,27,1.675165536,14.27,0.0
2018,6,28,1.732958688,9.243333,0.0
2018,6,29,1.7786082000000003,7.193333,0.0
2018,6,30,1.8003094559999997,10.58667,0.0
2018,7,1,1.7995107360000002,14.88667,0.0
2018,7,2,1.785903312,14.14667,0.0
2018,7,3,1.8063028800000003,13.75333,0.0
2018,7,4,1.8231008203636363,16.25667,0.0
2018,7,5,1.8818864399999997,15.66667,0.0
2018,7,6,1.9975949934545454,10.76,0.0
2018,7,7,2.0706399600000003,10.32667,0.0
2018,7,8,2.047689792,12.07333,0.5537593
2018,7,9,1.9809459936,6.71,0.0
2018,7,10,1.872077184,12.12,0.0
2018,7,11,1.816409112,13.56667,0.0
2018,7,12,1.867781856,12.39,3.121296
2018,7,13,2.022832695272727,13.01,3.858279
2018,7,14,2.0560632041739133,14.03667,0.0
2018,7,15,2.11447092,15.29667,0.0
2018,7,16,2.1816099840000005,17.04333,0.0
2018,7,17,2.2652162879999995,13.94333,4.729361
2018,7,18,2.43344448,11.81667,5.873188
2018,7,19,2.9112323728695655,13.04667,0.0
2018,7,20,3.1438597648695654,14.03667,0.0
2018,7,21,3.0984318,13.18,0.0
2018,7,22,2.984845872,13.53333,0.0
2018,7,23,2.8611000719999993,13.0,0.0
2018,7,24,2.733282707478261,14.70667,4.676612
2018,7,25,2.730441,13.19,0.0
2018,7,26,2.794104119999999,13.74,0.0
2018,7,27,2.708483904000001,17.28,0.0
2018,7,28,2.7156003119999994,14.45667,27.3338
2018,7,29,5.080729824,14.12667,2.549772
2018,7,30,5.120016061090909,11.15,0.0
2018,7,31,4.866896998956522,13.49333,14.82056
2018,8,1,5.5081412953043465,13.02,0.0
2018,8,2,5.007188664,10.27,0.0
2018,8,3,4.447830288,10.56667,3.946029
2018,8,4,3.8370372720000008,11.02,0.0
2018,8,5,3.2804469704347827,7.336666,0.1960685
2018,8,6,3.003802835478261,7.306667,0.1088557
2018,8,7,2.5608169377391308,11.93,0.0
2018,8,8,2.3829727304347825,11.61667,15.73209
2018,8,9,2.766510528,9.226665,7.798123
2018,8,10,3.772217543999999,6.400001,35.34976
2018,8,11,7.043578685217392,6.49,0.0
2018,8,12,5.619295950545455,5.46,0.0
2018,8,13,4.892854824,6.576666,0.0
2018,8,14,4.112650176,8.326666,0.0
2018,8,15,3.438288826434783,8.613333,1.65945
2018,8,16,3.327964340869565,9.179999,16.51287
2018,8,17,4.582595645217391,6.736667,0.0
2018,8,18,4.876854384,6.383333,2.794311
2018,8,19,4.943279783999999,6.72,0.0
2018,8,20,4.529241072,3.91,0.0
2018,8,21,3.8883522763636362,5.51,0.0
2018,8,22,3.192617664,7.863334,3.555096
2018,8,23,2.9916793439999996,6.18,0.0
2018,8,24,2.977546608000001,4.736667,19.98722
2018,8,25,3.9728695679999992,3.44,0.467633
2018,8,26,3.5592490267826093,1.976667,0.0
2018,8,27,3.2199916132173914,2.68,0.4555006
2018,8,28,2.8309942320000006,7.463334,0.0
2018,8,29,2.5112940960000008,6.576666,4.561984
2018,8,30,2.362806196363637,5.12,0.06655955
2018,8,31,2.309320066909091,5.173333,0.0
2018,9,1,2.229681864,5.44,0.0
2018,9,2,2.0599328222608695,9.52,0.0
2018,9,3,1.914105552,7.736667,0.0
2018,9,4,1.8744092880000003,8.343333,0.0
2018,9,5,1.831813536,7.91,4.262146
2018,9,6,1.9332073679999997,7.653334,3.116455
2018,9,7,2.119351464,7.319999,0.0
2018,9,8,2.236176552,6.24,7.246355
2018,9,9,3.026776872,5.27,18.4157
2018,9,10,4.945298036869565,5.263333,1.988487
2018,9,11,5.464926336,2.876667,4.975889
2018,9,12,5.525574561391306,2.643333,1.582219
2018,9,13,4.959346128,2.256666,1.285415
2018,9,14,4.198076928,2.03,3.972008
2018,9,15,3.797120783999999,0.6099999,0.0
2018,9,16,3.269928698181818,1.386667,2.687924
2018,9,17,2.906337549913043,3.203333,1.940529
2018,9,18,2.687715312,8.77,0.0
2018,9,19,2.8308486632727274,9.02,1.953195
2018,9,20,3.3741541314782615,3.053334,1.770424
2018,9,21,3.7175382,0.313333,16.96298
2018,9,22,4.229069184,1.3,0.0
2018,9,23,3.800356165565218,-1.26,0.0
2018,9,24,3.251474120347826,-2.896667,0.0
2018,9,25,2.84586936,0.3833334,3.479513
2018,9,26,2.4745060114285717,1.793333,3.04352
2018,9,27,2.312978913391304,-1.116667,3.806014
2018,9,28,2.101703088,-2.77,0.7928483
2018,9,29,1.9099704459130433,-0.2400001,1.244378
2018,9,30,1.8199242907826088,-0.3699999,0.0
2018,10,1,1.7261313057391308,-1.44,2.575539
2018,10,2,1.642137528,-2.88,1.423015
2018,10,3,1.581391824,-2.423333,1.04376
2018,10,4,1.5220012132173912,-1.18,5.482341
2018,10,5,1.50900012,-0.41,0.06280148
2018,10,6,1.4747490031304347,-2.48,0.0
2018,10,7,1.4314604744347823,-3.213333,2.049064
2018,10,8,1.40606688,0.2133333,2.782463
2018,10,9,1.4148207883636363,3.946667,2.706225
2018,10,10,1.4719349426086956,5.793333,0.0
2018,10,11,1.550348808,5.133334,0.0
2018,10,12,1.701961369043478,5.846666,2.713073
2018,10,13,1.90057728,10.47,6.352767
2018,10,14,5.4930339490909095,10.52,12.80558
2018,10,15,9.9002472,0.81,0.0
2018,10,16,10.21849008,0.8399999,0.0
2018,10,17,8.049536389565217,3.003333,0.2798171
2018,10,18,5.933424024,-0.5433334,0.0
2018,10,19,4.422179895652174,-0.9666663,1.039011
2018,10,20,3.4042689120000005,-0.02666676,0.6883261
2018,10,21,2.767132488,1.953333,4.654981
2018,10,22,2.323765704,-2.383333,3.595278
2018,10,23,1.9393020187826087,-2.68,0.0
2018,10,24,1.7308140720000003,-2.55,3.098246
2018,10,25,1.6073015926153846,-2.813333,0.0
2018,10,26,1.504034605714286,-6.36,0.0
2018,10,27,1.419972601263158,-8.18,0.0
2018,10,28,1.3096858079999998,-12.55333,0.0
2018,10,29,1.2565913071304347,-11.75333,3.645305
2018,10,30,1.2249542016000001,-7.423334,5.265878
2018,10,31,1.258087164631579,-1.746667,3.02492
2018,11,1,1.230643584,-1.87,8.058415
2018,11,2,1.2290282295652173,-1.126666,5.858468
2018,11,3,1.2104530059130434,-3.493333,1.084825
2018,11,4,1.1985387120000004,1.533333,0.0
2018,11,5,1.181028384,-0.6699998,0.0
2018,11,6,1.159154469818182,0.5,0.0
2018,11,7,1.1372385975652173,0.7900009,0.0
2018,11,8,1.1195192848695654,0.48,0.0
2018,11,9,1.1078701356521736,-2.033333,2.604764
2018,11,10,1.1119228363636364,-0.8633332,15.80982
2018,11,11,1.3555248720000004,0.03999949,20.70745
2018,11,12,1.7533447199999996,-0.1833334,1.277953
2018,11,13,1.621840956631579,-2.146667,0.0
2018,11,14,1.4699964096,-1.756667,0.0879221
2018,11,15,1.3936405439999997,2.35,0.0
2018,11,16,1.3551206149565216,1.466666,0.0
2018,11,17,1.31103312,0.273334,0.0
2018,11,18,1.28736948,-0.8333335,0.0
2018,11,19,1.2324170128695653,-4.593333,0.0
2018,11,20,1.1799297656470589,-5.766667,0.0
2018,11,21,1.1584234996363636,-8.666667,0.0
2018,11,22,1.110665504,-8.959999,0.0
2018,11,23,1.1054433975652176,-10.4,0.0
2018,11,24,1.0855207567058824,-11.4,0.0
2018,11,25,1.0613104128,-13.21667,0.0
2018,11,26,1.0421690530909093,-13.05,0.0
2018,11,27,1.0365901714285715,-13.12667,0.0
2018,11,28,1.0083042189473683,-11.13,5.081255
2018,11,29,1.0488473944615384,-2.783334,3.966265
2018,11,30,1.0523705417142855,-0.3900003,5.01464
2018,12,1,1.0174681152,-2.263334,0.0
2018,12,2,0.974245224,-3.059999,4.908365
2018,12,3,0.95140536,-3.42,4.590505
2018,12,4,0.9337714560000001,-6.716667,1.043332
2018,12,11,0.7109952192,-9.343333,0.0
2018,12,12,0.695956776,-16.49333,0.0
2018,12,13,0.730186776,-17.61333,0.0
2018,12,14,0.7892471943529412,-18.87,0.0
2018,12,15,0.7795001664000001,-16.15333,3.248754
2018,12,16,0.8297052104347826,-8.453333,2.57346
2018,12,17,0.8112602356363635,-11.31,0.0
2018,12,18,0.797960184,-13.78,0.0
2018,12,19,0.7749078260869565,-8.139999,4.777969
2018,12,28,0.7085071767272727,-3.81,0.0
2018,12,29,0.7665136457142857,-4.39,0.3171229
2018,12,30,0.8232397714285714,-6.416666,5.571675
2018,12,31,0.9042226863157895,-1.326667,5.365581
2019,1,1,0.8456174262857145,-5.05,6.209408
2019,1,2,0.7572019199999999,-6.173333,0.3335356
2019,1,3,0.7574447760000002,-1.589999,0.0
2019,1,4,0.7848753307826086,2.986668,0.0
2019,1,5,0.79165812,0.460001,0.0
2019,1,6,0.7398561840000002,-2.583333,0.0
2019,1,7,0.7114388845714286,-6.46,5.070868
2019,1,8,0.711352416,-4.943333,0.1372786
2019,1,9,0.7142858295652175,-6.69,0.0663439
2019,1,10,0.7379595046956522,-1.756666,0.0
2019,1,11,0.7582651199999998,-3.34,0.7218339
2019,1,12,0.68472252,-7.173333,1.460092
2019,1,13,0.706462948173913,-7.483334,3.816453
2019,1,14,0.7454943120000002,-9.343333,6.294391
2019,1,15,0.826950744,-12.21,4.125953
2019,1,16,0.9225079592727273,-12.39,6.677083
2019,1,17,1.1472661200000003,-10.55667,0.07487929
2019,1,18,1.40667024,-11.39667,3.328638
2019,1,19,1.6507340159999997,-8.186666,0.0
2019,1,20,1.77139188,-15.00333,1.921726
2019,1,21,2.1236670240000004,-14.81667,0.0
2019,1,22,2.66606952,-16.23667,0.0
2019,1,23,3.416439744,-14.43333,0.0
2019,1,24,3.649260096,-15.25667,0.0
2019,1,25,3.476473872,-14.74,2.48383
2019,1,26,3.341371792695652,-11.66667,2.229254
2019,1,27,3.0857139120000006,-13.54667,3.338972
2019,1,28,2.97878424,-18.12667,0.5999892
2019,1,29,2.787101808,-19.30333,0.0
2019,1,30,2.798200011130435,-14.59667,0.0
2019,1,31,2.644553592,-11.50333,3.534502
2019,2,1,2.5176529001739127,-10.10333,3.154349
2019,2,2,2.3030826414545453,-14.87,0.287454
2019,2,3,2.007882336,-19.71,0.0
2019,2,4,2.088495888,-13.13667,2.370533
2019,2,5,1.7276341440000003,-11.39333,0.0
2019,2,6,1.553230839272727,-13.15667,2.311584
2019,2,7,1.419427283478261,-9.286666,3.154375
2019,2,8,1.45920204,-9.133332,3.938354
2019,2,9,1.3230680203636362,-4.68,1.405329
2019,2,10,1.271488848,-10.07667,0.3086423
2019,2,11,1.1224567679999997,-8.903332,0.9266375
2019,2,12,1.0042782,-6.49,3.801274
2019,2,13,1.0421975958260867,-2.376666,0.0
2019,2,14,0.9184631862857143,1.909999,0.1507236
2019,2,15,0.8679235810909092,2.116665,0.0
2019,2,16,0.8106991387826088,-1.360001,0.0
2019,2,17,0.8721636,-3.946666,0.0
2019,2,18,0.7727971440000002,-0.6033335,0.0
2019,2,19,0.790551432,-2.443333,0.7636482
2019,2,20,0.75339324,-5.803333,5.316211
2019,2,21,0.7369549003636365,-3.433333,0.5007119
2019,2,22,0.7878452858181818,-1.219999,0.0
2019,2,23,0.773453184,1.866667,0.0
2019,2,24,0.789490272,0.5199995,0.0
2019,2,25,0.806221704,0.126667,0.0
2019,2,26,0.8690620382608697,0.3500004,0.0
2019,2,27,0.8244102678260868,-0.1400003,0.0
2019,2,28,0.806938776,-3.413333,0.0
2019,3,1,0.7919647888695651,-7.41,0.0
2019,3,2,0.764121552,-5.68,2.74317
2019,3,3,0.7757690212173913,-5.003333,2.979712
2019,3,4,0.7668587258181817,-5.626666,0.885508
2019,3,5,0.7769355464347827,-8.369999,2.273124
2019,3,6,0.8029335067826087,-8.183333,4.022038
2019,3,7,0.7819071447272726,-6.5,3.438086
2019,3,8,0.7535097839999998,-8.446667,0.06239939
2019,3,9,0.6815144552727272,-13.04667,0.446565
2019,3,10,0.6809706406956523,-11.66667,0.08319914
2019,3,11,0.8175167749565216,-12.37,0.0
2019,3,12,0.7538342650434783,-12.96,11.5372
2019,3,13,0.791664576,-9.653333,4.316291
2019,3,14,0.816122856,-10.29,0.0
2019,3,15,0.7901065377391303,-10.67333,0.1004825
2019,3,16,0.7680769919999998,-9.596667,4.250017
2019,3,17,0.7687703707826087,-7.633333,6.21828
2019,3,18,0.7727466740869565,-6.43,0.3997871
2019,3,19,0.830652816,-6.619999,0.563527
2019,3,20,0.8643648240000001,-3.176667,2.233748
2019,3,21,0.7959040320000002,-2.133334,0.0
2019,3,22,0.795813432,-2.856666,0.0
2019,3,23,0.795024288,-4.706667,4.910709
2019,3,24,0.7923655846956522,-3.813333,0.0
2019,3,25,0.808411224,-4.48,0.0
2019,3,26,0.7537308104347826,-4.893333,0.0
2019,3,27,0.8245617407999999,-1.290001,0.0
2019,3,28,0.8900013599999999,2.316666,0.0
2019,3,29,0.943158744,1.926667,0.0
2019,3,30,0.9729395812173913,-2.95,1.035051
2019,3,31,0.819853176,-7.88,0.0
2019,4,1,0.8110481947826087,-6.166667,0.0
2019,4,2,0.8404153440000002,-4.933333,0.0
2019,4,3,0.8182879439999998,-3.526667,0.0
2019,4,4,0.7896047415652173,-0.6066666,0.0
2019,4,5,0.7966722114782608,-2.18,0.0
2019,4,6,0.790390512,-1.063333,0.0
2019,4,7,0.7733178156521738,-5.306666,0.0
2019,4,8,0.749627976,-7.616667,0.0
2019,4,9,0.7397189092173914,-8.556666,0.0
2019,4,10,0.7174302479999999,-10.42,0.0
2019,4,11,0.757068144,-8.74,0.0
2019,4,12,0.7063379812173913,-6.066667,0.0
2019,4,13,0.7238407930434784,-4.763333,0.0
2019,4,14,0.6931296500869564,-3.973333,0.0
2019,4,15,0.72183372,-2.62,0.0
2019,4,16,0.7073269732173914,-1.643333,0.0
2019,4,17,0.6934663919999998,-1.776667,0.0
2019,4,18,0.7242758483478262,-0.1900003,0.0
2019,4,19,0.7480087069090908,2.806667,0.0
2019,4,20,0.8304602462608697,2.926667,0.0
2019,4,21,0.87978804,4.03,0.0
2019,4,22,0.999391152,5.700001,0.0
2019,4,23,1.253571456,4.173334,0.0
2019,4,24,1.4386781040000003,3.636666,0.0
2019,4,25,1.522304712,2.793333,0.6096624
2019,4,26,1.5525706601739133,4.113334,0.7075552
2019,4,27,1.920472944,3.783333,0.4437979
2019,4,28,2.842847688,5.63,0.0
2019,4,29,3.5103372605217387,7.369999,0.0
2019,4,30,3.9630415156363634,6.456666,0.0
2019,5,1,3.915346296,1.783333,3.332945
2019,5,2,3.269509782260869,-5.13,2.004013
2019,5,3,2.550463152,-6.696666,0.212467
2019,5,4,2.084914104,-4.19,0.1247987
2019,5,5,1.815776928,-4.196667,1.143156
2019,5,6,1.6644484674782607,-5.4,0.0
2019,5,7,1.5346317161739127,-5.426666,0.07487917
2019,5,8,1.4582068320000003,-4.856667,0.1751614
2019,5,9,1.414710936,-3.863333,12.67254
2019,5,10,1.4801402094545453,-1.04,16.07548
2019,5,11,1.7209886661818181,-2.936667,1.860481
2019,5,12,1.573687671652174,-3.896667,0.0
2019,5,13,1.4970461384347824,-2.136666,0.0
2019,5,14,1.4873551854545453,1.246667,0.0
2019,5,15,1.607088933818182,3.606667,0.0
2019,5,16,1.767165,5.07,0.0
2019,5,17,2.039470848,6.949999,0.0
2019,5,18,2.551452980869565,3.93,5.035024
2019,5,19,3.568571496,5.276667,4.333495
2019,5,20,4.662554162086956,7.346666,7.357858
2019,5,21,5.992827168,8.570001,9.575234
2019,5,22,9.24897024,8.289999,6.309677
2019,5,23,12.789480959999997,5.909999,1.894004
2019,5,24,10.859593483636363,3.83,0.4119431
2019,5,25,9.108242671304348,3.74,8.685253
2019,5,26,7.914092159999999,1.103333,1.144716
2019,5,27,6.348009207272726,0.6933334,2.440743
2019,5,28,5.310167641043479,-2.02,1.671365
2019,5,29,4.243482732521739,-2.18,0.2044277
2019,5,30,3.44362333773913,-0.8733335,2.168291
2019,5,31,2.906802648,0.8099999,3.002161
2019,6,1,2.6018711624347826,1.576666,2.335064
2019,6,2,2.323654998260869,5.103333,5.837471
2019,6,3,3.818607677217391,6.806667,0.0
2019,6,4,4.606025146434782,5.343333,0.0
2019,6,5,4.693682120727272,3.94,2.952309
2019,6,6,4.675591471304348,10.03667,5.022236
2019,6,7,7.841858640000002,9.036667,8.845117
2019,6,8,8.349365061818181,8.043334,2.847799
2019,6,9,8.329738319999999,6.163333,1.53014
2019,6,10,7.516578501818182,5.403333,0.0
2019,6,11,6.4300605599999985,7.193333,0.6804211
2019,6,12,5.580219130434783,4.266666,6.192862
2019,6,13,5.260212968727274,4.483333,2.984864
2019,6,14,4.834871073391305,8.086666,0.0
2019,6,15,4.186035172173913,11.05667,0.0
2019,6,16,3.959577408000001,8.33,2.782181
2019,6,17,3.8337608640000007,9.186666,0.6969273
2019,6,18,3.6656889683478253,7.206667,0.4881783
2019,6,19,3.448084948363636,7.199999,4.24694
2019,6,20,3.3414791540869566,8.5,4.7922
2019,6,21,3.364634352000001,6.533333,0.2045083
2019,6,22,3.1198909773913046,3.856667,0.0
2019,6,23,2.7366157680000005,4.87,0.0
2019,6,24,2.3468890601739134,7.62,4.030825
2019,6,25,2.1902739339130433,7.13,4.402066
2019,6,26,2.2300872720000005,9.03,0.0
2019,6,27,2.1531926674285717,7.01,0.0
2019,6,28,2.118770064,10.01,0.0
2019,6,29,2.105502624,12.54667,1.64976
2019,6,30,2.330458334608696,9.62,7.512076
2019,7,1,2.918376888,6.583333,1.911556
2019,7,2,2.9763144,2.273334,1.594554
2019,7,3,2.799910752,1.193334,3.099129
2019,7,4,2.408483169391304,1.846666,0.0
2019,7,5,1.9987667060869567,5.15,2.812989
2019,7,6,1.77003408,5.046666,2.613221
2019,7,7,1.6683264240000004,6.033333,0.0
2019,7,8,1.557459072,5.596666,0.0
2019,7,9,1.4834076480000002,7.416667,0.0
2019,7,10,1.442669112,11.15667,0.0
2019,7,11,1.406807699478261,12.85667,0.0
2019,7,12,1.398970656,14.66333,0.0
2019,7,13,1.416496520347826,13.09667,0.0
2019,7,14,1.440324024,11.75,0.0
2019,7,15,1.464414216,8.516666,0.2999339
2019,7,16,1.500463972173913,10.18667,0.0
2019,7,17,1.498008144,11.22333,0.0
2019,7,18,1.5021769920000003,11.60667,1.562077
2019,7,19,1.5128452319999997,9.516666,3.414481
2019,7,20,1.5853657961739134,8.923333,9.783307
2019,7,21,2.0975147869090907,8.826667,10.88483
2019,7,22,3.188082,10.19667,2.397236
2019,7,23,3.5286248290909095,13.21,0.0
2019,7,24,3.6294105120000006,16.58333,0.0
2019,7,25,3.4873252800000007,17.41667,0.0
2019,7,26,3.3663059931428574,17.07,0.0
2019,7,27,3.143540352,16.53,0.0
2019,7,28,2.955719688,16.73667,0.0
2019,7,29,2.840791464,16.28667,12.50282
2019,7,30,2.8789348559999994,8.429999,11.19793
2019,7,31,2.8275195599999994,6.24,0.0
2019,8,1,2.527372656,10.85,0.0
2019,8,2,2.213906424,12.71333,0.0
2019,8,3,2.015459328,12.30333,0.0
2019,8,4,1.8526512,12.22,0.0
2019,8,5,1.79367972,11.06,1.578115
2019,8,6,1.7963867279999997,9.383333,5.754889
2019,8,7,1.794539448,9.276666,7.13005
2019,8,8,1.9091830800000003,9.176666,6.035911
2019,8,9,1.9186618123636368,10.47,4.145598
2019,8,10,1.9307470914782607,8.32,7.694596
2019,8,11,2.9029530240000008,10.60333,4.851113
2019,8,12,3.1316506184347825,9.373333,14.39395
2019,8,13,5.4056296737391305,5.56,8.128402
2019,8,14,5.624200311652174,5.006666,0.0
2019,8,15,5.222978521043478,6.546666,6.683792
2019,8,16,4.3106013216,9.45,2.251893
2019,8,17,4.634735616,7.85,17.12805
2019,8,18,6.275597384347827,7.103333,0.3379498
2019,8,19,5.545270896,6.543333,0.0
2019,8,20,4.695736545391304,6.179999,0.0
2019,8,21,3.7634276879999993,4.526667,0.0
2019,8,22,3.1167499287272733,3.613334,3.549667
2019,8,23,2.738525684869565,6.423333,0.8810782
2019,8,24,2.46220716,9.236666,0.0
2019,8,25,2.336109864,11.46333,0.0
2019,8,26,2.314911901090909,11.64333,0.0
2019,8,27,2.201569946181818,13.06,0.0
2019,8,28,2.224019820521739,11.65,6.664268
2019,8,29,2.805561922909091,9.966667,7.133942
2019,8,30,3.07349352,7.476667,1.862025
2019,8,31,3.664025856,11.12333,2.378275
2019,9,1,3.9908500079999993,7.55,1.532986
2019,9,2,3.722406586434783,3.799999,6.202405
2019,9,3,3.2296257949090905,2.48,0.0
2019,9,4,2.7165699673043475,1.316667,15.77775
2019,9,5,2.761843717565217,1.796667,0.8965926
2019,9,6,2.463265828173913,1.99,0.0
2019,9,7,2.07430668,2.613333,0.0
2019,9,8,1.8209444845714282,2.373333,0.0
2019,9,9,1.6975530406956523,5.23,0.733104
2019,9,10,1.6062578170434783,6.629999,0.0
2019,9,11,1.5418465658181817,6.633333,1.681416
2019,9,12,1.509738672,4.023333,1.34474
2019,9,13,1.4877279860869566,1.586667,0.9057039
2019,9,14,1.499028655304348,2.573333,6.224531
2019,9,15,1.514644968,2.123333,2.900203
2019,9,16,1.525033152,0.8733337,0.1753085
2019,9,17,1.572372264,-0.4766662,0.2458413
2019,9,18,1.4413488479999996,0.4533331,0.0
2019,9,19,1.3702867450434784,0.09666705,2.937372
2019,9,20,1.345056367304348,5.456667,0.0
2019,9,21,1.3094935405714283,7.55,0.0
2019,9,22,1.268857344,7.596666,0.0
2019,9,23,1.2493345335652173,5.426666,0.0
2019,9,24,1.2345251979130436,4.593333,0.0
2019,9,25,1.2209535359999997,3.856667,0.0
2019,9,26,1.20397392,2.956667,0.9142405
2019,9,27,1.2261352560000003,2.27,12.21674
2019,9,28,1.36284132,3.64,2.617418
2019,9,29,1.352949192,4.086667,2.513127
2019,9,30,1.3382531345454547,-1.216667,2.359445
2019,10,1,1.3097984556521742,-0.2333335,1.900578
2019,10,2,1.287485064,0.6699998,0.4685545
2019,10,3,1.28259492,-2.276667,3.649333
2019,10,4,1.2589721280000004,-4.376667,0.0
2019,10,5,1.2021942479999996,-5.686667,0.0
2019,10,6,1.1565450156521737,-4.726666,0.0
2019,10,7,1.13021856,-3.113333,1.475618
2019,10,8,1.117597824,-2.626667,1.19717
2019,10,9,1.0953069495652172,-1.416667,0.0
2019,10,10,1.077608112,-0.9766667,0.1755228
2019,10,11,1.0569088930909087,-1.11,1.17221
2019,10,12,1.045233864,-0.6833333,2.036997
2019,10,13,1.0375655039999998,-1.816667,0.7102256
2019,10,14,1.02332904,-1.56,0.0
2019,10,15,1.0086623999999997,-0.7133333,1.683764
2019,10,16,1.0077738960000002,-0.2766666,3.81923
2019,10,17,1.020298476521739,0.05666661,1.91491
2019,10,18,1.01691348,-0.5133334,0.1423502
2019,10,19,1.0091215721739129,-1.216666,0.146055
2019,10,20,0.9957700079999998,-2.103333,0.0
2019,10,21,0.9732719332173911,-2.933333,0.0
2019,10,22,0.97020012,2.06,0.6307287
2019,10,23,1.0117293746086957,1.406667,0.0
2019,10,24,1.0325657454545454,1.27,9.881039
2019,10,25,1.2858066281739127,-1.143333,7.125707
2019,10,26,1.279105968,-6.02,0.0
2019,10,27,1.172421768,-5.906667,0.0
2019,10,28,1.1461173905454545,-4.346666,0.0
2019,10,29,1.0994460959999997,-4.403333,0.0
2019,10,30,1.0813213690434784,-3.9,0.7841796
2019,10,31,1.067094528,-2.68,0.0
2019,11,1,1.0506021381818182,-5.816667,0.0
2019,11,2,1.0270619279999997,-6.91,0.0
2019,11,3,0.993860976,-9.716666,0.0
2019,11,4,0.9331795199999998,-11.67667,0.0
2019,11,5,0.9357005951999999,-11.07,0.0
2019,11,6,0.9381342632727273,-9.916666,0.05442798
2019,11,7,0.9234246427826087,-10.07,0.2805133
2019,11,8,0.8927465279999999,-11.51333,1.626774
2019,11,9,0.8816743846956522,-9.82,2.050498
2019,11,10,0.8871651839999999,-10.66,0.4863251
2019,11,11,0.8666285885217393,-11.21,1.580046
2019,11,12,0.8548823707826086,-7.576666,4.966282
2019,11,13,0.859053024,-6.29,0.04173398
2019,11,14,0.820585752,-9.8,0.0
2019,11,15,0.744321654857143,-10.81667,0.0
2019,11,16,0.8369620591304349,-6.826667,4.213608
2019,11,17,0.9040300466086957,-6.366666,0.0
2019,11,18,0.8687737782857141,-6.733333,25.43753
2019,11,19,0.9128733359999999,-5.599999,2.935523
2019,11,20,0.870347856,-11.54667,0.0
2019,11,21,0.957453456,-4.733333,3.187952
2019,11,22,1.0042184097391305,-2.38,3.500151
2019,11,23,0.9230197876363637,-2.056667,1.576345
2019,11,24,0.8792527304347827,-1.296667,0.0
2019,11,25,0.848666928,-2.646666,0.0
2019,11,26,0.827337696,-3.823333,3.216427
2019,11,27,0.820899172173913,-4.646667,2.375029
2019,11,28,0.8097655429565217,-7.706666,4.373018
2019,11,29,0.7737877815652173,-7.74,0.0
2019,11,30,0.828673032,-10.16333,0.0
2019,12,1,0.9034998960000001,-8.823334,0.9513564
2019,12,2,1.099915330909091,-9.929999,1.975538
2019,12,3,1.2048207526956523,-0.8666673,3.024156
2019,12,4,1.3563515019130434,1.71,0.0
2019,12,5,1.322775768,-2.316667,7.902942
2019,12,6,1.220180664,-2.97,0.2294818
2019,12,7,1.1424377488695654,-7.636667,3.989911
2019,12,8,1.181637312,-7.91,4.88586
2019,12,9,1.3106106719999997,-6.423334,0.1206388
2019,12,10,1.423184556521739,-9.953333,5.348726
2019,12,11,1.5435806661818183,-3.473333,0.3298978
2019,12,12,1.6233816459130432,-4.723332,0.0
2019,12,13,1.5186541523478263,-8.02,2.424759
2019,12,14,1.496446392,-5.646667,2.891439
2019,12,15,1.3060689307826086,-6.553333,0.872009
2019,12,16,1.12567764,-10.96,0.0
2019,12,17,1.1413923578181817,-13.65333,0.0
2019,12,18,1.659292992,-11.27667,0.0
2019,12,19,2.3752618560000007,-8.86,6.025209
2019,12,20,2.874446658782609,-2.130001,4.126773
2019,12,21,2.795332104,-2.93,0.070948
2019,12,22,2.1367733008695655,-10.83333,0.0
2019,12,23,2.041528632,-11.56333,0.0
2019,12,24,2.5473186532173915,-6.713333,0.2695227
2019,12,25,2.4401198487272726,-8.789999,0.0
2019,12,26,2.227994746434783,-9.563334,0.0
2019,12,27,2.466464784,-14.05667,0.8512086
2019,12,28,2.635643053714286,-6.719999,2.539374
2019,12,29,2.6618677440000007,-0.1766663,2.325418
2019,12,30,1.9667104528695654,0.1966667,1.527149
2019,12,31,1.556943624,-2.233334,0.0
2020,1,1,1.2297392639999998,2.66,0.0
2020,1,2,1.078531416,1.626666,0.6054076
2020,1,3,0.9841938699130435,-5.723333,4.295197
2020,1,4,0.926582184,-7.193333,1.824598
2020,1,5,0.908666395826087,-5.686667,2.281294
2020,1,6,0.9291172006956522,-2.21,0.0
2020,1,7,0.917755512,-2.013332,7.145602
2020,1,8,0.9090408709565216,-2.89,2.879899
2020,1,9,0.913837536,-8.39,0.0
2020,1,10,0.8538285207272727,-13.61,0.0
2020,1,11,0.9826755360000001,-4.363333,6.942664
2020,1,12,1.1034391179130434,-6.466666,2.526115
2020,1,13,1.0203719825454547,-7.763334,3.559247
2020,1,14,1.06463244,-4.093333,2.475445
2020,1,15,1.0378658504347826,-5.496667,1.076262
2020,1,16,1.019742888,-4.389999,1.734624
2020,1,17,1.0119229680000001,-1.983334,1.160241
2020,1,18,0.973293019826087,-5.559999,0.208321
2020,1,19,0.95554824,-3.673334,0.004159927
2020,1,20,0.9374171694545453,1.749999,4.857006
2020,1,21,1.044830867478261,-2.053333,1.454617
2020,1,22,1.116588144,-5.236666,0.0
2020,1,23,1.0317135944347826,0.5500002,0.9139439
2020,1,24,1.026239184,-3.006666,0.0
2020,1,25,0.9973939025454545,-2.433332,0.0
2020,1,26,0.992039816347826,-4.483334,0.0
2020,1,27,0.99225432,-3.756666,2.129161
2020,1,28,0.9562325280000004,-9.889999,3.365379
2020,1,29,0.988754212173913,-7.283333,4.135241
2020,1,30,1.0031727600000002,-11.58333,0.2003095
2020,1,31,1.0241345454545454,-6.473333,3.851733
2020,2,1,1.0272603380869567,-4.466667,1.820452
2020,2,2,1.0023087600000002,-7.426667,0.0
2020,2,3,0.930390384,-13.27,1.285148
2020,2,4,0.9930778560000002,-9.483334,0.361136
2020,2,5,0.9902173273043476,-1.176667,1.180263
2020,2,6,0.9887162159999998,1.213334,0.1332936
2020,2,7,0.957075063652174,-2.066667,0.0
2020,2,8,0.9218502594782607,-3.763333,0.3338433
2020,2,9,0.941406072,-2.94,8.798919
2020,2,10,0.981064176,-4.349999,0.3382041
2020,2,11,1.004566752,-8.966665,2.969204
2020,2,12,1.0753107339130434,-8.013333,1.097318
2020,2,13,1.093389864,-8.67,0.03743964
2020,2,14,1.060896168,-11.15667,1.064052
2020,2,15,1.254587088,-4.523334,9.421782
2020,2,16,1.2346999330909094,-3.196667,5.870133
2020,2,17,1.1022427408695654,-3.036666,3.01903
2020,2,18,1.0499040480000001,-4.489999,0.0
2020,2,19,1.0066361822608696,-8.163333,0.1834143
2020,2,20,0.9853409113043479,-5.356666,4.21377
2020,2,21,0.987078252521739,-4.726667,4.298472
2020,2,22,0.977112504,-4.716666,3.643399
2020,2,23,0.9635589840000002,-5.846667,0.0
2020,2,24,0.949439908173913,-9.110001,0.0
2020,2,25,0.922235904,-13.87667,0.0
2020,2,26,1.080444408,-18.71,0.0
2020,2,27,1.139791579826087,-15.79667,0.0
2020,2,28,1.3478991526956523,-13.22333,0.5302199
2020,2,29,1.331759304,-13.92667,5.492625
2020,3,1,1.4916688779130434,-8.963333,5.477085
2020,3,2,1.5091091561739134,-5.42,2.542379
2020,3,3,1.3851740880000003,-6.876667,6.447546
2020,3,4,1.277422776,-7.816666,3.452993
2020,3,5,1.2295947130434783,-11.29,0.0
2020,3,6,1.12023936,-12.71333,0.0
2020,3,7,1.102642660173913,-11.40667,2.712188
2020,3,8,1.1758252132173914,-1.816666,1.6111
2020,3,9,1.1122422511304346,-3.296667,0.0
2020,3,10,1.1223741992727274,-5.383333,3.570548
2020,3,11,1.0329875520000003,-4.093333,1.131963
2020,3,12,0.9689819039999998,-4.793334,0.5957071
2020,3,13,0.9433593766956523,-11.13667,0.0
2020,3,14,0.8822111177142858,-11.96333,2.276627
2020,3,15,0.9727351680000001,-3.43,3.040005
2020,3,16,0.937528296,-5.42,0.0
2020,3,17,0.908011008,-3.089999,3.582087
2020,3,18,0.892575696,-4.233334,0.0
2020,3,19,0.860828443826087,-4.266666,0.05823958
2020,3,20,0.8541738480000002,-8.333334,0.0
2020,3,21,0.840513730909091,-11.27667,0.0
2020,3,22,0.8649865047272727,-9.293333,0.0
2020,3,23,0.938420808,-4.173334,0.0
2020,3,24,0.8733024751304348,0.7833333,0.0
2020,3,25,0.8666343883636365,2.093334,2.689359
2020,3,26,0.903242568,-1.506667,0.0
2020,3,27,0.862255416,-3.71,0.0
2020,3,28,0.8307739909565217,-8.3,0.0
2020,3,29,0.79662852,-7.163333,0.1622384
2020,3,30,0.8125457947826087,-6.716666,0.0
2020,3,31,0.775880164173913,-2.473333,0.0
2020,4,1,0.764987256,-2.079999,0.0
2020,4,2,0.73688268,-6.67,3.022144
2020,4,3,0.7059549913043478,-9.216667,0.1580784
2020,4,4,0.696047904,-9.573334,0.0
2020,4,5,0.7108843993043479,-4.313333,0.0
2020,4,6,0.6990972960000001,1.28,0.0
2020,4,7,0.7350610726956521,-0.5733333,0.0
2020,4,8,0.7620425405217394,-1.213333,1.202202
2020,4,9,0.7910514281739132,-5.83,0.3619164
2020,4,10,0.7454530643478262,-5.31,0.1788782
2020,4,11,0.7142896612173913,-3.653333,3.18253
2020,4,12,0.6926643923478262,-3.176667,2.698872
2020,4,13,0.6950887920000002,-7.973333,0.2204777
2020,4,14,0.70114524,-1.9,0.2749608
2020,4,15,0.690536808,0.6533334,4.85278
2020,4,16,0.7566524577391305,-4.706666,0.5958155
2020,4,17,0.717910128,-5.373333,0.0
2020,4,18,0.7058523130434783,-2.296667,0.0
2020,4,19,0.733994712,0.9633331,0.0
2020,4,20,0.8182195951304346,2.793333,0.0
2020,4,21,0.89311296,2.866667,0.0
2020,4,22,0.9618332596363637,2.92,0.0
2020,4,23,1.0686040559999999,2.303333,0.0
2020,4,24,1.1454219798260867,-1.276667,0.0
2020,4,25,1.113144552,-0.8500001,0.0
2020,4,26,1.136001168,-1.423333,6.597118
2020,4,27,1.103555712,-3.293334,4.917878
2020,4,28,1.05599604,-2.99,0.0
2020,4,29,1.0647557843478261,-2.656667,0.0
2020,4,30,1.0216085760000002,-3.536666,4.790731
2020,5,1,1.0253593440000002,-2.916667,4.488222
2020,5,2,1.032533904,-1.653333,0.0
2020,5,3,1.0451662246956523,-2.44,2.729631
2020,5,4,1.0460641097142858,-4.579999,0.0
2020,5,5,1.040371728,-3.193333,0.0
2020,5,6,1.0202675760000002,0.2966667,0.0
2020,5,7,1.066370036869565,-1.48,0.0
2020,5,8,1.051290936,-1.186667,0.2374538
2020,5,9,1.116765432,-1.776666,0.5923386
2020,5,10,1.125491328,-5.789999,0.0
2020,5,11,1.1613073335652175,-5.433332,1.143171
2020,5,12,1.108987152,-5.816667,0.0
2020,5,13,1.0817820891428571,-5.84,0.0
2020,5,14,1.062277577142857,-5.313334,0.0
2020,5,15,1.0305185039999998,-4.150001,0.0
2020,5,16,1.0138571186086958,-4.25,0.0
2020,5,17,0.99689232,-2.226667,0.0
2020,5,18,0.9569122834285714,-1.77,0.0
2020,5,19,1.0008879026086956,-3.143333,0.0
2020,5,20,1.0372158,-0.54,0.0
2020,5,21,1.1044414831304346,3.64,0.0
2020,5,22,1.272542800695652,2.453333,9.628344
2020,5,23,2.0061022902857144,2.83,2.031728
2020,5,24,2.406404664,3.013333,1.680651
2020,5,25,2.453251968,4.783333,0.0
2020,5,26,2.677485988173913,4.14,0.0
2020,5,27,2.5953281780869566,2.093333,0.0
2020,5,28,2.377561632,2.25,0.0
2020,5,29,2.305274437565217,5.52,0.0
2020,5,30,2.687088434086957,10.11,0.0
2020,5,31,3.7062743290434788,9.963333,0.0
2020,6,1,4.465156858434782,10.18667,0.0
2020,6,2,4.81983,9.813334,0.0
2020,6,3,4.455797375999999,7.81,0.0
2020,6,4,5.1554312013913055,5.15,1.891024
2020,6,5,5.912548656,4.03,12.52171
2020,6,6,9.87911616,3.736667,10.53889
2020,6,7,11.057732702608696,4.656667,0.6673398
2020,6,8,9.24583992,3.626667,0.0
2020,6,9,7.59048936,5.446666,0.0
2020,6,10,6.745348674782608,7.803332,0.0
2020,6,11,6.410312160000001,10.66,0.0
2020,6,12,6.578765039999999,11.3,0.0
2020,6,13,7.35288168,11.24,0.0
2020,6,14,8.06601912,13.01333,0.0
2020,6,15,8.29693752,13.05,0.0
2020,6,16,8.698462998260869,13.87333,0.9435436
2020,6,17,9.33702648,13.45333,1.893995
2020,6,18,9.81716808,14.68667,0.0
2020,6,19,9.54441168,15.1,0.0
2020,6,20,9.312155937391305,13.99,5.981014
2020,6,21,10.427004654545456,11.02333,11.75948
2020,6,22,15.505342167272728,9.486667,0.02487898
2020,6,23,13.85583672,11.23667,0.0
2020,6,24,11.806531680000003,14.37667,0.0
2020,6,25,10.075047840000003,16.48667,0.0
2020,6,26,8.83716925090909,16.24667,0.0
2020,6,27,8.152489200000002,13.96,4.427566
2020,6,28,9.03417708521739,10.21333,13.26492
2020,6,29,10.747349342608697,8.786666,1.268238
2020,6,30,9.753489391304347,5.993333,4.924746
2020,7,1,8.537902747826086,4.153333,0.0
2020,7,2,6.610238107826087,3.103334,0.3660765
2020,7,3,5.255690832,1.34,0.3403091
2020,7,4,4.418512056,5.183332,0.4144902
2020,7,5,4.078093122782609,4.329999,14.67619
2020,7,6,4.480517626434782,4.08,3.16153
2020,7,7,3.99464772,2.396666,3.851625
2020,7,8,3.671990448,3.286667,0.0
2020,7,9,3.281741856,3.966667,0.3338728
2020,7,10,2.9400778559999994,4.956666,1.756147
2020,7,11,2.631838839652174,4.426667,0.0
2020,7,12,2.44282218573913,3.496665,2.333389
2020,7,13,2.2759251599999994,5.466667,2.129684
2020,7,14,2.156527872,7.323333,6.378389
2020,7,15,2.274308377043478,8.593333,2.48021
2020,7,16,2.3971283812173914,10.76333,0.0
2020,7,17,2.5221750719999996,10.07667,2.186892
2020,7,18,2.817409310608696,9.276667,5.582141
2020,7,19,3.739318416,7.926666,1.671271
2020,7,20,4.287551784,6.283333,0.3291345
2020,7,21,4.242448775999999,4.396667,0.1331186
2020,7,22,3.827625959999999,3.683333,0.0
2020,7,23,3.2499111067826094,4.66,0.0
2020,7,24,2.616206875826087,5.983334,0.0
2020,7,25,2.210938402909091,7.94,0.2428327
2020,7,26,1.7936492399999997,8.646667,19.57025
2020,7,27,5.4694350960000016,9.113334,0.9129229
2020,7,28,6.462108192,7.4,6.555113
2020,7,29,9.093865483636364,7.146666,2.630745
2020,7,30,7.680976494545454,9.276667,0.0
2020,7,31,6.458711791304348,12.34667,0.0
2020,8,1,5.504630208,14.37,0.6854798
2020,8,2,5.004610559999999,11.12667,19.85557
2020,8,3,6.165531126857143,4.403333,6.132581
2020,8,4,5.24456724,5.556666,1.328879
2020,8,5,4.330905643636364,7.526666,3.154145
2020,8,6,3.8468444994782613,12.86333,1.983943
2020,8,7,3.944256342260869,13.04,0.0
2020,8,8,4.32161956173913,12.09,0.0
2020,8,9,4.331014612363636,8.873332,0.0
2020,8,10,4.01517324,11.12,0.0
2020,8,11,3.6977195269565213,12.73333,0.0
2020,8,12,3.400427208,13.98333,0.0
2020,8,13,3.3594439679999994,11.66667,9.71897
2020,8,14,3.600049335652174,11.85333,0.0
2020,8,15,3.29344764,13.22667,0.0
2020,8,16,3.2240073023999996,13.39667,0.0
2020,8,17,3.079906203428571,13.08,0.6053886
2020,8,18,3.146274039272727,12.14667,0.0
2020,8,19,3.083336904,11.85667,2.99411
2020,8,20,3.143972560695652,11.53667,1.639898
2020,8,21,3.078781431652174,11.28333,7.844926
2020,8,22,4.689205464000001,9.853334,2.712898
2020,8,23,4.982069688,5.91,2.922869
2020,8,24,4.679575488,2.433333,0.0
2020,8,25,4.15986523826087,3.506666,0.0
2020,8,26,3.481410816,4.783333,0.0
2020,8,27,2.866141992,5.806667,0.3625619
2020,8,28,2.435558376,6.416667,0.0
2020,8,29,2.1460107665454546,4.783333,5.05678
2020,8,30,2.016820669090909,3.983334,0.0
2020,8,31,1.824350592,3.39,0.0
2020,9,1,1.729450464,6.996667,0.0
2020,9,2,1.6392334163478264,7.309999,0.0
2020,9,3,1.577014584,6.39,5.206511
2020,9,4,1.5291222260869566,6.193334,1.239064
2020,9,5,1.510257624,3.506667,0.7313052
2020,9,6,1.4899206582857145,3.406667,0.0
2020,9,7,1.4781944160000002,3.003333,3.706577
2020,9,8,1.4647177199999997,5.273333,0.9934649
2020,9,9,1.44162924,3.4,2.259919
2020,9,10,1.405424172521739,1.31,0.0
2020,9,11,1.3753522142608694,2.963333,1.63701
2020,9,12,1.380903696,2.883333,2.262213
2020,9,13,1.3313634414545454,4.09,0.09629583
2020,9,14,1.372214792347826,6.28,2.053208
2020,9,15,1.3414022880000003,8.116667,7.067245
2020,9,16,1.308687151304348,3.093333,0.0
2020,9,17,1.4164228560000003,2.906667,0.0
2020,9,18,1.5370916619130433,6.666666,0.1788782
2020,9,19,1.5885801766956524,3.37,0.0
2020,9,20,1.574204592,5.063334,0.0
2020,9,21,1.515735792,7.56,0.0
2020,9,22,1.4932031040000002,5.59,0.3962965
2020,9,23,1.453660616347826,5.706666,15.46041
2020,9,24,1.798879179130435,2.26,13.42807
2020,9,25,3.121165752,1.666667,6.108217
2020,9,26,3.147860112,0.5966667,8.5696
2020,9,27,3.173698776,4.32,0.04590726
2020,9,28,3.0321907200000005,7.969999,0.0
2020,9,29,2.804276088000001,7.51,2.001799
2020,9,30,2.551422648,5.603333,2.980544
2020,10,1,3.4741644104347826,5.24,0.0
2020,10,2,3.627365016,4.483333,0.468918
2020,10,3,3.015400094608695,4.336667,4.614416
2020,10,4,3.7435027920000006,5.773333,9.863161
2020,10,5,7.876900032,5.706666,1.838232
2020,10,6,7.856510274782609,2.983333,0.8449798
2020,10,7,6.64915016347826,4.316667,2.760401
2020,10,8,5.469169128,3.2,4.864788
2020,10,9,4.343329752,1.61,0.2750142
2020,10,10,3.504701064,0.6766667,0.1539184
2020,10,11,2.906230488,1.91,0.0
2020,10,12,2.435842818782609,0.1066667,0.0
2020,10,13,2.0567996577391305,-1.023333,0.0
2020,10,14,1.8841959234782606,-2.496666,0.0
2020,10,15,1.8119617920000004,1.946666,0.0
2020,10,16,1.720527288,1.87,0.0
2020,10,17,1.713989808,-1.583333,1.974423
2020,10,18,1.4300003645217394,-3.673333,0.0
2020,10,19,1.5229219366956523,-5.04,3.693816
2020,10,20,1.319493312,-3.856667,12.08318
2020,10,21,1.2891519621818184,-0.8266666,0.7805427
2020,10,22,1.2937417293913045,-0.98,3.367755
2020,10,23,1.246769088,-5.526668,0.8139568
2020,10,24,1.2073149829565217,-3.176667,8.486244
2020,10,25,1.4103298800000004,-0.06666684,8.089251
2020,10,26,1.538772955826087,-2.12,0.734931
2020,10,27,1.426172448,-0.8100001,1.649732
2020,10,28,1.3908154351304347,-0.8166664,5.239803
2020,10,29,1.362912096,-0.9666665,0.0
2020,10,30,1.3137737071304347,-2.31,1.544272
2020,10,31,1.3084283280000004,-1.066667,3.084863
2020,11,1,1.530920328,1.656667,15.47118
2020,11,2,1.996810785391304,0.4033334,2.192339
2020,11,3,1.9971290379130433,-1.506666,0.0
2020,11,4,1.6100124959999997,-1.586667,0.3756843
2020,11,5,1.7406367387826087,5.223333,0.0
2020,11,6,2.269845888,4.713333,0.0
2020,11,7,1.8064788229565216,0.7200003,0.0
2020,11,8,1.458807048,-1.85,0.0
2020,11,9,1.4345625076363633,-0.3599997,0.0
2020,11,10,1.3647754996363637,-1.716667,0.0
2020,11,11,1.3234788959999997,-1.520001,0.0
2020,11,12,1.3502853359999998,-0.1066666,0.1878558
2020,11,13,1.2661996633043477,-1.09,3.804268
2020,11,14,1.36306692,-2.283334,4.323363
2020,11,15,1.2824080232727273,1.04,10.00917
2020,11,16,2.293826763130435,1.316666,5.666037
2020,11,17,2.0107236829090906,-0.7233329,4.076143
2020,11,18,1.8359151526956523,0.8000002,15.69982
2020,11,19,2.368403399999999,-6.766666,4.673713
2020,11,20,2.2499964864,-8.153334,5.563369
2020,11,21,2.258179128,-3.85,7.83578
2020,11,22,2.170308296347826,-3.26,1.7071
2020,11,23,1.9496244897391306,-3.506667,0.8603327
2020,11,24,1.8691380240000004,-3.096667,3.720024
2020,11,25,1.7940092334545454,-1.813333,1.277068
2020,11,26,1.5500523839999998,-7.6,0.0
2020,11,27,1.401217632,-12.72667,0.0
2020,11,28,1.321104336,-13.23333,0.0
2020,11,29,1.2844405314782608,-11.33,0.0
2020,11,30,1.325799,-5.316668,1.951919
2020,12,1,1.312652485565217,-8.546667,0.0
2020,12,2,1.25648724,-7.023333,3.551745
2020,12,3,1.3362040486956523,-4.823333,4.385858
2020,12,4,1.289350752,-7.033334,1.367178
2020,12,5,1.246867275130435,-8.703333,3.117473
2020,12,6,1.211218459826087,-8.249999,2.666883
2020,12,7,1.209888288,-4.366667,2.428261
2020,12,8,1.2013252625454547,-3.0,5.675903
2020,12,9,1.1241056222608696,-6.760001,0.0
2020,12,10,1.1122805175652173,-5.006667,3.322346
2020,12,11,1.104536136,-5.213333,2.7538
2020,12,12,1.082755976727273,-6.023333,0.0
2020,12,13,1.068416664,-5.933333,0.7384741
2020,12,14,1.0504701328695651,-4.17,4.958095
2020,12,15,1.026943992,-5.446667,1.047558
2020,12,16,0.9822533509565217,-10.10667,1.462627
2020,12,17,1.0292975738181818,-5.383333,5.893925
2020,12,18,1.0634659723636362,-5.41,1.018265
2020,12,19,1.0739614778181816,0.8833332,1.061086
2020,12,20,1.050012144,-0.3066669,0.0
2020,12,21,1.001171419826087,-2.526667,2.296996
2020,12,22,0.9945126,-3.236667,7.211422
2020,12,23,0.993463488,-5.793334,0.0
2020,12,24,0.9918905822608697,-8.143333,0.0
2020,12,25,0.987932059826087,-11.24333,0.9932914
2020,12,26,1.0224068400000001,-9.000001,8.6625
2020,12,27,1.085263069090909,-4.293333,8.836476
2020,12,28,1.04382612,-5.39,4.946969
2020,12,29,1.0598826490434783,-5.093334,3.930652
2020,12,30,1.0203619200000003,-5.703333,1.112926
2020,12,31,1.0179502800000002,-6.606667,4.372386
2021,1,1,0.9971234170434783,-9.160001,0.0
2021,1,2,0.953004384,-9.039999,0.0
2021,1,3,0.9101666356363635,-13.11,0.0
2021,1,4,0.9156013356521738,-13.87333,0.0
2021,1,5,0.9639946518260871,-13.11,0.0
2021,1,6,0.9728095554782609,-14.57333,0.0
2021,1,7,0.986496576,-17.77666,0.0
2021,1,8,1.0062494208,-17.64667,0.0
2021,1,9,1.004675302956522,-14.30333,1.485763
2021,1,10,0.943968072,-13.82667,1.239334
2021,1,11,0.9265906285714285,-14.22333,0.1289587
2021,1,12,0.9155912400000001,-9.336666,1.770694
2021,1,13,0.900758832,-14.24,0.0
2021,1,14,0.8906995784347826,-15.21,0.0
2021,1,15,0.8735228827826087,-15.27667,0.0
2021,1,16,0.8569793613913044,-15.49333,0.0
2021,1,17,0.913993344,-12.37667,0.0
2021,1,18,0.8903039415652173,-10.97,0.0
2021,1,19,0.8856176465454545,-9.223333,1.354657
2021,1,20,0.884022466909091,-7.933334,11.16537
2021,1,21,0.896247336,-4.68,10.69789
2021,1,22,0.9233389690434783,-4.526666,7.472599
2021,1,23,0.909823344,-5.719999,1.272935
2021,1,24,0.8761742859130435,-12.48667,0.0
2021,1,25,0.834392568,-16.71667,0.09567916
2021,1,26,0.8431131927272727,-13.91333,0.0
2021,1,27,0.8303273999999998,-16.20667,0.1372787
2021,1,28,0.838684416,-17.70333,0.0
2021,1,29,0.9037350845217391,-17.16333,0.0
2021,1,30,0.9067252507826087,-12.49,0.1414386
2021,1,31,0.9691309439999999,-15.04333,0.0
2021,2,1,0.957278424,-18.81667,0.0
2021,2,2,0.981943848,-20.41333,0.0
2021,2,3,1.024180056,-22.44666,0.0
2021,2,4,1.0938743874782606,-21.73667,0.0
2021,2,5,1.1779517040000003,-21.50667,0.0
2021,2,6,1.3621942956521738,-19.84,0.0
2021,2,7,2.158734052173913,-21.79667,0.0
2021,2,8,2.277887328,-16.99,0.0
2021,2,9,2.653585243826087,-17.86,0.09567893
2021,2,10,3.450619464,-15.99,0.0
2021,2,11,3.953473579636363,-21.38,0.0
2021,2,12,4.441521096,-20.14333,0.0
2021,2,13,4.653115801043478,-18.55333,0.0
2021,2,14,4.941994201043479,-18.11333,0.0
2021,2,15,5.06164716,-13.44333,3.062708
2021,2,16,4.862636784,-8.673333,2.113957
2021,2,17,4.521834510545455,-8.323333,0.4385811
2021,2,18,4.008308952,-6.666666,3.225755
2021,2,19,3.560927215304348,-5.586666,1.23088
2021,2,20,3.1195705961739133,-1.389999,2.115852
2021,2,21,2.5567090559999994,0.6866674,0.0
2021,2,22,1.9209812596363633,-0.8466663,1.014091
2021,2,23,1.55655444,-1.203333,3.166684
2021,2,24,1.3155786959999998,0.5399981,0.09151912
2021,2,25,1.164018139826087,-0.2199993,1.535508
2021,2,26,1.096344576,-1.4,0.0
2021,2,27,1.0204765606956523,0.4066668,0.0
2021,2,28,1.014342912,0.79,0.0
2021,3,1,1.0215639234782612,-0.6633339,0.0
2021,3,2,1.085555232,-0.03666687,0.0
2021,3,3,1.114577437090909,-4.406667,0.0
2021,3,4,1.445171746909091,-9.29,0.0
2021,3,5,1.4681734372173914,-6.879999,0.0
2021,3,6,1.3592832417391305,-4.493333,3.142971
2021,3,7,1.3042648930909093,-10.15667,0.0
2021,3,8,1.16598828,-11.17667,0.9277248
2021,3,9,1.2697546100869566,-6.203334,0.07903934
2021,3,10,1.1188137600000003,-9.463333,7.706286
2021,3,11,1.1004696375652174,-7.423333,8.125059
2021,3,12,1.10503596,-7.183333,0.0
2021,3,13,1.0571648306086956,-9.986666,0.0
2021,3,14,1.0063862233043477,-11.06667,0.0
2021,3,15,1.0633986782608693,-7.506667,1.385751
2021,3,16,1.0465443359999997,-9.9,0.0
2021,3,17,0.924512184,-10.81667,0.0
2021,3,18,1.0579639418181819,-4.636667,0.0
2021,3,19,0.9663675360000001,-3.599999,0.0
2021,3,20,0.945270336,-1.566667,0.0
2021,3,21,1.0208333040000002,-6.086667,0.0
2021,3,22,0.9538192361739128,-1.326666,0.0
2021,3,23,0.9058975592727273,-0.2200003,0.0
2021,3,24,0.9035315311304347,-3.136667,0.0
2021,3,25,0.852238464,-4.423333,0.0
2021,3,26,0.853267824,-2.95,1.858428
2021,3,27,0.8660810128695653,-4.176667,0.0
2021,3,28,0.85976616,-5.753334,3.263062
2021,3,29,0.887882304,-0.8699999,2.111878
2021,3,30,0.9251025558260871,0.5899997,4.982781
2021,3,31,0.9535185140869566,-4.036667,0.0
2021,4,1,0.880266744,-5.84,0.0
2021,4,2,0.8645953085217392,-4.946667,0.0
2021,4,3,0.8155556160000001,-3.38,0.0
2021,4,4,0.8709844507826087,-3.41,2.948243
2021,4,5,0.7950706560000002,-9.096666,6.900327
2021,4,6,0.7861860479999998,-6.33,0.8792831
2021,4,7,0.7687040914285714,-7.43,0.713165
2021,4,8,0.7273237680000002,-8.913333,4.655559
2021,4,9,0.75279096,-7.53,2.027485
2021,4,10,0.7092086159999998,-7.07,0.0
2021,4,11,0.7172857919999999,-8.040001,1.586033
2021,4,12,0.730124664,-6.403334,2.573408
2021,4,13,0.7149332535652173,-7.14,0.1874535
2021,4,14,0.7123236229565217,-6.436666,0.0
2021,4,15,0.6961747810909091,-7.02,0.0
2021,4,16,0.7581987673043477,-5.566666,0.0
2021,4,17,0.75688968,-3.833333,0.0
2021,4,18,0.7614039119999998,-1.153334,0.0
2021,4,19,0.825129936,-0.01666665,0.0
2021,4,20,0.910386624,0.1733334,0.1458138
2021,4,21,0.923865538909091,-4.3,0.1622384
2021,4,22,0.860962392,-6.066667,0.0
2021,4,23,0.818011824,-6.863334,0.0
2021,4,24,0.8157275686956523,-7.049999,0.0
2021,4,25,0.744453504,-6.78,0.0
2021,4,26,0.755091408,-6.723333,0.0
2021,4,27,0.7046842043076923,-6.876667,0.0
2021,10,8,3.3963875382857145,6.956666,4.789258
2021,10,9,3.2212913759999995,8.340001,3.79843
2021,10,10,3.246027264,4.356667,3.619751
2021,10,11,3.2704337113043485,-1.113333,0.6931825
2021,10,12,2.978223864,-0.5666666,0.09983909
2021,10,13,2.6277246,-2.66,4.043426
2021,10,14,2.26418424,1.603333,4.321457
2021,10,15,2.102283264,-1.646667,0.3416678
2021,10,16,1.8580721039999997,-1.81,0.3249608
2021,10,17,1.7575490880000004,-4.34,0.0
2021,10,18,1.615311648,-5.126666,6.918467
2021,10,19,1.561821192,-1.72,8.729259
2021,10,20,1.7395549440000002,0.9066665,3.827659
2021,10,21,1.8860452559999996,-3.306667,3.04865
2021,10,22,1.779523632,-2.83,0.06219757
2021,10,23,1.741071864,-2.146667,0.7675936
2021,10,24,1.6959779280000002,-0.3966665,0.0
2021,10,25,1.6522102800000003,1.74,1.206589
2021,10,26,1.615055544,-1.23,4.609718
2021,10,27,1.495184592,1.213333,1.678221
2021,10,28,1.4793658559999996,3.373333,6.559073
2021,10,29,1.576172112,4.726666,5.067411
2021,10,30,1.7306033999999997,2.883333,8.273943
2021,10,31,2.5297985280000006,1.233333,4.793293
2021,11,1,2.965683791999999,0.9600003,6.888956
2021,11,2,3.4024554239999993,1.23,3.449745
2021,11,3,3.305971656,-2.546667,0.0
2021,11,4,2.781638976,-3.66,0.0
2021,11,5,2.30738568,-3.716666,0.9306506
2021,11,6,1.943821752,-3.54,2.356781
2021,11,7,1.77360588,-3.796666,1.082864
2021,11,8,1.669933512,-4.146666,4.420412
2021,11,9,1.576597056,-0.5799999,0.08319902
2021,11,10,1.521337584,-1.706667,0.4636333
2021,11,11,1.47564768,-1.593334,2.144394
2021,11,12,1.400253144,-4.43,0.3475019
2021,11,13,1.344729096,-4.48,0.0
2021,11,14,1.2774958320000003,-5.693334,0.0
2021,11,15,1.249143936,-3.483334,0.0
2021,11,16,1.2204252,-1.203333,0.964507
2021,11,17,1.220602488,-2.583333,0.8600647
2021,11,18,1.177523784,-4.296667,4.855906
2021,11,19,1.1967825839999997,0.813334,2.565408
2021,11,20,1.183514808,-3.173334,0.0
2021,11,21,1.0957048320000002,-6.246666,0.3296027
2021,11,22,1.113563016,-2.996666,0.8547782
2021,11,23,1.119172152,0.2533336,0.0
2021,11,24,1.10695224,-1.07,1.071982
2021,11,25,1.0350454799999997,-7.456667,0.04159951
2021,11,26,1.02868224,-10.51,0.0
2021,11,27,1.0168134480000004,-10.59333,4.238233
2021,11,28,1.0223026080000002,-16.71667,0.0
2021,11,29,0.939001176,-18.25,2.301747
2021,11,30,1.017951192,-14.81333,0.0
2021,12,1,1.0025910720000002,-17.4,0.38203
2021,12,2,1.002263112,-12.20667,1.525566
2021,12,3,1.013967408,-17.77666,2.662843
2021,12,4,1.010533776,-13.11,0.0
2021,12,5,0.9439864799999996,-15.88,0.0
2021,12,6,0.9216154560000002,-17.96333,0.0
2021,12,7,0.9897504225882352,-16.49333,0.0
2021,12,8,0.9257256785454546,-12.62333,1.580329
2021,12,9,0.9272691839999998,-9.293334,2.328665
2021,12,10,0.9428594640000002,-9.666666,1.463541
2021,12,11,0.96628116,-9.849999,1.997051
2021,12,12,0.9662977440000001,-8.023333,1.421834
2021,12,13,0.9742572,-5.086667,0.2379627
2021,12,14,0.942627432,-4.663333,2.999021
2021,12,15,0.954016848,-2.286666,3.934073
2021,12,16,0.942619584,-1.283333,1.113917
2021,12,17,0.939600312,1.636667,0.0
2021,12,18,0.9912126719999996,3.873333,0.0
2021,12,19,0.959776752,-3.336666,0.0
2021,12,20,0.8787657599999998,-5.293334,0.0
2021,12,21,0.904826952,-8.603333,1.759248
2021,12,22,0.954232416,-8.206667,0.3014473
2021,12,23,0.967734408,-11.17333,2.195198
2021,12,24,1.03717596,-14.29667,0.0
2021,12,25,0.9559891898181822,-7.239999,0.0
2021,12,26,0.9268988879999999,-9.31,0.0
2021,12,27,0.9621013199999998,-14.05333,0.0
2021,12,28,1.0154587439999998,-13.55333,0.0
2021,12,29,1.082233776,-13.82333,5.060027
2021,12,30,1.278575064,-8.4,4.472748
2021,12,31,1.4944087679999998,-4.59,2.854376
2022,1,1,1.654186488,-9.583334,5.449413
2022,1,2,1.8056002080000004,-4.739999,1.291428
2022,1,3,1.8364838880000003,-5.969999,2.5465
2022,1,4,2.03428248,-13.06667,0.6219815
2022,1,5,2.453202792,-10.28333,0.1789455
2022,1,6,2.8699182,-15.57333,0.3680354
2022,1,7,3.680759928,-12.99,1.216225
2022,1,8,4.360854599999999,-11.27667,1.408522
2022,1,9,4.558196568,-10.62667,1.08402
2022,1,10,4.553311488,-8.906666,0.926478
2022,1,11,4.433482248,-5.536666,0.4465652
2022,1,12,4.297682592,-0.4699993,4.64661
2022,1,13,3.9160762319999987,2.593332,10.54601
2022,1,14,3.320266248,-5.77,0.0
2022,1,15,2.686655279999999,-6.813334,0.0
2022,1,16,2.97928272,-5.603333,3.99568
2022,1,17,3.119696712,-6.916666,0.03327966
2022,1,18,3.113529384,-0.71,0.05842733
2022,1,19,3.145159272,-5.226667,4.391455
2022,1,20,2.900722104,-9.56,0.1041605
2022,1,21,2.411369808000001,-1.513333,0.0
2022,1,22,1.71149232,-1.146667,0.0
2022,1,23,1.5652139039999997,-1.279999,0.0
2022,1,24,1.614488088,-1.969999,0.2254428
2022,1,25,1.36128024,-4.783332,1.055636
2022,1,26,0.9501630480000003,-4.66,2.584409
2022,1,27,0.9282059280000001,-3.963332,1.107383
2022,1,28,0.788445768,-6.906666,2.727067
2022,1,29,0.736435104,-3.303333,5.449614
2022,1,30,0.677504712,-7.196667,0.0
2022,1,31,0.672609456,-13.69,0.0
2022,2,1,0.774091656,-11.20667,4.449144
2022,2,2,0.862948896,-12.17,0.03768086
2022,2,3,1.01548464,-9.676667,4.111435
2022,2,4,0.9499930080000002,-7.043333,1.035213
2022,2,5,0.919228104,-8.336666,1.197868
2022,2,6,0.87412596,-8.903333,0.3334411
2022,2,7,0.812412432,-4.356666,1.784808
2022,2,8,0.725983248,-4.543333,2.659743
2022,2,9,0.682621272,-5.126667,5.16715
2022,2,10,0.6536893440000001,-7.146667,0.7307703
2022,2,11,0.7876498559999998,-9.299999,0.0
2022,2,12,0.876867504,-4.083333,3.117943
2022,2,13,0.813454488,-2.223333,1.469259
2022,2,14,0.792781968,-5.676667,7.721675
2022,2,15,0.7769137199999998,-9.436666,3.34148
2022,2,16,0.783747312,-9.966666,0.0
2022,2,17,0.808365096,-9.61,0.1545221
2022,2,18,0.801716664,-10.62333,0.0
2022,2,19,0.76181592,-12.64,0.0
2022,2,20,0.808981608,-9.743333,2.413582
2022,2,21,0.866098608,-7.936666,0.7792689
2022,2,22,0.8145310319999999,-10.21,1.156469
2022,2,23,0.775394808,-7.273334,3.860291
2022,2,24,0.788362896,-6.686667,0.1753756
2022,2,25,0.77815224,-8.576666,0.1206387
2022,2,26,0.746625504,-7.51,0.0
2022,2,27,0.733968624,-5.156666,0.0
2022,2,28,0.665582232,-7.006666,0.9219416
2022,3,1,0.727354464,-3.383333,1.649772
2022,3,2,0.690822912,-4.196667,0.0
2022,3,3,0.5877021096,-11.27,0.0
2022,3,4,0.609662136,-13.02667,0.0
2022,3,5,0.6663492479999998,-11.08667,0.0
2022,3,6,0.7139404800000002,-5.54,0.0
2022,3,7,0.694191168,-4.473333,0.0
2022,3,8,0.6518812320000001,-7.396667,0.0
2022,3,9,0.655681536,-4.973334,0.0
2022,3,10,0.694888464,-3.993333,0.0
2022,3,11,0.670101024,-5.343333,0.0
2022,3,12,0.6515736,-4.599999,0.0
2022,3,13,0.674589888,-2.593333,0.0
2022,3,14,0.655720248,-3.236667,0.0
2022,3,15,0.637537992,-5.57,0.0
2022,3,16,0.6363736800000002,-4.66,0.0
2022,3,17,0.6478785600000002,-3.283333,5.493037
2022,3,18,0.637755912,-4.893333,0.0
2022,3,19,0.632422872,-0.8466659,0.0
2022,3,20,0.60547236,-1.063334,0.0
2022,3,21,0.5778414168,-4.066667,0.0
2022,3,22,0.60200982,-4.393332,0.2081057
2022,3,23,0.6000841824,-1.163334,0.0
2022,3,24,0.6031582752,2.39,0.0
2022,3,25,0.7827136560000002,2.47,0.0
2022,3,26,0.793070736,-2.100001,0.0
2022,3,27,0.7702553039999999,0.8099995,1.501734
2022,3,28,0.800696544,-3.97,0.3161568
2022,3,29,0.6675483360000002,-8.833333,0.0
2022,3,30,0.5844414599999999,-10.73667,0.0
2022,3,31,0.6157593168,-7.89,0.0
2022,4,1,0.5575088039999998,-9.919999,0.0
2022,4,2,0.5177519328,-9.073333,0.0
2022,4,3,0.5517692879999998,-5.416667,3.541761
2022,4,4,0.5180136624,-7.213333,1.528717
2022,4,5,0.49595720399999993,-8.656666,0.1455986
2022,4,6,0.4930692000000001,-8.743334,0.0
2022,4,7,0.5080897968,-10.54,0.0
2022,4,8,0.5036985264,-8.89,0.4537991
2022,4,9,0.48436745760000005,-4.926667,0.0
2022,4,10,0.48647013599999994,-3.613333,0.0
2022,4,11,0.47163490319999996,-5.393333,0.0
2022,4,12,0.46388067599999994,-4.6,0.0
2022,4,13,0.45668725680000005,-2.95,6.289723
2022,4,14,0.47191827119999996,-3.156667,0.0
2022,4,15,0.460047612,-2.963333,0.0
2022,4,16,0.4514738952,-0.3533332,0.0
2022,4,17,0.46338502080000005,1.216667,0.0
2022,4,18,0.49568846399999994,1.993333,0.0
2022,4,19,0.5627570856,1.93,0.0
2022,4,20,0.6749154479999998,2.773333,0.0
2022,4,21,0.799218264,4.12,0.0
2022,4,22,1.0288229759999998,3.203333,0.0
2022,4,23,1.008721464,0.9933333,0.0
2022,4,24,0.9315079680000001,0.7933334,0.0
2022,4,25,0.881162424,0.88,0.0
2022,4,26,0.85430856,-3.05,0.0
2022,4,27,0.759206832,-2.893333,0.06239933
2022,4,28,0.715744968,-1.91,0.0
2022,4,29,0.68218692,-2.296667,0.0
2022,4,30,0.655932024,-1.263333,0.0
2022,5,1,0.642215544,0.31,0.0
2022,5,2,0.6809926559999998,-1.013333,0.0
2022,5,3,0.66059628,-4.016666,0.0
2022,5,4,0.627972624,-2.26,0.0
2022,5,5,0.618065112,0.9366667,0.0
2022,5,6,0.665121288,3.42,0.9145986
2022,5,7,0.790438896,-1.79,0.0
2022,5,8,0.709377432,-1.01,0.0
2022,5,9,0.68806584,3.493333,0.0
2022,5,10,0.728136264,2.573333,3.348352
2022,5,11,0.7523643599999998,1.54,2.003545
2022,5,12,0.768576096,0.8333333,0.0
2022,5,13,0.734410488,1.003333,1.114332
2022,5,14,0.74338188,0.4866666,0.0
2022,5,15,0.7225452,1.216667,0.0
2022,5,16,0.742174176,1.926666,0.0
2022,5,17,0.735934344,4.016666,0.0
2022,5,18,0.769054896,4.576666,0.0879221
2022,5,19,0.8159956319999998,4.933333,0.0
2022,5,20,0.8432641919999998,6.259999,10.06148
2022,5,21,1.0339542960000003,3.216667,5.225915
2022,5,22,1.162836744,4.8,1.863839
2022,5,23,1.1381690879999997,4.42,5.63779
2022,5,24,1.375270416,3.476666,9.112954
2022,5,25,2.631588456,3.776666,0.1210815
2022,5,26,2.60408904,2.156666,0.0
2022,5,27,2.432276784,0.6033335,0.0
2022,5,28,2.014710768,2.156667,0.8173524
2022,5,29,1.755409464,-0.7033334,6.09038
2022,5,30,1.65018144,1.619999,2.503995
2022,5,31,1.64263236,3.426667,7.950752
2022,6,1,2.135378376,4.233333,10.60191
2022,6,2,3.0237500640000006,2.91,7.948871
2022,6,3,3.2625866880000007,4.603333,0.0
2022,6,4,2.856908808,5.623333,0.0
2022,6,5,2.5206054000000004,5.326666,0.0
2022,6,6,2.273435808,9.083333,0.0
2022,6,7,2.299316304,9.736666,2.033281
2022,6,8,2.4800846160000005,6.626667,5.220102
2022,6,9,2.873331624,9.01,0.0
2022,6,10,2.951957808,9.606667,0.0
2022,6,11,3.166454112,7.27,0.9600254
2022,6,12,3.207592872,5.666667,0.4132042
2022,6,13,3.230518584000001,4.5,0.0
2022,6,14,3.039670824,5.206666,0.0
2022,6,15,2.688116952,6.833333,2.239387
2022,6,16,2.475565776,7.443333,0.0
2022,6,17,2.3801946,7.706666,3.191842
2022,6,18,2.646593136,4.766666,0.0
2022,6,19,3.0062526240000005,5.533333,0.0
2022,6,20,2.891114904,8.67,0.7316417
2022,6,21,2.464237848,7.156667,0.5489264
2022,6,22,2.2281066,6.983334,0.0
2022,6,23,2.089255872,10.89667,0.0
2022,6,24,2.27536356,14.83333,0.0
2022,6,25,2.728899864,12.68,3.371457
2022,6,26,4.702834224,12.16333,5.304914
2022,6,27,7.0076796,11.97,24.16748
2022,6,28,12.87400056,8.84,12.92267
2022,6,29,14.03773728,11.66333,0.0
2022,6,30,10.47267744,13.75,0.0
2022,7,1,8.4120348,12.5,12.75383
2022,7,2,8.420169839999998,9.219999,8.598587
2022,7,3,8.573585279999998,7.87,1.531256
2022,7,4,7.542373679999999,5.66,5.758619
2022,7,5,6.279277199999998,5.26,0.9014904
2022,7,6,5.143964592,3.816666,4.595681
2022,7,7,4.217086896,6.256666,2.108268
2022,7,8,3.4612770479999995,6.603333,1.564413
2022,7,9,3.009146232,4.876667,0.0
2022,7,10,2.687566896,7.576666,0.08735919
2022,7,11,2.382736872,10.08667,0.0
2022,7,12,2.12695044,10.89,1.050675
2022,7,13,1.988116824,6.970001,0.6630845
2022,7,14,2.000073984,5.059999,0.0
2022,7,15,1.948788048,4.656666,0.0
2022,7,16,1.765836888,5.62,0.1119559
2022,7,17,1.6720979039999997,6.573333,0.4846876
2022,7,18,1.5927145440000003,8.526667,0.0
2022,7,19,1.5197525759999997,11.58,0.0
2022,7,20,1.514452824,14.61333,7.810878
2022,7,21,1.8105510479999998,13.21333,0.0
2022,7,22,2.489075424,10.14333,0.0
2022,7,23,2.9378652959999996,10.50333,3.842501
2022,7,24,2.937744,9.95,3.759115
2022,7,25,2.801850048,10.28,5.605854
2022,7,26,2.919292176,7.21,0.7284111
2022,7,27,2.9757161280000006,6.443333,0.0
2022,7,28,2.7265870799999994,7.56,0.0
2022,7,29,2.412836664,10.65,0.0
2022,7,30,2.108977272,10.83667,0.0
2022,7,31,1.834068336,9.6,10.3732
2022,8,1,1.8764759519999996,6.053334,0.1036625
2022,8,2,1.876926144,5.003334,7.795936
2022,8,3,1.9775733120000003,10.52667,6.043387
2022,8,4,2.379798984,8.77,2.788594
2022,8,5,3.013809336,5.503333,0.0
2022,8,6,3.2239910880000004,4.306666,0.0
2022,8,7,2.8895565359999993,5.096666,1.603557
2022,8,8,2.407287816,8.923333,0.4037988
2022,8,9,2.0284626,9.336665,0.2830653
2022,8,10,1.8527223600000002,11.82,0.2163181
2022,8,11,1.831825512,10.78,0.0
2022,8,12,1.8780896400000007,11.87,0.0
2022,8,13,1.9671457920000004,11.91333,0.0
2022,8,14,2.0363493360000002,13.48667,0.06280136
2022,8,15,1.9976046000000003,12.47333,5.774253
2022,8,16,2.027985216,12.42,13.01233
2022,8,17,2.20939464,8.516666,10.97193
2022,8,18,2.33097972,8.836667,2.074451
2022,8,19,2.253458784,10.73,4.668336
2022,8,20,2.153540448,10.72,0.0
2022,8,21,2.18107188,5.85,2.332553
2022,8,22,2.133491016,4.933334,0.0
2022,8,23,1.882088688,7.113333,0.0
2022,8,24,1.731207312,9.446667,0.0
2022,8,25,1.6309655280000004,13.02,0.0
2022,8,26,1.599615864,11.19333,8.31035
2022,8,27,1.6946978399999997,8.113333,0.0
2022,8,28,1.801710912,6.626667,0.0
2022,8,29,1.8042547680000003,7.276667,0.0
2022,8,30,1.718093448,5.793334,0.0
2022,8,31,1.61373792,6.719999,0.0
2022,9,1,1.5127512,7.45,0.0
2022,9,2,1.4311439759999998,6.186666,0.2670982
2022,9,3,1.382540568,7.253333,0.0
2022,9,4,1.3203026399999997,7.613334,0.0
2022,9,5,1.266064104,7.623333,0.0
2022,9,6,1.223667768,6.45,0.0
2022,9,7,1.186858152,6.473332,0.0
2022,9,8,1.149481728,5.376667,0.0
2022,9,9,1.114959408,4.28,0.0
2022,9,10,1.082006112,4.216666,0.0
2022,9,11,1.054260024,5.026667,0.0
2022,9,12,1.0284584399999999,5.036666,23.66731
2022,9,13,1.242136272,5.696667,10.93664
2022,9,14,1.411513392,4.793333,0.4082947
2022,9,15,1.3627590720000002,3.7,0.8950515
2022,9,16,1.373026584,4.36,0.5782342
2022,9,17,1.3581922079999997,3.68,0.0
2022,9,18,1.316069952,2.92,0.0
2022,9,19,1.2620913120000004,1.516667,0.0
2022,9,20,1.208719704,0.06000042,0.0
2022,9,21,1.166968224,2.76,0.0
2022,9,22,1.134128376,4.303333,4.21491
2022,9,23,1.1192455679999997,4.496667,4.783121
2022,9,24,1.123477152,2.73,0.0
2022,9,25,1.102225632,0.6533334,5.168033
2022,9,26,1.145068992,1.276667,19.75749
2022,9,27,1.7252884799999997,3.073333,6.737667
2022,9,28,2.373881136,2.886667,3.684501
2022,9,29,2.824878192,1.68,0.0
2022,9,30,2.655824472000001,1.15,1.79799
2022,10,1,2.64537816,3.266666,8.974296
2022,10,2,2.7805458000000005,2.783333,1.151477
2022,10,3,2.59314744,2.186666,0.0
2022,10,4,2.361378024000001,3.453333,4.654243
2022,10,5,2.318961192,2.216666,7.209101
2022,10,6,2.866808544000001,1.286667,4.353612
2022,10,7,3.12888744,1.756667,4.153691
2022,10,8,3.371455344,-0.08333331,0.0
2022,10,9,3.154102008,1.226667,0.0
2022,10,10,2.857752216,2.466667,1.143815
2022,10,11,2.5290762000000004,-0.5933334,0.07536173
2022,10,12,2.236063152,0.7133333,0.3090711
2022,10,13,2.02994724,1.7,0.0
2022,10,14,1.846360968,-1.046667,7.698268
2022,10,15,1.896780984,0.3099999,1.022116
2022,10,16,1.820956344,-0.4966667,2.432893
2022,10,17,1.751573472,0.1033332,0.0
2022,10,18,1.674679584,-0.9100001,0.0
2022,10,19,1.593380208,-2.173333,0.0
2022,10,20,1.523415744,-3.583333,0.0
2022,10,21,1.45551948,-3.68,0.0
2022,10,22,1.429456824,-2.083333,0.0
2022,10,23,1.38988248,-1.21,0.04605436
2022,10,24,1.3660785599999996,-0.3,1.432341
2022,10,25,1.35228252,0.8233333,0.8937318
2022,10,26,1.339340976,1.136666,2.048202
2022,10,27,1.3324368720000004,2.893333,0.0
2022,10,28,1.331169192,3.386666,2.7447
2022,10,29,1.370721696,3.67,0.4382848
2022,10,30,1.372556736,0.7666667,0.0
2022,10,31,1.4004027359999998,1.993334,0.0
2022,11,1,1.446053256,0.9033329,4.21727
2022,11,2,1.631281704,2.08,3.234075
2022,11,3,1.698982392,-0.08333302,10.13644
2022,11,4,1.9749463680000003,1.25,10.74431
2022,11,5,2.5044802799999992,-0.4466667,3.066279
2022,11,6,2.507858568,-1.986667,1.930167
2022,11,7,2.3175605759999995,-2.893333,3.466306
2022,11,8,2.111351568,-1.96,2.747398
2022,11,9,1.9744504559999996,-0.7366662,3.676679
2022,11,10,1.841154024,0.2733335,6.662333
2022,11,11,2.4039031199999994,5.066667,4.526476
2022,11,12,3.5915946,2.550001,0.0
2022,11,13,4.892643096,-0.1433339,0.0
2022,11,14,5.0282110320000015,-1.173334,0.0
2022,11,15,4.391457,-2.156667,0.2595797
2022,11,16,3.596055672,-4.366667,0.0
2022,11,17,2.866444032,-8.256666,0.0
2022,11,18,2.303629704,-10.27,0.0
2022,11,19,1.9239656640000002,-10.91,0.0
2022,11,20,1.718437584,-11.53,0.0
2022,11,21,1.657579656,-10.51667,3.713032
2022,11,22,1.5118857119999998,-9.926666,4.744406
2022,11,23,1.421927256,-6.47,3.758818
2022,11,24,1.393053024,-5.746667,3.930451
2022,11,25,1.364989416,-3.836666,1.660523
2022,11,26,1.332004584,-4.196667,0.05425429
2022,11,27,1.302610032,-2.18,4.476517
2022,11,28,1.282943088,-3.09,4.649585
2022,11,29,1.266810528,-4.736667,2.925873
2022,11,30,1.246788936,-7.48,0.0
2022,12,1,1.217989224,-7.906667,0.0
2022,12,2,1.18249212,-8.719999,0.0
2022,12,3,1.165000584,-9.08,0.0
2022,12,4,1.124904288,-14.36,0.0
2022,12,5,1.2330172319999997,-12.33333,0.0
2022,12,6,1.070325096,-9.776667,0.9265704
2022,12,7,1.039843392,-14.4,2.422761
2022,12,8,1.1083328880000003,-11.33333,0.7113669
2022,12,9,1.153645128,-18.66,0.0
2022,12,10,0.932762232,-20.45,0.0
2022,12,11,0.93623724,-20.19333,0.0
2022,12,12,0.93371736,-19.01666,0.0
2022,12,13,0.9064594319999998,-22.59667,0.0
2022,12,14,0.8759888879999999,-18.27333,0.0
2022,12,15,0.888626784,-13.49333,0.1414385
2022,12,16,0.82405488,-17.24333,0.04186773
2022,12,17,0.8730001919999998,-13.92667,2.210684
2022,12,18,0.991503648,-10.23667,0.0
2022,12,19,1.8049332719999998,-8.103333,5.694339
2022,12,20,1.7080552560000004,-4.566667,0.538433
2022,12,21,1.642094424,-8.256666,1.335777
2022,12,22,1.643426112,-11.45,1.364347
2022,12,23,1.4835305279999997,-14.71,0.0
2022,12,24,1.2638478960000004,-18.18667,0.0
2022,12,25,1.243606296,-11.74,3.930626
2022,12,26,1.294801008,-4.950001,4.082958
2022,12,27,1.22855532,-9.66,0.0
2022,12,28,1.20832572,-13.98333,4.922991
2022,12,29,1.378408704,-7.256667,7.111572
2022,12,30,1.25984496,-6.396666,7.856026
2022,12,31,1.164070536,-5.83,2.451264
2023,1,1,1.154124984,-18.25333,0.0
2023,1,2,1.1949505680000003,-17.91667,0.0
2023,1,3,1.534184544,-18.68667,0.0
2023,1,4,1.442313552,-12.30667,10.32697
2023,1,5,1.305790248,-11.73,4.372452
2023,1,6,1.194838512,-10.22,8.012055
2023,1,7,1.184129136,-7.236666,6.49732
2023,1,8,1.222712592,-2.083333,3.504149
2023,1,9,1.2575162879999997,-2.61,4.393628
2023,1,10,1.211594856,-5.77,6.169917
2023,1,11,1.180119048,-3.099999,2.714401
2023,1,12,1.1634291600000004,-5.766666,0.0
2023,1,13,1.1120804640000004,-7.63,3.222731
2023,1,14,1.1559623280000004,-6.116666,5.435726
2023,1,15,1.131742056,-7.07,1.650336
2023,1,16,1.115424024,-10.82,4.397036
2023,1,17,1.132522464,-6.59,4.495895
2023,1,18,1.114353816,-13.57,0.0
2023,1,19,1.169269032,-15.15,0.0
2023,1,20,1.3080200399999997,-18.53,0.0
2023,1,21,1.398240552,-13.53333,0.0
2023,1,22,1.460484744,-11.37667,0.0
2023,1,23,1.136491776,-6.213332,0.0
2023,1,24,1.243303104,-0.8933325,1.848941
2023,1,25,1.225438728,-1.113333,0.1414386
2023,1,26,1.234427592,-7.036667,0.0
2023,1,27,1.260008016,-7.136666,0.0
2023,1,28,1.3875209759999996,-3.203333,0.0
2023,1,29,1.45998444,-2.616666,5.861341
2023,1,30,1.442465352,-4.923334,1.43834
2023,1,31,1.4513825040000004,-9.669999,2.160454
2023,2,1,1.702674336,-12.75,0.0
2023,2,2,2.561902848000001,-14.72667,3.764416
2023,2,3,3.413846664,-11.14333,3.699802
2023,2,4,3.517673688000001,-10.85,1.892781
2023,2,5,3.6968532480000005,-8.016666,0.0
2023,2,6,2.9677813679999994,-4.543333,0.0
2023,2,7,2.329046616,-4.19,0.0
2023,2,8,2.34620076,-3.479999,1.584919
2023,2,9,1.6495338960000003,-5.68,7.300458
2023,2,10,1.075803192,-8.013332,8.991119
2023,2,11,1.075752816,-2.003332,0.0
2023,2,12,1.065530016,1.223332,0.0
2023,2,13,0.9800067840000002,-0.4033327,0.0
2023,2,14,0.907657152,-5.18,0.0
2023,2,15,0.8972115396923078,-3.976666,0.0
2023,2,28,0.19193103360000002,-3.57,0.0
2023,4,18,1.0874166994285712,-0.4033337,0.0
2023,4,19,1.1498503680000003,1.853333,0.0
2023,4,20,1.1657724,1.116667,0.0
2023,4,21,1.185518808,1.96,0.0
2023,4,22,1.295720208,1.433333,1.464441
2023,4,23,1.260167352,-1.296667,7.831177
2023,4,24,1.180782816,-4.526667,4.067475
2023,4,25,1.0937345279999997,-5.416667,0.9459377
2023,4,26,1.040777136,-5.41,0.0
2023,4,27,1.016348688,-4.53,0.0
2023,4,28,0.9965584079999998,-5.456666,3.494085
2023,4,29,1.0051761119999998,-4.796666,0.0
2023,4,30,0.9862606079999998,-4.53,0.5511809
2023,5,1,0.9931169999999998,-4.993334,0.3218325
2023,5,2,0.9987947520000001,-2.986667,0.0
2023,5,3,1.010718696,-4.396667,0.0
2023,5,4,1.026704376,-6.46,0.0
2023,5,5,1.057285992,-5.736667,0.0
2023,5,6,1.10031144,-3.733333,0.0
2023,5,7,1.165516584,-1.203333,0.0
2023,5,8,1.2964199039999997,0.8066666,0.0
2023,5,9,1.5647777999999997,1.833333,3.723164
2023,5,10,2.209428912,2.9,0.0
2023,5,11,3.0461527679999993,3.123333,0.0
2023,5,12,4.1079252959999994,4.096667,0.0
2023,5,13,5.956305456,4.536666,0.0
2023,5,14,8.05212192,4.173333,0.0
2023,5,15,10.16224584,4.266667,0.0
2023,5,16,11.177004959999998,0.9199998,0.0
2023,5,17,10.55303232,-2.256667,0.0
2023,5,18,9.3087708,0.4233333,0.0
2023,5,19,9.56615904,3.903333,0.0
2023,5,20,11.41304376,4.69,0.0
2023,5,21,14.500368480000002,5.446667,0.0
2023,5,22,17.01252192,6.183333,10.21749
2023,5,23,16.92564672,2.956666,0.1498661
2023,5,24,16.918378560000004,2.796667,0.0
2023,5,25,16.162187040000003,0.8699996,0.0
2023,5,26,14.55097896,0.0333333,0.0
2023,5,27,12.887087520000003,2.36,0.6803403
2023,5,28,12.264783840000003,-0.3266666,0.0
2023,5,29,11.3401824,0.4533329,0.0
2023,5,30,10.989533999999997,6.123333,0.0
2023,5,31,11.61903336,4.36,0.0
2023,6,1,11.776527360000003,0.2666669,0.0
2023,6,2,10.80075288,2.303334,0.0
2023,6,3,10.415534399999997,5.083333,0.0
2023,6,4,11.22014112,6.476666,0.0
2023,6,5,7.733737488000001,7.25,0.0
2023,6,6,6.2340288,5.38,0.0
2023,6,7,6.43680216,6.166667,0.0
2023,6,8,6.381015552,6.130001,0.0
2023,6,9,5.573900688,7.343333,0.0
2023,6,10,6.032496959999999,8.933332,0.0
2023,6,11,6.56907528,9.52,0.0
2023,6,12,7.15294632,8.533333,0.0
2023,6,13,7.823310479999999,11.44333,0.0
2023,6,14,9.082773120000002,12.80333,0.0
2023,6,15,9.79833216,13.32333,0.0
2023,6,16,11.096429759999998,13.13,2.948326
2023,6,17,11.86443792,12.50667,0.3244768
2023,6,18,11.0301396,12.10333,5.96841
2023,6,19,10.99793616,8.789999,3.41193
2023,6,20,12.27820344,9.619999,3.071659
2023,6,21,11.171067119999998,10.12333,9.10739
2023,6,22,10.90441944,8.880001,0.0
2023,6,23,9.794520719999998,8.636666,0.0
2023,6,24,8.528340720000001,10.35667,0.0
2023,6,25,7.405953119999999,13.81333,0.0
2023,6,26,6.89076696,12.74333,4.513916
2023,6,27,7.94786136,12.44333,0.09629583
2023,6,28,7.83826032,13.64,1.701878
2023,6,29,7.646161680000001,11.01333,32.80603
2023,6,30,11.35760136,7.926667,0.3570567
2023,7,1,10.458013919999997,9.206666,0.6429291
2023,7,2,11.70684792,7.326667,3.079431
2023,7,3,8.868439440000003,7.39,14.83418
2023,7,4,7.3897812,7.386666,5.698191
2023,7,5,6.81612312,7.163333,3.174291
2023,7,6,6.55008504,7.81,4.564964
2023,7,7,5.96046816,9.419999,0.6654046
2023,7,8,5.242925471999999,11.67667,0.0
2023,7,9,4.708488408,13.92667,0.0
2023,7,10,4.521499416,13.27,4.104133
2023,7,11,5.818920023999999,9.709999,11.52431
2023,7,12,8.550082559999998,8.573333,6.516694
2023,7,13,8.84415456,8.14,7.631095
2023,7,14,8.49358032,7.916667,0.0
2023,7,15,7.21628904,6.926666,10.97395
2023,7,16,9.92775768,8.293333,6.049648
2023,7,17,10.97807472,8.173333,2.086086
2023,7,18,10.18094232,6.106667,0.7009534
2023,7,19,8.71054248,4.213333,0.7018635
2023,7,20,7.49327232,5.6,2.857877
2023,7,21,6.296745119999999,5.396667,5.931204
2023,7,22,5.770972847999999,6.72,5.947357
2023,7,23,5.488076376000001,8.009999,5.1219
2023,7,24,5.223294288,7.36,28.76929
2023,7,25,13.298878248,6.453333,15.17926
2023,7,26,18.443469600000004,8.363334,4.148299
2023,7,27,14.40791256,8.33,6.109881
2023,7,28,12.90247224,9.803333,2.174236
2023,7,29,10.964875439999997,10.59,0.4539337
2023,7,30,9.69968424,9.203333,3.842393
2023,7,31,8.85417768,9.17,1.956435
2023,8,1,8.488018079999998,7.766666,8.753474
2023,8,2,8.49613512,9.396667,2.559422
2023,8,3,7.90477752,9.389999,3.11739
2023,8,4,7.658466960000001,9.143333,2.770292
2023,8,5,7.61489592,7.483333,3.128032
2023,8,6,7.632263520000001,8.63,3.328986
2023,8,7,11.53876272,6.643333,59.68812
2023,8,8,34.02797448,8.536667,46.15414
2023,8,9,43.02204071999999,5.376666,12.76072
2023,8,10,32.21474232000001,5.426667,0.0
2023,8,11,22.33843224,8.583333,1.463325
2023,8,12,16.03004568,9.666667,0.2832942
2023,8,13,11.172533759999997,8.969999,5.000468
2023,8,14,7.69889112,8.813333,3.055327
2023,8,15,9.07326288,8.483333,8.337414
2023,8,16,9.07931328,9.373333,3.104404
2023,8,17,8.5844172,9.543334,0.0
2023,8,18,7.842781199999998,10.26333,1.765205
2023,8,19,7.21734024,8.923333,12.946
2023,8,20,9.55024008,10.63333,21.35462
2023,8,21,13.27288536,9.57,3.62806
2023,8,22,12.14181912,8.893334,1.399061
2023,8,23,10.060809359999997,7.223333,8.00185
2023,8,24,9.67215216,7.94,4.385913
2023,8,25,11.240644799999998,7.329999,15.16755
2023,8,26,14.7874404,7.92,8.37779
2023,8,27,16.19550384,8.036667,9.999886
2023,8,28,15.33989592,7.02,3.280903
2023,8,29,12.69203184,6.353333,1.439279
2023,8,30,10.29622272,6.553333,1.500431
2023,8,31,8.17095288,6.896667,0.0
2023,9,1,6.379476360000001,7.543334,0.0
2023,9,2,5.248663608,6.263333,3.298474
2023,9,3,4.602137136,6.313334,4.537618
2023,9,4,4.275473688000001,10.63,1.548874
2023,9,5,4.1574347760000006,9.33,0.0
2023,9,6,3.939152472,7.693333,0.0
2023,9,7,3.5752560959999995,10.31,0.0
2023,9,8,3.351752544,12.22333,0.0
2023,9,9,3.3609168000000005,11.85667,0.0
2023,9,10,3.19638324,10.92333,2.676774
2023,9,11,3.80605236,10.11,12.95355
2023,9,12,4.657967256,5.77,0.0
2023,9,13,3.4192785839999993,1.213333,0.0
2023,9,14,2.933295072,1.91,1.774197
2023,9,15,2.303986224,5.386666,0.8185588
2023,9,16,1.9395685440000003,2.853333,1.877793
2023,9,17,1.7773868879999997,2.636667,0.5976511
2023,9,18,1.820810688,3.856667,17.90109
2023,9,19,3.9831716159999995,4.063333,12.2913
2023,9,20,4.039185336000001,2.46,9.704246
2023,9,21,5.590195968,7.950001,19.55783
2023,9,22,7.994428799999999,4.286666,3.251641
2023,9,23,7.744504320000002,2.866667,0.0
2023,9,24,6.339306,3.25,3.05168
2023,9,25,5.538804336000001,7.75,2.566844
2023,9,26,5.207123735999999,6.993334,1.38983
2023,9,27,4.283675472,6.15,3.377605
2023,9,28,4.138494767999999,6.046667,5.60146
2023,9,29,4.218780024000001,6.14,1.098442
2023,9,30,3.795916343999999,4.186666,0.1339765
2023,10,1,3.391628016,3.41,0.0
2023,10,2,2.9624284799999994,2.996666,0.0
2023,10,3,2.5952062080000005,2.203333,0.2798438
2023,10,4,2.288702616,1.25,0.3713505
2023,10,5,2.0043455999999997,-0.8499999,1.827351
2023,10,6,1.86918156,-0.8266667,14.18386
2023,10,7,1.869188016,-2.62,0.2579172
2023,10,8,1.7725892399999996,-2.353333,0.0
2023,10,9,1.717440912,-2.773333,0.0
2023,10,10,1.7237738400000002,0.5233333,4.59819
2023,10,11,1.965274392,-0.2566666,5.247975
2023,10,12,1.7785334400000004,-0.8966667,1.172305
2023,10,13,1.795595712,-0.8499999,5.094591
2023,10,14,1.807058256,-1.67,0.8172043
2023,10,15,1.732786272,-2.553333,0.1497583
2023,10,16,1.666191144,-2.366667,0.0
2023,10,17,1.605174072,-0.00333333,0.0
2023,10,18,1.555814808,-4.04,0.0
2023,10,19,1.479973584,-7.793333,0.1206388
2023,10,20,1.416567792,-7.986668,0.0
2023,10,21,1.36062624,-7.37,1.443064
2023,10,22,1.332709944,-3.393333,0.0
2023,10,23,1.311719016,-2.65,0.0
2023,10,24,1.286212848,-2.273333,0.0
2023,10,25,1.17219408,-3.47,0.2127218
2023,10,26,0.934963536,-6.45,0.0
2023,10,27,0.9129973919999999,-7.96,0.0
2023,10,28,0.897482736,-8.443333,0.4099829
2023,10,29,0.860040456,-11.33,0.0
2023,10,30,0.8225289119999999,-11.96333,0.0
2023,10,31,1.0353639840000002,-10.47333,1.775768
2023,11,1,1.021350984,-10.54,1.64705
2023,11,2,1.013320104,-6.859999,7.690257
2023,11,3,1.0364191919999999,-4.626666,13.16931
2023,11,4,1.057905864,-2.956666,0.0
2023,11,5,1.0439413920000002,-3.173333,0.0
2023,11,6,1.0262148000000002,-5.27,0.0
2023,11,7,0.997445736,-8.893332,0.0
2023,11,8,0.96988212,-10.82333,2.184985
2023,11,9,1.002910104,-5.8,3.540257
2023,11,10,1.01124096,-5.76,1.717581
2023,11,11,0.9889052639999999,-5.236667,0.0
2023,11,12,0.9706005839999998,-6.47,0.0
2023,11,13,0.929079384,-12.77,0.07536173
2023,11,14,0.779708088,-9.793334,0.0
2023,11,15,0.8094515280000002,-12.06,0.0
2023,11,16,0.8745822720000002,-12.52333,0.0
2023,11,17,0.838536576,-17.10667,0.0
2023,11,18,0.824635896,-16.25333,0.0
2023,11,19,0.824805216,-13.29,0.0
2023,11,20,0.818099064,-10.27333,0.0
2023,11,21,0.8719389359999998,-14.09667,0.9391041
2023,11,22,0.882213768,-7.036666,8.219229
2023,11,23,0.9407592720000002,-6.843333,3.312171
2023,11,24,0.890745936,-7.17,0.1990321
2023,11,25,0.8583774000000002,-5.67,0.0
2023,11,26,0.865918152,-7.666667,0.0
2023,11,27,0.885895224,-13.43333,0.0
2023,11,28,0.884561784,-17.67333,1.287413
2023,11,29,0.916150608,-12.90667,0.5675529
2023,11,30,0.9440393999999999,-17.11333,0.0
2023,12,1,0.9307473840000001,-18.05,0.0
2023,12,2,13.177450332,-16.76,0.0
2023,12,11,14.930039567999998,-10.27667,0.0
2023,12,12,2.0208266879999996,-10.79,0.0
2023,12,13,3.9744288,-14.25,0.0
2023,12,14,2.816346264,-16.82333,0.501314
2023,12,15,2.175146856,-8.079999,3.178959
2023,12,16,2.114067144,-0.6800003,6.434262
2023,12,17,1.276032504,-0.2200003,2.007383
2023,12,18,1.342893288,0.3933334,1.502471
2023,12,19,1.7014332,-6.076666,2.551316
2023,12,20,1.845942624,-11.84333,1.654992
2023,12,21,2.066517432000001,-10.51333,6.3726
2023,12,22,2.358662832,-10.75,0.0
2023,12,23,2.645990208,-14.73667,0.0
2023,12,24,3.868281456,-12.33,5.251142
2023,12,25,4.903294296,-9.083333,0.0
2023,12,26,5.640812135999998,-7.780001,1.700041
2023,12,27,6.18717792,-10.87,2.563528
2023,12,28,6.7012596,-9.58,1.817648
2023,12,29,7.00118136,-9.666666,1.555008
2023,12,30,7.045889279999999,-9.323333,0.0
2023,12,31,6.7825476,-7.996666,1.541467
2024,1,1,6.60317856,-12.19667,2.959046
2024,1,2,6.9546684,-14.49333,0.112413
2024,1,3,8.20485144,-21.5,0.0
2024,1,4,7.063040639999999,-25.56333,0.0
2024,1,5,7.509827280000001,-24.96333,0.0
2024,1,6,7.939885199999999,-21.34333,0.0
2024,1,7,8.202257759999998,-22.13,0.0
2024,1,8,8.36637288,-11.98333,0.0
2024,1,9,7.66007232,-4.683333,0.0
2024,1,10,6.58771608,-5.873333,0.0
2024,1,11,5.469670464,-0.9599996,0.0
2024,1,12,4.392349704,-0.4566669,0.0
2024,1,13,3.4694497680000005,-2.976667,0.0
2024,1,14,2.559046512,-6.573333,1.741452
2024,1,15,2.307838944,-17.07333,0.0
2024,1,16,2.0100198000000002,-20.17333,0.0
2024,1,17,2.0772419999999996,-21.06667,2.045976
2024,1,18,2.064741696,-14.64667,0.0
2024,1,19,1.751505648,-15.58333,0.5635942
2024,1,20,1.43663664,-15.79333,0.9136087
2024,1,21,1.587795744,-8.169999,8.364551
2024,1,22,1.46933376,-3.113332,3.631336
2024,1,23,1.172032824,-4.213333,4.00592
2024,1,24,1.08667068,-4.886666,0.8552078
2024,1,25,0.9434638799999998,-6.409999,0.8777121
2024,1,26,0.87855192,-4.920001,2.105411
2024,1,27,0.837174696,-2.439999,2.730181
2024,1,28,0.855688176,-0.7766666,0.0
2024,1,29,1.130410176,-2.97,0.0
2024,1,30,0.997382424,-12.52333,0.0
2024,1,31,1.133416248,-6.006667,5.654109
2024,2,1,0.7780724399999999,-6.906667,2.645882
2024,2,2,0.958406088,-3.02,10.19082
2024,2,3,0.7905672480000001,-5.086667,7.365353
2024,2,4,0.804147528,-7.966666,2.758778
2024,2,5,0.924461472,-12.14667,0.0
2024,2,6,0.988890768,-17.17333,1.151518
2024,2,7,0.93202908,-20.75333,0.0
2024,2,8,0.8485890480000001,-21.63667,0.0
2024,2,9,0.921222792,-21.16,0.0
2024,2,10,1.0129285439999998,-15.76,0.07117534
2024,2,11,0.813991752,-9.863332,0.0
2024,2,12,0.713497656,-8.546666,7.671178
2024,2,13,0.679924296,-9.586667,0.7467537
2024,2,14,0.795404016,-9.036667,0.0
2024,2,15,1.0422796799999998,-10.45333,5.717864
2024,2,16,1.076985024,-5.123333,0.6931297
2024,2,17,0.982121592,-8.37,0.0
2024,2,18,1.374474816,-10.54333,0.3630707
2024,2,19,1.1260281839999997,-8.089999,0.0
2024,2,20,1.097583936,-3.819999,0.0
2024,2,21,0.9649682879999999,-4.53,1.924907
2024,2,22,0.790030776,-3.273333,1.4175
2024,2,23,0.880208472,-3.123334,4.803245
2024,2,24,0.84093444,-4.903334,0.0
2024,2,25,0.803614896,-8.486667,0.0
2024,2,26,0.7459177440000001,-11.89333,0.0
2024,2,27,0.706561224,-9.956667,0.0
2024,2,28,0.740715912,-3.513333,1.038756
2024,2,29,0.965472048,-2.46,1.233482
2024,3,1,1.226056848,-1.9,3.668212
2024,3,2,1.25049852,-1.483334,1.832098
2024,3,3,0.940127808,-1.0,3.67998
2024,3,4,0.901331712,-1.963333,0.3635662
2024,3,5,1.0238117279999996,-5.65,0.0
2024,3,6,0.9663814079999998,-9.053332,0.0
2024,3,7,0.9592595279999998,-9.333333,0.0
2024,3,8,0.9482971199999999,-10.94667,0.0
2024,3,9,0.9958212,-8.196667,0.0
2024,3,10,0.91762572,-9.18,0.0
2024,3,11,0.866173968,-10.04667,0.0
2024,3,12,0.7550287439999999,-6.7,0.0
2024,3,13,0.763085088,-3.649999,1.743279
2024,3,14,0.7573967519999999,-1.166667,0.0
2024,3,15,0.745027416,-3.6,7.382757
2024,3,16,0.754527144,-8.123333,0.6468201
2024,3,17,0.7113578159999998,-10.41667,0.0
2024,3,18,0.77189844,-6.9,0.0
2024,3,19,0.746840976,-5.663333,2.036422
2024,3,20,0.72881556,-3.573334,0.0
2024,3,21,0.72251736,-5.953333,2.492122
2024,3,22,0.723781776,-2.639999,0.0
2024,3,23,0.730842792,-3.753333,2.090822
2024,3,24,0.7338748559999998,-5.35,0.85145
2024,3,25,0.7208656080000002,-9.046666,0.4615533
2024,3,26,0.699402984,-8.253334,3.755879
2024,3,27,0.719082504,-3.83,3.622654
2024,3,28,0.704585616,-1.19,3.271082
2024,3,29,0.722014896,-0.7433333,1.348027
2024,3,30,0.761868288,-1.41,5.679778
2024,3,31,0.817501728,-0.6366668,3.581882
2024,4,1,0.782595216,-2.616666,0.0
2024,4,2,0.787615536,-5.093333,0.0
2024,4,3,0.7306856640000001,-9.123334,0.0
2024,4,4,0.702809832,-11.87667,3.166627
2024,4,5,0.6975467519999998,-9.436666,0.0
2024,4,6,0.6837763920000002,-5.28,3.027525
2024,4,7,0.732363336,0.4733338,4.019648
2024,4,8,0.8386080000000001,0.5733333,0.0
2024,4,9,0.8260782480000002,1.546667,5.888728
2024,4,10,0.8070743999999999,-0.686667,2.968119
2024,4,11,0.778963368,0.7766662,1.26456
2024,4,12,1.009452504,2.59,1.277604
2024,4,13,1.40858712,0.7700002,1.934583
2024,4,14,1.602166512,-2.84,0.0
2024,4,15,1.160705808,-4.6,0.0
2024,4,16,1.110888144,-4.156666,0.0
2024,4,17,1.059163368,-5.58,0.0
2024,4,18,0.911623968,-6.286667,0.0
2024,4,19,0.8700108719999998,-4.686666,2.099949
2024,4,20,0.8403865920000002,-4.713333,0.0
2024,4,21,0.8307346320000002,-4.69,0.0
2024,4,22,0.82765596,-4.14,0.0
2024,4,23,0.832295808,-3.56,0.0
2024,4,24,0.831288336,-3.563334,0.0
2024,4,25,0.828423096,-4.123333,0.3626688
2024,4,26,0.833269296,-3.113333,0.0
2024,4,27,0.833585712,-2.976666,0.0
2024,4,28,0.839417232,-2.836667,6.30164
2024,4,29,0.860112072,0.21,0.0
2024,4,30,0.9465565439999999,1.623333,0.435424
2024,5,1,1.1240239439999997,3.46,0.0
2024,5,2,1.417386552,4.803334,0.0
2024,5,3,1.877114592,5.45,0.0
2024,5,4,2.540931504,5.37,0.0
2024,5,5,3.00775596,5.906666,0.0
2024,5,6,3.7760942639999993,3.913333,0.0
2024,5,7,4.338213576,3.543334,0.0
2024,5,8,4.70801484,3.64,0.1580783
2024,5,9,5.027946072,2.896667,0.0
2024,5,10,4.462368120000002,1.713333,0.0
2024,5,11,3.227394431999999,4.15,0.0
2024,5,12,3.247831368,7.233333,0.0
2024,5,13,4.452276648,6.74,0.0
2024,5,14,5.077118784,7.32,0.0
2024,5,15,4.917799463999999,7.263333,0.0
2024,5,16,5.022381672,8.556667,0.0
2024,5,17,5.59489332,7.309999,0.0
2024,5,18,5.668671456000001,7.289999,0.0
2024,5,19,5.722045536000001,5.106667,0.0
2024,5,20,5.446821768,5.173333,0.0
2024,5,21,5.011189032,8.436667,0.0
2024,5,22,4.883397335999999,8.636666,0.0
2024,5,23,5.053727976,9.549999,1.676236
2024,5,24,5.942860152,10.50333,0.7737522
2024,5,25,6.635628480000001,11.37333,0.9312544
2024,5,26,7.80083688,10.37,8.022785
2024,5,27,10.39112376,7.533333,10.89734
2024,5,28,10.651318800000002,8.459999,8.604164
2024,5,29,11.51405088,7.116666,0.8100786
2024,5,30,10.84678104,5.756666,5.803557
2024,5,31,9.569332080000002,9.796667,0.0
2024,6,1,8.25913848,11.36333,0.0
2024,6,2,7.13366112,9.67,0.0
2024,6,3,6.262979759999999,5.47,0.0
2024,6,4,5.477237472000001,3.61,13.49358
2024,6,5,8.481042647999999,1.856667,10.60692
2024,6,6,7.934528159999998,1.21,0.0
2024,6,7,6.466926408,2.026667,1.77123
2024,6,8,5.019466704000001,1.216667,10.79429
2024,6,9,4.52911536,0.643333,5.734139
2024,6,10,4.484285064,3.593333,5.42051
2024,6,11,4.007338464000001,4.046667,2.705046
2024,6,12,3.539580744,2.09,6.890894
2024,6,13,3.614119824,3.106667,9.047697
2024,6,14,3.7974420480000006,5.243333,0.8736708
2024,6,15,3.392508624,4.91,4.019123
2024,6,16,3.7060555200000005,5.690001,4.039868
2024,6,17,4.272950016,5.969999,5.246015
2024,6,18,4.789600152,5.073334,3.92283
2024,6,19,4.796479728,5.55,0.0
2024,6,20,4.100468256000001,5.003334,0.0
2024,6,21,3.3554335440000007,8.52,0.0
2024,6,22,2.8417516319999994,9.35,0.8628582
2024,6,23,2.39132172,8.23,0.0
2024,6,24,2.419927152,10.81,0.0
2024,6,25,2.375522064,13.90667,0.0
2024,6,26,2.738015688,15.04333,0.0
2024,6,27,3.083172792,15.49667,1.153758
2024,6,28,4.389249936,12.64667,2.59152
2024,6,29,5.39464704,5.753333,0.0
2024,6,30,5.011931351999999,5.646667,4.85679
2024,7,1,4.13244768,6.656666,0.0
2024,7,2,3.020661888,6.03,0.0
2024,7,3,2.307270984,6.536667,5.434113
2024,7,4,1.977099936,4.463333,9.571632
2024,7,5,2.44615068,2.803333,14.75002
2024,7,6,2.86005696,5.783333,6.955181
2024,7,7,3.022772928,5.453332,5.678824
2024,7,8,2.808074376,5.836667,6.155865
2024,7,9,2.724215712,7.706667,0.364892
2024,7,10,2.54439012,6.059999,18.43647
2024,7,11,4.48428216,11.36,2.127378
2024,7,12,4.88768832,11.36333,0.0
2024,7,13,4.496073696,12.96333,0.0
2024,7,14,3.948172032,10.21,14.16807
2024,7,15,8.15255736,10.62,0.0
2024,7,16,7.08638472,10.06333,4.231768
2024,7,17,6.32963544,10.71333,2.905542
2024,7,18,5.863753776,10.69333,0.0
2024,7,19,4.63606404,11.61333,0.0
2024,7,20,3.49719624,15.13333,0.0
2024,7,21,3.1552198560000004,14.62,6.366857
2024,7,22,4.26833976,9.94,16.8582
2024,7,23,6.113226096,9.936666,5.301464
2024,7,24,6.552773496,7.103333,1.615298
2024,7,25,5.857860768000001,9.74,0.0
2024,7,26,5.470148664,8.99,7.17787
2024,7,27,6.54049752,7.78,3.601669
2024,7,28,5.947770023999999,8.446667,0.0
2024,7,29,4.392283776,8.893333,0.0
2024,7,30,3.5698567199999993,9.33,0.0
2024,7,31,2.909234952,7.31,0.0
2024,8,1,1.886873328,7.94,0.0
2024,8,2,1.743472464,11.09333,0.0
2024,8,3,1.622417544,10.45333,9.039585
2024,8,4,1.646288616,10.96333,1.791733
2024,8,5,1.5295643999999997,11.90667,0.0
2024,8,6,1.4698282079999996,13.37333,2.175685
2024,8,7,1.499934864,10.87,7.895143
2024,8,8,2.58566304,8.37,3.606928
2024,8,9,2.9225783999999995,6.066666,16.35533
2024,8,10,4.439765327999999,6.28,0.7141683
2024,8,11,3.8683194480000007,6.036666,0.0
2024,8,12,2.984181864000001,9.04,0.0
2024,8,13,2.328312528,11.26,0.0
2024,8,14,1.840541832,12.02,12.53212
2024,8,15,1.9246826639999997,10.39667,4.024117
2024,8,16,2.14578852,7.166667,0.0
2024,8,17,2.353567536,6.173333,0.0
2024,8,18,2.245922784,5.256667,5.240571
2024,8,19,1.895617056,5.776667,0.0
2024,8,20,1.760608488,8.243333,15.45664
2024,8,21,3.148735008,6.766666,2.866976
2024,8,22,3.4231949999999993,5.900001,5.613383
2024,8,23,4.796205168,5.533333,6.912672
2024,8,24,4.576108104,5.34,2.968788
2024,8,25,4.086607439999999,5.646666,0.0
2024,8,26,3.5354070719999995,5.02,1.494163
2024,8,27,3.159040032,5.793334,3.263755
2024,8,28,2.925692952,9.906667,0.0
2024,8,29,3.1143323039999995,9.696667,8.405346
2024,8,30,3.368397216,5.306667,0.0
2024,8,31,2.936373264,6.84,0.0
2024,9,1,2.42478576,9.809999,0.0
2024,9,2,1.96234236,7.196666,5.999694
2024,9,3,1.8638861040000003,8.306667,11.62919
2024,9,4,2.744261904,11.13333,3.089673
2024,9,5,3.631542576,13.91,0.0
2024,9,6,3.605372976,12.92667,0.0
2024,9,7,3.164372952,11.41667,0.0
2024,9,8,2.719804104,11.18,13.13732
2024,9,9,6.47023164,9.99,24.65753
2024,9,10,8.30979048,5.193333,7.304936
2024,9,11,8.68534584,2.75,3.131172
2024,9,12,7.728102,3.04,1.088903
2024,9,13,5.76845988,0.2633333,0.0
2024,9,14,4.316681159999999,2.243333,0.0795486
2024,9,15,3.25226844,7.38,3.290771
2024,9,16,3.471446952,6.953334,2.751582
2024,9,17,3.4779835920000006,6.593333,0.0
2024,9,18,2.9907748559999994,10.26333,0.0
2024,9,19,2.5983508799999995,10.35667,0.0
2024,9,20,2.1146822880000005,10.46,0.0
2024,9,21,1.879374936,8.553333,0.0
2024,9,22,1.7440246559999997,8.043332,0.0
2024,9,23,1.6250358720000002,5.176667,0.0
2024,9,24,1.5551241120000003,2.136667,12.5764
2024,9,25,1.8700261439999997,0.1700001,14.76354
2024,9,26,1.778484192,-2.216666,0.0
2024,9,27,1.5887076720000004,-1.9,0.4345261
2024,9,28,1.4765538959999998,-2.343333,2.172277
2024,9,29,1.36604244,-2.74,0.0
2024,9,30,1.267264608,0.02666664,0.0
2024,10,1,1.210273968,0.4799999,0.0
2024,10,2,1.16155164,-0.00666666,0.0
2024,10,3,1.12433124,-0.09666657,0.0
2024,10,4,1.086896544,-0.1900001,0.0
2024,10,5,1.0576330559999998,1.203333,3.797907
2024,10,6,1.047311232,2.263334,2.229106
2024,10,7,1.0360621680000002,0.9466667,3.589173
2024,10,8,1.0523760239999997,2.783333,5.544971
2024,10,9,1.152487128,3.28,11.14018
2024,10,10,1.324176216,-2.196666,3.185496
2024,10,11,1.222178496,-4.633333,0.2797233
2024,10,12,1.161217152,-4.0,3.807438
2024,10,13,1.145231304,-1.066667,2.77908
2024,10,14,1.124729736,-3.063333,0.0
2024,10,15,1.0961490479999998,-2.48,0.0
2024,10,16,1.0705678559999998,0.3199999,0.0
2024,10,17,1.055309088,3.343333,2.349749
2024,10,18,1.08617712,3.523333,0.0
2024,10,19,1.0822799279999997,4.87,8.360391
2024,10,20,1.193174616,5.01,6.190004
2024,10,21,1.544249064,3.166667,1.486554
2024,10,22,1.694243232,0.9300001,3.302833
2024,10,23,1.8889937760000004,3.68,1.272679
2024,10,24,1.854615552,3.193333,0.0
2024,10,25,1.7368788,-0.2933335,0.0
2024,10,26,1.6096945679999997,-0.07666659,4.719245
2024,10,27,1.566250848,-0.01333356,2.9635
2024,10,28,1.47688212,-1.963333,0.0
2024,10,29,1.3898068559999996,-0.8066664,2.023915
2024,10,30,1.3478331600000004,-0.3833334,3.461273
2024,10,31,1.2858897119999997,0.3100002,15.2055
2024,11,1,1.3618755840000003,-3.583333,1.785254
2024,11,2,1.32770256,-3.863333,1.768813
2024,11,3,1.429952064,3.896667,0.06239939
2024,11,4,1.350523032,0.9933329,0.0
2024,11,5,1.2709816559999996,-0.1733334,0.0
2024,11,6,1.16602692,-0.6466665,0.0
2024,11,7,1.10313588,0.126667,0.0
2024,11,8,1.057066344,0.2533331,0.0
2024,11,9,1.0239662639999998,-2.069999,0.0
2024,11,10,0.9918798960000001,-2.766667,0.0
2024,11,11,0.9638026080000002,-3.516667,0.0
2024,11,12,0.9403740960000001,-0.00666666,0.0
2024,11,13,0.928427232,3.203333,0.0
2024,11,14,0.904577688,1.48,0.0
2024,11,15,0.903629952,5.136666,4.977873
2024,11,16,0.9077689680000002,-4.026667,6.999161
2024,11,17,0.8908728480000001,-3.586666,4.384502
2024,11,18,0.85971456,-6.92,0.0
2024,11,19,0.842527248,-11.21333,0.0
2024,11,20,0.7875096480000001,-15.87333,0.0
2024,11,21,0.76257636,-15.76,0.0
2024,11,22,0.735702168,-11.30333,2.392782
2024,11,23,0.72718188,-8.423333,0.0
2024,11,24,0.711735,-6.603333,10.77581
2024,11,25,0.711943152,-2.123333,2.259261
2024,11,26,0.7035293519999999,-2.696667,0.4390897
2024,11,27,0.700373664,-6.309999,0.0
2024,11,28,0.693058032,-12.75333,0.0
2024,11,29,0.6893935919999998,-5.483334,6.604926
2024,11,30,0.693444984,-0.4866667,0.3764081
2024,12,1,0.702027888,2.653333,1.606027
2024,12,2,0.77364612,-2.383333,1.863205
2024,12,3,0.754519656,-13.95,0.0
2024,12,4,0.719721552,-13.68,1.071325
2024,12,5,0.7268552879999999,-7.52,7.504808
2024,12,6,0.7164662159999998,-5.756666,1.431537
2024,12,7,0.708553056,-5.053334,3.092607
2024,12,8,0.709085376,-7.213333,0.0
2024,12,9,0.7006099440000002,-10.52667,0.0
2024,12,10,0.71645484,-4.926666,0.0
2024,12,11,0.7380453120000001,-5.79,0.0
2024,12,12,0.721122888,-8.643332,0.2547899
2024,12,13,0.7024742640000001,-5.593333,0.9809314
2024,12,14,0.713405496,-5.963333,0.091519
2024,12,15,0.706625496,-3.943333,11.29509
2024,12,16,0.711284184,-4.496667,4.407743
2024,12,17,0.691492584,-5.313334,5.11494
2024,12,18,0.707168712,-1.203333,4.723326
2024,12,19,0.7150418160000002,-4.33,1.259409
2024,12,20,0.693426192,-8.396667,2.672156
2024,12,21,0.691992576,-8.086666,5.011504
2024,12,22,0.70005624,-7.313334,0.6338847
2024,12,23,0.6935022,-8.77,0.0
2024,12,24,0.7019077920000002,-5.34,1.169042
2024,12,25,0.7304868960000002,0.8266668,0.388097
2024,12,26,0.8069700239999998,-0.1600008,0.0
2024,12,27,0.801628176,-5.486666,0.1214163
2024,12,28,0.89309724,-2.733333,0.0
2024,12,29,0.953430456,-4.056667,4.812603
2024,12,30,0.9937732559999999,-9.163332,0.2287978
2024,12,31,1.090276896,-12.58333,4.292542
2025,1,1,1.192874232,-15.06,0.0
2025,1,2,1.339528392,-11.26667,2.786326
2025,1,3,1.475064768,-12.39667,2.99254
2025,1,4,1.397419344,-14.38333,0.0
2025,1,5,1.4728525440000002,-17.78667,0.1507238
2025,1,6,0.9034854719999998,-13.04667,9.481017
2025,1,7,0.915219264,-8.953333,4.354484
2025,1,8,0.906085848,-14.46333,0.0
2025,1,9,0.916413696,-10.28667,0.7633938
2025,1,10,0.9111790800000001,-13.48333,0.0
2025,1,11,0.90475092,-15.90333,0.0
2025,1,12,0.9310470479999998,-16.78,0.0
2025,1,13,0.985188168,-2.883333,1.999933
2025,1,14,1.12547952,-1.926666,0.0
2025,1,15,1.1620596,1.409999,0.0
2025,1,16,1.193671992,4.700001,0.0
2025,1,17,1.100927832,1.953333,0.3082942
2025,1,18,1.05026028,0.6099997,0.0
2025,1,19,1.0049596560000003,-4.06,0.0
2025,1,20,0.992062464,-4.393334,0.0
2025,1,21,1.020352848,-6.449999,7.091937
2025,1,22,1.049435064,-6.489999,2.694256
2025,1,23,1.0358298,-8.48,5.552899
2025,1,24,1.0259628,-8.493333,5.489213
2025,1,25,1.037680896,-2.503333,1.985415
2025,1,26,1.001977704,-6.846666,0.0
2025,1,27,1.003085664,-6.11,2.63732
2025,1,28,0.9695695199999999,-8.723332,0.0
2025,1,29,0.967204272,-7.816666,0.0
2025,1,30,0.94507392,-10.92,0.0
2025,1,31,1.024343712,-10.55667,0.0
2025,2,1,1.069563816,-13.83667,0.0
2025,2,2,1.208148144,-7.256667,4.626839
2025,2,3,1.311842424,-6.356667,2.704375
2025,2,4,1.2922242959999997,-2.153333,4.054349
2025,2,5,1.234304424,-3.463333,0.0
2025,2,6,1.270558584,-7.08,0.0
2025,2,7,1.55197092,-8.9,0.0
2025,2,8,1.88818248,-10.19333,1.567959
2025,2,9,1.84567908,-14.45667,0.0
2025,2,10,2.43870384,-12.28,0.0
2025,2,11,3.425880216000001,-12.60333,0.0
2025,2,12,3.449461464,-13.68667,0.0
2025,2,13,3.7650664800000007,-13.30333,0.0
2025,2,14,4.027151688000001,-15.44,0.0
2025,2,15,4.27930992,-14.6,0.0
2025,2,16,4.937816736,-15.39,0.0
2025,2,17,5.206795896,-9.773333,0.0
2025,2,18,5.481117264,-13.89333,0.0
2025,2,19,5.994069504000001,-15.52,0.0
2025,2,20,6.6780864,-8.789999,3.660845
2025,2,21,7.443608640000002,-2.826667,1.035052
2025,2,22,6.90209064,1.466667,4.114534
2025,2,23,6.276812064000001,-1.2,0.0
2025,2,24,5.566076856,-0.1933346,0.0
2025,2,25,4.771092431999999,-2.653333,1.31856
2025,2,26,4.260403199999999,-3.976666,0.0
2025,2,27,3.619310856,-5.406667,0.0
2025,2,28,3.057348191999999,-5.4,0.0
2025,3,1,2.54038872,-4.073333,1.068358
2025,3,2,1.9033295279999998,-0.6866665,0.3921365
2025,3,3,1.484616456,-1.943334,8.230796
2025,3,4,1.303264776,-0.4899993,5.66296
2025,3,5,1.22212164,0.3633337,5.732675
2025,3,6,1.9913760239999996,2.0,0.0
2025,3,7,2.841770999999999,0.8033338,0.0
2025,3,8,1.596478176,-2.763333,5.209676
2025,3,9,1.217668392,-1.376667,9.724676
2025,3,10,1.114645056,-6.5,2.131392
2025,3,11,1.0537996079999996,-8.963333,0.0
2025,3,12,1.073015904,-12.1,0.0
2025,3,13,1.291317768,-13.92,0.0
2025,3,14,1.37762868,-10.47333,0.0
2025,3,15,1.113359688,-4.826667,0.0
2025,3,16,0.950004408,-7.64,0.0
2025,3,17,0.8939133120000001,-5.5,0.0
2025,3,18,0.7715527439999998,-0.8833332,0.0
2025,3,19,0.7186440719999998,-2.603333,0.0
2025,3,20,0.6715906080000001,-5.546667,0.0
2025,3,21,0.643655184,-5.27,0.0
2025,3,22,0.643373928,-2.683333,0.0
2025,3,23,0.618686976,-3.413333,0.0
2025,3,24,0.601059696,-2.493333,0.0
2025,3,25,0.5887188144000001,-1.28,0.0
2025,3,26,0.588770088,-1.28,0.0
2025,3,27,0.600245304,0.0233326,0.0
2025,3,28,0.680664072,0.6399999,0.0
2025,3,29,0.7130830559999999,-1.87,0.3713505
2025,3,30,0.6651193199999998,-3.356666,0.0
2025,3,31,0.6378656159999998,-2.82,0.0
2025,4,1,0.627459576,1.369999,0.0
2025,4,2,0.675557184,2.373333,0.0
2025,4,3,0.958163112,1.386666,0.0
2025,4,4,1.036599576,-3.81,0.0
2025,4,5,0.9169018320000002,-2.623333,0.0
2025,4,6,0.914478624,0.1266665,0.0
2025,4,7,0.9229668960000001,-0.48,0.0
2025,4,8,0.9591643680000002,0.9999995,0.0
2025,4,9,0.9759488880000003,-0.5933332,0.0
2025,4,10,0.8285061119999998,0.6099997,2.694419
2025,4,11,0.8984204160000001,3.093333,0.0
2025,4,12,0.9381326880000002,0.4766665,0.0
2025,4,13,0.939072936,1.15,4.124528
2025,4,14,1.079429232,-0.7666667,0.0
2025,4,15,1.008341472,0.1033335,1.072009
2025,4,16,1.0025856240000002,2.27,2.900431
2025,4,17,1.170575136,2.41,4.58693
2025,4,18,1.369658472,0.3866661,0.0
2025,4,19,1.259586576,0.3266668,0.0
2025,4,20,1.180545168,0.2166665,0.0
2025,4,21,1.127569104,1.21,0.0
2025,4,22,1.1063195280000002,0.9433334,0.0
2025,4,23,1.04611572,0.4466665,0.0
2025,4,24,1.011246456,-2.996667,0.0
2025,4,25,0.9580674000000001,-3.603333,0.0
2025,4,26,0.9263759279999998,-0.04333317,0.0
2025,4,27,0.918292872,1.066666,2.486581
2025,4,28,0.9347705040000002,2.933333,1.753127
2025,4,29,1.01542224,2.176666,2.162883
2025,4,30,0.998118648,1.72,2.110788
2025,5,1,0.9796592159999997,2.956666,4.068791
2025,5,2,1.050930168,0.0933333,0.8178884
2025,5,3,1.0028302560000002,-0.98,0.2620772
2025,5,4,0.955224768,-4.486666,0.0
2025,5,5,0.9233179440000001,-1.31,0.0
2025,5,6,0.924808344,-0.8266666,0.0
2025,5,7,0.9585295440000003,1.363333,0.0
2025,5,8,0.9595153679999998,4.553333,0.9026711
2025,5,9,1.0322726159999998,5.13,0.0
2025,5,10,1.099498896,5.866667,0.0
2025,5,11,1.114742136,6.01,0.0
2025,5,12,1.145125824,6.179999,0.0
2025,5,13,1.1873576879999996,4.05,0.0
2025,5,14,1.16755716,-0.3800001,0.0
2025,5,15,1.13696712,5.493333,0.0
2025,5,16,1.153535904,6.07,0.0
2025,5,17,1.189376904,6.826666,0.0
2025,5,18,1.201282512,6.693333,0.0
2025,5,19,1.255615416,8.473333,0.0
2025,5,20,1.345851096,5.48,0.0
2025,5,21,1.338539448,-1.83,0.749668
2025,5,22,1.311618648,-1.923333,0.1289589
2025,5,23,1.2803192400000003,-0.5700002,4.952189
2025,5,24,1.2902746079999996,-0.4133334,5.72743
2025,5,25,1.290972072,1.293333,7.400043
2025,5,26,1.3211310959999998,3.01,0.0
2025,5,27,1.274062728,1.043334,7.110285
2025,5,28,1.34151756,2.316667,0.0
2025,5,29,1.253329728,3.42,4.386782
2025,5,30,1.25890572,2.47,0.4463103
2025,5,31,1.2496563840000003,2.806667,1.489964
2025,6,1,1.244015088,3.779999,4.167705
2025,6,2,1.263779688,2.576667,0.0
2025,6,3,1.245863808,4.216667,2.716748
2025,6,4,1.3203513359999997,4.18,0.0
2025,6,5,1.2927954000000004,2.526667,2.213837
2025,6,6,1.3129981440000003,4.556666,1.829778
2025,6,7,1.2962431440000004,4.24,0.0
2025,6,8,1.277047392,3.046667,0.0
2025,6,9,1.257079872,2.56,0.0
2025,6,10,1.236934728,1.906666,2.894216
2025,6,11,1.2466056,2.83,0.0
2025,6,12,1.195320576,6.656666,0.0
2025,6,13,1.165127784,11.43667,0.0
2025,6,14,1.259612688,13.42,0.0
2025,6,15,1.530309288,10.72333,8.327432
2025,6,16,2.101349112,7.090001,0.0
2025,6,17,2.644847688,6.839999,1.923459
2025,6,18,2.992852896,4.483334,0.5637679
2025,6,19,2.9587452000000005,4.303333,0.0
2025,6,20,2.540170968,5.103333,0.4495989
2025,6,21,2.1173163120000003,6.8,0.0
2025,6,22,1.9088284320000006,7.320001,2.373913
2025,6,23,1.925633808,7.279999,13.66173
2025,6,24,2.929266528,5.27,3.225121
2025,6,25,3.218038488,8.556666,0.0
2025,6,26,3.103207296,10.35667,4.624544
2025,6,27,3.028018224,7.573333,2.146873
2025,6,28,3.05185116,7.226666,2.221204
2025,6,29,3.220790496,5.78,2.442527
2025,6,30,3.130596576,8.29,0.0
2025,7,1,2.85337584,9.923332,1.08191
2025,7,2,2.8533300000000006,10.02333,0.690001
2025,7,3,2.863023095999999,5.763333,0.0
2025,7,4,2.564516904,5.206666,3.363539
2025,7,5,2.26173036,5.006666,12.56358
2025,7,6,2.335479768,9.119999,0.0
2025,7,7,2.099335944,8.333333,1.338069
2025,7,8,2.032083576,9.853333,0.0
2025,7,9,1.876232904,10.47667,0.0
2025,7,10,1.782437112,11.42,0.0
2025,7,11,1.7222584079999996,14.64,0.0
2025,7,12,1.6974069599999997,16.86,0.0
2025,7,13,1.7627798159999997,14.82333,5.643333
2025,7,14,2.384307048,14.42667,6.12032
2025,7,15,3.678838248,14.66,2.41169
2025,7,16,3.954185399999999,16.97333,0.0
2025,7,17,3.932198688000001,17.68333,0.0
2025,7,18,3.629021855999999,16.44333,0.0
2025,7,19,3.161312856000001,16.29333,0.0
2025,7,20,2.728307376,16.77333,0.0
2025,7,21,2.3699124480000004,15.5,0.0
2025,7,22,2.11427604,15.45333,0.0
2025,7,23,1.962799752,15.98,0.0
2025,7,24,1.870265352,16.27333,0.0
2025,7,25,1.80707484,14.52333,0.0
2025,7,26,1.738544952,11.99,0.0
2025,7,27,1.6606854000000004,10.19333,6.278641
2025,7,28,1.629710928,9.313334,9.560984
2025,7,29,1.9621882799999997,8.79,6.199101
2025,7,30,2.532807192000001,10.39667,1.812642
2025,7,31,3.232653216,10.80333,11.14673
2025,8,1,4.488195936,12.34667,2.170251
2025,8,2,3.8525105280000007,13.89,8.351174
2025,8,3,3.7072081439999995,11.01333,6.6047
2025,8,4,3.720251711999999,9.54,8.908468
2025,8,5,7.596623520000001,6.009999,5.74654
2025,8,6,7.98018744,5.573333,0.8147459
2025,8,7,6.437132111999999,5.763333,0.0
2025,8,8,4.408964400000001,7.656667,0.0
2025,8,9,3.348164952,7.249999,1.389909
2025,8,10,2.80989036,5.91,0.6597838
2025,8,11,2.378261567999999,5.533333,2.552416
2025,8,12,2.114837448,6.066667,2.639065
2025,8,13,1.8934934160000003,9.856667,0.0
2025,8,14,2.0945976479999997,14.11,0.0
2025,8,15,2.376235176,9.416666,1.096847
2025,8,16,2.183684928,6.013333,0.0
2025,8,17,1.824689472,11.41,0.0
2025,8,18,1.7259341999999998,11.91333,0.0
2025,8,19,1.6277990160000002,5.81,0.0
2025,8,20,1.475699664,3.043333,4.488946
2025,8,21,1.401363576,3.226666,0.0
2025,8,22,1.3038928799999996,2.733334,0.4754701
2025,8,23,1.2101812340869564,4.21,0.0
2025,8,24,1.145420376,4.693334,0.0
2025,8,25,1.0533698160000002,4.996666,0.0
2025,8,26,0.9930259439999999,7.223333,0.0
2025,8,27,0.9666222000000002,7.793334,0.0
2025,8,28,0.950353704,8.806667,0.0
2025,8,29,0.9470587439999998,8.043333,4.115368
2025,8,30,0.9703539839999998,8.366667,0.0
2025,8,31,1.00107384,9.043333,1.340701
2025,9,1,1.132593744,9.52,19.44716
2025,9,2,2.347409712,7.843333,2.954659
2025,9,3,2.778046848,8.456667,11.78656
2025,9,4,6.082061832,9.83,5.573579
2025,9,5,7.106446079999999,7.396667,3.225555
2025,9,6,6.161845008,7.093333,0.0
2025,9,7,4.96221264,8.369999,0.0
2025,9,8,3.330860952,8.886666,0.0
2025,9,9,2.393566296,8.706667,1.917701
2025,9,10,1.9389142320000003,8.603333,4.606859
2025,9,11,3.820472448,8.266666,15.08705
2025,9,12,7.7341111200000014,6.213333,6.05149
2025,9,13,7.399786080000001,4.73,0.0
2025,9,14,7.432229519999999,5.3,9.785793
2025,9,15,8.88078456,4.223333,3.526866
2025,9,16,7.616991839999999,5.3,2.160608
2025,9,17,6.1732174560000015,5.663333,0.0456115
2025,9,18,5.021051759999999,4.966666,3.185494
2025,9,19,4.160031144,6.196667,1.945291
2025,9,20,3.852626135999999,4.873333,0.0
2025,9,21,3.4543908719999994,2.633333,1.96408
2025,9,22,2.787697488,0.03000021,0.0
2025,9,23,1.754082168,0.4566667,0.0
2025,9,24,1.578529224,2.633333,0.0
2025,9,25,1.453538688,3.306666,0.0
2025,9,26,1.3611782879999996,4.893333,0.0
2025,9,27,1.288599024,5.71,0.0
2025,9,28,1.22588232,6.696667,0.0
2025,9,29,1.170578856,4.303333,0.4427674
2025,9,30,1.129976736,3.183333,0.0
2025,10,1,1.0937726880000003,2.53,0.0
2025,10,2,1.07088384,3.47,1.926921
2025,10,3,1.0475093279999999,2.58,6.786014
2025,10,4,1.105713336,-0.6066666,7.902723
2025,10,5,1.150930608,0.7966666,0.0
2025,10,6,1.180612032,1.366667,4.625257
2025,10,7,1.22995392,4.813334,0.8813471
2025,10,8,1.4472084719999996,1.873333,0.5889955
2025,10,9,1.467169632,2.696667,1.389989
2025,10,10,1.3393953360000004,4.913333,6.789527
2025,10,11,1.435129128,5.953333,0.0
2025,10,12,1.387347312,2.923333,0.0
2025,10,13,1.3631521679999996,5.67,0.0
2025,10,14,1.360566816,6.4,0.0
2025,10,15,1.3494496319999998,3.326666,0.0
2025,10,16,1.315457232,-0.3333333,0.474599
2025,10,17,1.2553092240000003,-3.703333,0.0
2025,10,18,1.192266096,-4.686666,0.0
2025,10,19,1.148458728,-3.596666,0.0
2025,10,20,1.114579992,-2.45,3.70144
2025,10,21,1.093122888,-0.75,5.552312
2025,10,22,1.09091964,0.6866667,2.987309
2025,10,23,1.091470464,1.299999,2.32115
2025,10,24,1.136155464,1.723334,10.46536
2025,10,25,1.4278101599999997,0.856667,4.031094
2025,10,26,1.395029712,0.04333329,4.358376
2025,10,27,1.362456456,-1.356667,0.0
2025,10,28,1.279546824,-4.233333,0.0
2025,10,29,1.2002483519999996,-6.763333,0.852455
2025,10,30,1.146998952,-4.963333,0.0
2025,10,31,1.0815603599999997,-6.126667,0.2588966
