Days,Effective Precipitation (mm/day),Evapotranspiration (mm/day),Actual Evapotranspiration (mm/day),Storage (mm),Runoff (mm/day),Runoff in Area (m^3/day)
1,0.000,0.000,nan,332.000,nan,nan
2,0.000,0.000,0.000,331.668,0.332,498000.000
3,0.000,0.000,0.000,331.336,0.332,497502.000
4,0.000,0.000,0.000,331.005,0.331,497004.498
5,0.000,0.000,0.000,330.674,0.331,496507.494
6,2.826,0.000,0.000,331.935,0.331,496010.986
7,0.000,0.000,0.000,331.254,0.680,1020734.831
8,0.000,0.000,0.000,330.750,0.505,756865.948
9,0.000,0.000,0.000,330.419,0.367,551087.526
10,0.000,0.000,0.000,330.089,0.330,495628.863
11,0.000,0.000,0.000,329.759,0.330,495133.235
12,0.000,0.000,0.000,329.429,0.330,494638.101
13,0.000,0.000,0.000,329.100,0.329,494143.463
14,0.000,0.000,0.000,328.770,0.329,493649.320
15,0.000,0.000,0.000,328.442,0.329,493155.670
16,0.000,0.000,0.000,328.113,0.328,492662.515
17,9.489,1.002,0.439,332.461,0.328,492169.852
18,0.000,0.000,0.000,331.105,1.357,2034866.804
19,0.000,0.000,0.000,330.074,1.031,1547048.520
20,0.000,0.000,0.000,329.296,0.778,1166590.405
21,0.000,0.000,0.000,328.716,0.580,869873.184
22,0.000,0.000,0.000,328.388,0.426,638473.818
23,0.000,0.000,0.000,328.059,0.328,492581.390
24,0.000,0.000,0.000,327.731,0.328,492088.808
25,0.000,0.000,0.000,327.403,0.328,491596.719
26,0.000,0.000,0.000,327.076,0.327,491105.123
27,0.000,0.000,0.000,326.749,0.327,490614.018
28,0.000,0.000,0.000,326.422,0.327,490123.404
29,0.000,0.000,0.000,326.096,0.326,489633.280
30,0.000,0.000,0.000,325.770,0.326,489143.647
31,0.000,0.000,0.000,325.444,0.326,488654.503
32,0.000,2.824,1.308,328.220,0.325,488165.849
33,0.000,0.000,0.000,327.212,1.007,1511095.574
34,28.888,1.431,0.682,339.451,0.758,1137630.960
35,8.640,0.043,0.023,341.054,3.424,5135280.445
36,0.000,0.000,0.000,337.305,3.749,5623445.816
37,0.000,0.000,0.000,334.408,2.897,4345387.097
38,0.000,0.000,0.000,332.176,2.232,3348542.196
39,0.000,5.320,2.943,337.124,1.714,2571044.034
40,0.000,4.766,2.713,340.655,2.776,4163291.690
41,0.000,0.000,0.000,338.237,3.525,5287776.902
42,0.000,0.000,0.000,335.271,2.966,4449052.672
43,0.000,0.000,0.000,332.985,2.286,3429605.235
44,0.000,0.000,0.000,331.228,1.756,2634476.891
45,0.000,0.000,0.000,329.885,1.343,2014317.397
46,0.000,0.000,0.000,328.865,1.020,1530633.567
47,0.000,0.000,0.000,328.096,0.769,1153400.713
48,0.000,0.000,0.000,327.523,0.573,859199.581
49,0.000,0.000,0.000,327.196,0.420,629763.151
50,0.000,0.000,0.000,326.869,0.327,490794.135
51,0.000,0.000,0.000,326.542,0.327,490303.341
52,0.000,0.000,0.000,326.215,0.327,489813.037
53,0.000,0.000,0.000,325.889,0.326,489323.224
54,0.000,0.000,0.000,325.563,0.326,488833.901
55,0.000,0.000,0.000,325.238,0.326,488345.067
56,0.000,0.000,0.000,324.913,0.325,487856.722
57,0.000,0.000,0.000,324.588,0.325,487368.865
58,0.000,0.000,0.000,324.263,0.325,486881.496
59,0.000,0.000,0.000,323.939,0.324,486394.615
60,0.000,0.000,0.000,323.615,0.324,485908.220
61,0.000,0.000,0.000,323.291,0.324,485422.312
62,0.000,0.000,0.000,322.968,0.323,484936.890
63,0.000,0.000,0.000,322.645,0.323,484451.953
64,0.000,0.000,0.000,322.322,0.323,483967.501
65,0.000,0.000,0.000,322.000,0.322,483483.533
66,0.000,0.000,0.000,321.678,0.322,483000.050
67,0.000,0.000,0.000,321.356,0.322,482517.050
68,1.670,0.000,0.000,321.943,0.321,482034.533
69,0.000,0.000,0.000,321.422,0.521,781143.571
70,0.000,0.000,0.000,321.101,0.378,566926.983
71,0.000,0.000,0.000,320.780,0.321,481651.386
72,0.000,0.000,0.000,320.877,0.321,481169.735
73,0.000,0.027,0.016,322.091,0.412,618567.814
74,0.597,1.689,1.012,325.122,0.658,987215.372
75,0.000,0.000,0.000,323.825,1.297,1944924.790
76,0.000,0.000,0.000,322.842,0.983,1474561.636
77,0.000,0.000,0.000,322.104,0.738,1107720.856
78,0.000,0.000,0.000,321.556,0.548,821627.484
79,0.000,0.000,0.000,321.235,0.399,598517.049
80,0.000,0.000,0.000,320.914,0.321,481852.201
81,0.000,0.000,0.000,320.593,0.321,481370.348
82,0.000,0.000,0.000,320.272,0.321,480888.978
83,0.000,0.000,0.000,319.952,0.320,480408.089
84,0.000,0.000,0.000,319.632,0.320,479927.681
85,0.000,0.000,0.000,319.312,0.320,479447.753
86,0.000,0.000,0.000,318.993,0.319,478968.305
87,0.000,0.000,0.000,318.674,0.319,478489.337
88,0.000,0.000,0.000,318.355,0.319,478010.848
89,0.000,0.000,0.000,318.037,0.318,477532.837
90,0.000,0.000,0.000,317.719,0.318,477055.304
91,0.000,0.000,0.000,317.401,0.318,476578.249
92,0.000,0.000,0.000,317.084,0.317,476101.671
93,0.000,0.000,0.000,316.767,0.317,475625.569
94,0.000,0.000,0.000,316.450,0.317,475149.943
95,0.000,0.000,0.000,316.133,0.316,474674.793
96,0.000,0.000,0.000,315.817,0.316,474200.119
97,0.000,0.000,0.000,315.501,0.316,473725.918
98,0.000,0.000,0.000,315.186,0.316,473252.193
99,0.000,0.000,0.000,314.871,0.315,472778.940
100,0.000,0.000,0.000,314.556,0.315,472306.161
101,0.000,0.000,0.000,314.241,0.315,471833.855
102,0.000,0.000,0.000,313.927,0.314,471362.021
103,0.000,0.000,0.000,313.613,0.314,470890.659
104,0.000,0.000,0.000,313.300,0.314,470419.769
105,0.000,0.000,0.000,312.986,0.313,469949.349
106,0.000,0.000,0.000,312.673,0.313,469479.400
107,0.000,0.000,0.000,312.361,0.313,469009.920
108,0.000,0.000,0.000,312.048,0.312,468540.910
109,0.000,0.000,0.000,311.736,0.312,468072.369
110,0.000,0.000,0.000,311.424,0.312,467604.297
111,0.000,0.000,0.000,311.113,0.311,467136.693
112,0.000,0.000,0.000,311.938,0.311,466669.556
113,0.000,2.348,1.439,315.577,0.561,840966.681
114,0.000,4.341,2.698,320.675,1.331,1996365.573
115,1.478,8.073,5.110,329.654,2.422,3632986.714
116,0.000,7.484,4.874,335.613,4.367,6550234.249
117,0.000,8.284,5.514,341.455,5.648,8471278.713
118,0.000,6.529,4.440,344.203,6.902,10353534.826
119,0.000,7.117,4.923,347.256,7.476,11214723.934
120,0.000,9.415,6.621,350.272,8.118,12176930.146
121,0.000,10.058,7.150,341.521,8.751,13126684.834
122,8.094,8.596,5.951,339.012,6.796,10193452.137
123,4.245,0.819,0.562,335.029,6.214,9320444.121
124,0.000,0.000,0.000,329.722,5.307,7960708.692
125,0.000,0.000,0.000,325.613,4.109,6164126.697
126,3.698,2.535,1.750,324.391,3.175,4762837.966
127,0.000,0.000,0.000,321.515,2.876,4314717.427
128,0.000,2.161,1.492,323.813,2.214,3320389.053
129,0.000,2.866,1.998,326.542,2.689,4033850.215
130,0.000,5.838,4.111,324.248,3.260,4889400.554
131,0.000,6.727,4.680,321.523,2.725,4087335.973
132,8.598,4.711,3.220,323.924,2.095,3143211.610
133,0.000,0.000,0.000,321.330,2.594,3890548.425
134,0.000,4.333,2.971,321.314,1.993,2989807.099
135,2.061,6.302,4.303,320.430,1.960,2939588.625
136,2.981,2.632,1.775,320.232,1.736,2603391.086
137,2.692,0.000,0.000,319.956,1.662,2493209.080
138,0.000,8.837,5.980,318.384,1.572,2357533.236
139,0.000,10.955,7.242,317.188,1.196,1794278.907
140,0.000,10.393,6.675,316.285,0.903,1354985.128
141,0.000,10.156,6.346,315.610,0.675,1012380.532
142,0.000,12.344,7.509,315.113,0.497,745193.455
143,0.000,12.601,7.420,314.798,0.358,536831.999
144,0.000,9.075,5.168,314.483,0.315,472197.416
145,0.000,1.006,0.560,314.169,0.314,471725.219
146,0.000,1.014,0.562,313.855,0.314,471253.494
147,0.000,2.477,1.370,313.541,0.314,470782.240
148,0.000,4.313,2.371,313.227,0.314,470311.458
149,0.000,3.744,2.035,312.914,0.313,469841.147
150,0.000,5.245,2.823,312.601,0.313,469371.305
151,3.510,4.469,2.372,313.260,0.313,468901.934
152,4.198,3.202,1.697,314.432,0.526,789086.883
153,0.000,0.000,0.000,313.679,0.754,1130618.366
154,0.000,2.207,1.175,313.121,0.558,836689.397
155,0.000,5.632,2.979,312.808,0.405,607469.995
156,0.000,4.930,2.570,312.495,0.313,469212.234
157,0.000,3.615,1.861,312.183,0.312,468743.021
158,0.000,4.306,2.195,311.871,0.312,468274.278
159,0.000,6.770,3.413,311.559,0.312,467806.004
160,0.000,10.518,5.209,311.247,0.312,467338.198
161,0.000,13.595,6.548,310.936,0.311,466870.860
162,0.046,11.774,5.470,310.625,0.311,466403.989
163,1.035,5.210,2.347,310.314,0.311,465937.585
164,0.000,2.114,0.943,310.004,0.310,465471.648
165,0.000,0.745,0.330,309.694,0.310,465006.176
166,0.000,0.156,0.069,309.384,0.310,464541.170
167,2.443,0.000,0.000,309.449,0.309,464076.629
168,0.000,0.846,0.378,309.140,0.391,586924.244
169,0.000,4.009,1.788,308.830,0.309,463709.447
170,0.000,6.564,2.896,308.522,0.309,463245.738
171,0.308,4.111,1.783,308.213,0.309,462782.492
172,0.000,3.120,1.340,307.905,0.308,462319.709
173,0.000,3.163,1.348,307.597,0.308,461857.390
174,0.000,3.334,1.409,307.289,0.308,461395.532
175,4.955,2.796,1.171,308.112,0.307,460934.137
176,1.669,4.618,1.961,308.096,0.556,833479.585
177,5.949,7.008,2.961,309.489,0.521,781208.125
178,0.000,9.204,3.914,308.693,0.796,1193863.018
179,0.000,9.773,4.057,308.104,0.590,884325.701
180,0.000,11.571,4.681,307.696,0.429,642933.482
181,0.000,12.503,4.906,307.388,0.308,461543.693
182,0.000,15.230,5.781,307.081,0.307,461082.150
183,0.000,10.460,3.813,306.774,0.307,460621.068
184,0.000,9.399,3.333,306.467,0.307,460160.447
185,2.225,7.527,2.604,306.295,0.306,459700.286
186,1.657,3.155,1.084,306.077,0.336,503779.611
187,1.933,3.237,1.113,305.894,0.325,487882.107
188,0.000,3.268,1.126,305.588,0.333,499308.688
189,6.161,5.156,1.762,306.432,0.306,458382.296
190,3.959,6.950,2.425,306.924,0.558,837237.561
191,3.305,3.771,1.321,307.169,0.635,952036.473
192,7.603,5.066,1.789,308.553,0.657,985429.927
193,40.359,4.758,1.727,318.759,0.930,1394555.999
194,6.706,7.508,3.262,317.834,3.143,4715171.130
195,8.921,9.980,4.368,317.900,2.908,4362730.889
196,1.661,11.123,4.914,315.567,2.891,4337026.617
197,0.000,11.961,5.166,313.221,2.347,3520067.081
198,0.000,13.455,5.630,311.422,1.799,2698444.441
199,0.000,12.031,4.858,310.050,1.372,2057625.990
200,4.061,11.361,4.443,310.220,1.039,1557834.759
201,0.000,11.973,4.633,309.175,1.045,1566860.821
202,2.938,10.698,4.011,309.229,0.783,1175132.107
203,14.933,8.986,3.324,312.666,0.764,1146048.794
204,0.000,9.980,3.885,311.177,1.489,2233272.628
205,21.096,10.429,3.954,316.131,1.130,1695074.233
206,17.819,8.607,3.511,319.474,2.189,3282816.929
207,6.143,5.604,2.414,318.596,2.893,4339411.101
208,0.000,6.341,2.760,315.928,2.669,4003006.928
209,0.000,7.219,3.090,313.877,2.050,3075654.220
210,5.715,7.718,3.241,314.137,1.568,2352365.799
211,11.255,6.798,2.866,316.156,1.594,2391296.854
212,6.753,6.517,2.829,316.381,2.007,3011055.257
213,0.384,8.229,3.608,314.483,2.026,3038855.533
214,2.981,8.428,3.622,313.881,1.577,2366149.999
215,10.450,8.362,3.558,315.853,1.414,2121095.283
216,1.590,9.964,4.331,314.563,1.817,2725547.844
217,0.000,9.060,3.861,313.061,1.502,2253361.734
218,0.000,10.667,4.439,311.920,1.141,1711349.512
219,3.191,11.603,4.694,312.043,0.859,1288626.252
220,3.995,12.094,4.815,312.398,0.855,1283209.390
221,7.492,8.763,3.442,313.735,0.903,1354124.080
222,13.871,6.295,2.502,316.764,1.166,1749124.370
223,16.228,4.719,1.964,320.104,1.802,2702980.892
224,7.287,4.185,1.841,320.040,2.506,3759153.506
225,0.000,3.276,1.467,317.579,2.461,3692003.880
226,0.000,4.731,2.100,315.690,1.889,2833859.274
227,2.138,7.129,3.126,314.961,1.443,2164552.385
228,22.099,6.037,2.620,321.014,1.252,1878223.759
229,0.000,3.701,1.724,318.461,2.553,3830011.707
230,0.000,5.047,2.328,316.499,1.961,2941688.719
231,0.000,6.279,2.858,315.000,1.499,2248842.509
232,0.000,7.012,3.140,313.861,1.139,1708468.140
233,5.748,4.368,1.920,314.928,0.858,1287021.761
234,11.193,2.964,1.318,317.656,1.062,1593421.315
235,3.579,2.773,1.277,317.279,1.632,2448141.697
236,1.519,5.511,2.552,316.296,1.519,2278384.301
237,0.000,5.823,2.673,315.024,1.272,1908619.622
238,0.000,3.919,1.772,314.061,0.962,1443367.378
239,0.000,4.637,2.075,313.341,0.720,1080515.984
240,2.863,5.795,2.562,313.773,0.532,797537.207
241,4.804,6.884,3.031,314.788,0.597,894933.065
242,1.680,3.970,1.750,314.562,0.790,1184525.938
243,0.179,6.341,2.784,313.912,0.710,1064918.238
244,0.000,8.529,3.686,313.375,0.537,805326.612
245,0.000,7.141,3.017,313.062,0.389,583115.371
246,0.000,4.111,1.705,312.749,0.313,469593.038
247,0.000,2.531,1.038,312.436,0.313,469123.445
248,0.000,2.465,1.005,312.124,0.312,468654.322
249,0.000,3.097,1.254,311.812,0.312,468185.667
250,0.000,1.072,0.431,311.500,0.312,467717.482
251,0.000,3.919,1.570,311.188,0.311,467249.764
252,0.000,4.497,1.783,310.877,0.311,466782.514
253,0.000,4.516,1.770,310.566,0.311,466315.732
254,0.000,3.799,1.471,310.256,0.311,465849.416
255,0.000,1.993,0.764,309.945,0.310,465383.567
256,1.524,0.799,0.305,309.636,0.310,464918.183
257,0.000,0.000,0.000,309.326,0.310,464453.265
258,0.000,0.000,0.000,309.017,0.309,463988.812
259,0.000,0.000,0.000,308.708,0.309,463524.823
260,0.000,0.000,0.000,308.399,0.309,463061.298
261,0.000,0.000,0.000,308.090,0.308,462598.237
262,0.000,0.768,0.295,307.782,0.308,462135.639
263,2.704,3.229,1.236,307.812,0.308,461673.503
264,14.569,3.225,1.240,311.578,0.382,572484.269
265,1.018,3.951,1.612,310.690,1.204,1805531.883
266,0.000,2.278,0.924,309.713,0.977,1465875.354
267,0.000,0.000,0.000,308.982,0.731,1096619.738
268,1.160,1.790,0.722,308.799,0.539,808647.120
269,0.263,0.000,0.000,308.412,0.468,701540.959
270,0.000,0.000,0.000,308.104,0.352,527279.522
271,0.000,0.000,0.000,307.796,0.308,462155.918
272,0.000,1.556,0.629,307.488,0.308,461693.762
273,0.000,2.749,1.106,307.181,0.307,461232.068
274,0.000,0.000,0.000,306.873,0.307,460770.836
275,0.000,0.000,0.000,306.567,0.307,460310.066
276,2.969,0.000,0.000,306.712,0.307,459849.755
277,3.430,0.000,0.000,307.363,0.406,608675.649
278,3.135,0.000,0.000,307.826,0.517,776246.282
279,16.186,0.000,0.000,312.372,0.588,881929.798
280,0.000,0.000,0.000,310.815,1.557,2334834.819
281,2.108,0.000,0.000,310.963,1.183,1774094.062
282,7.280,1.447,0.654,313.074,1.184,1775862.004
283,0.000,0.000,0.000,311.457,1.617,2425265.930
284,3.587,0.000,0.000,311.655,1.230,1844771.419
285,2.192,0.000,0.000,311.353,1.242,1863477.977
286,0.000,0.000,0.000,310.208,1.144,1716714.864
287,0.000,0.000,0.000,309.347,0.861,1292242.255
288,0.000,0.000,0.000,308.706,0.641,961200.415
289,0.000,0.000,0.000,308.237,0.469,703034.529
290,0.000,0.000,0.000,307.929,0.334,501711.839
291,0.000,0.000,0.000,307.621,0.308,461893.613
292,0.000,0.000,0.000,307.314,0.308,461431.719
293,0.000,0.000,0.000,307.006,0.307,460970.287
294,0.000,0.000,0.000,306.699,0.307,460509.317
295,0.000,0.000,0.000,306.393,0.307,460048.808
296,0.000,0.000,0.000,306.086,0.306,459588.759
297,0.717,0.000,0.000,305.791,0.306,459129.170
298,0.333,2.851,1.374,306.388,0.308,462432.356
299,0.000,4.781,2.315,305.884,0.504,756004.001
300,0.000,3.994,1.910,305.578,0.361,542210.157
301,0.000,2.738,1.296,305.273,0.306,458367.548
302,0.000,0.000,0.000,304.968,0.305,457909.181
303,0.000,0.893,0.420,304.663,0.305,457451.272
304,0.000,0.000,0.000,304.358,0.305,456993.820
305,0.000,0.000,0.000,304.054,0.304,456536.827
306,0.000,0.000,0.000,303.749,0.304,456080.290
307,0.000,0.000,0.000,303.446,0.304,455624.209
308,0.000,0.000,0.000,303.142,0.303,455168.585
309,0.000,0.000,0.000,302.839,0.303,454713.417
310,0.000,0.000,0.000,302.536,0.303,454258.703
311,0.000,0.000,0.000,302.234,0.303,453804.445
312,0.000,0.000,0.000,301.932,0.302,453350.640
313,0.000,0.000,0.000,301.630,0.302,452897.289
314,0.000,0.000,0.000,301.328,0.302,452444.392
315,0.000,0.000,0.000,301.027,0.301,451991.948
316,0.000,0.000,0.000,300.726,0.301,451539.956
317,0.000,0.000,0.000,300.425,0.301,451088.416
318,0.000,0.000,0.000,300.124,0.300,450637.327
319,0.000,0.000,0.000,299.824,0.300,450186.690
320,0.000,0.000,0.000,299.525,0.300,449736.503
321,0.000,0.000,0.000,299.225,0.300,449286.767
322,0.000,0.000,0.000,298.926,0.299,448837.480
323,0.000,0.000,0.000,298.627,0.299,448388.643
324,0.000,0.000,0.000,298.328,0.299,447940.254
325,0.000,0.000,0.000,298.030,0.298,447492.314
326,0.000,0.000,0.000,297.732,0.298,447044.821
327,0.000,0.000,0.000,297.434,0.298,446597.777
328,0.000,0.000,0.000,297.137,0.297,446151.179
329,0.000,0.000,0.000,296.840,0.297,445705.028
330,0.000,0.000,0.000,296.543,0.297,445259.323
331,0.000,0.000,0.000,296.246,0.297,444814.063
332,0.000,0.000,0.000,295.950,0.296,444369.249
333,0.000,0.000,0.000,295.654,0.296,443924.880
334,0.000,0.000,0.000,295.358,0.296,443480.955
335,0.000,0.000,0.000,295.063,0.295,443037.474
336,0.000,0.000,0.000,294.768,0.295,442594.437
337,0.000,0.000,0.000,294.473,0.295,442151.842
338,0.000,0.000,0.000,294.179,0.294,441709.690
339,0.000,0.000,0.000,293.884,0.294,441267.981
340,0.000,0.000,0.000,293.591,0.294,440826.713
341,0.000,0.000,0.000,293.297,0.294,440385.886
342,0.000,0.000,0.000,293.004,0.293,439945.500
343,0.000,0.000,0.000,292.711,0.293,439505.555
344,0.000,0.000,0.000,292.418,0.293,439066.049
345,0.000,0.000,0.000,292.126,0.292,438626.983
346,0.000,0.000,0.000,291.833,0.292,438188.356
347,0.000,0.000,0.000,291.542,0.292,437750.168
348,0.000,0.000,0.000,291.250,0.292,437312.418
349,0.000,0.000,0.000,290.959,0.291,436875.105
350,0.000,0.000,0.000,290.668,0.291,436438.230
351,0.000,0.000,0.000,290.377,0.291,436001.792
352,0.000,0.000,0.000,290.087,0.290,435565.790
353,0.000,0.000,0.000,289.797,0.290,435130.224
354,0.000,0.000,0.000,289.507,0.290,434695.094
355,0.000,0.000,0.000,289.217,0.290,434260.399
356,0.000,0.000,0.000,288.928,0.289,433826.139
357,0.000,0.000,0.000,288.639,0.289,433392.312
358,0.000,0.000,0.000,288.351,0.289,432958.920
359,0.000,0.000,0.000,288.062,0.288,432525.961
360,0.000,0.000,0.000,287.774,0.288,432093.435
361,0.000,0.000,0.000,287.486,0.288,431661.342
362,0.000,0.000,0.000,287.199,0.287,431229.680
363,0.000,0.000,0.000,286.912,0.287,430798.451
364,0.000,0.000,0.000,286.625,0.287,430367.652
365,0.000,0.000,0.000,286.338,0.287,429937.285
366,0.000,0.000,0.000,286.052,0.286,429507.347
367,0.000,0.000,0.000,285.766,0.286,429077.840
368,0.000,0.000,0.000,285.480,0.286,428648.762
369,0.000,0.000,0.000,285.195,0.285,428220.113
370,0.000,0.000,0.000,284.909,0.285,427791.893
371,0.000,0.000,0.000,284.624,0.285,427364.101
372,0.000,0.000,0.000,284.340,0.285,426936.737
373,0.000,0.000,0.000,284.056,0.284,426509.801
374,0.000,0.000,0.000,283.771,0.284,426083.291
375,0.000,0.000,0.000,283.488,0.284,425657.207
376,0.000,0.000,0.000,283.204,0.283,425231.550
377,0.000,0.000,0.000,282.921,0.283,424806.319
378,0.000,0.000,0.000,282.638,0.283,424381.512
379,0.000,0.000,0.000,282.355,0.283,423957.131
380,0.000,0.000,0.000,282.073,0.282,423533.174
381,0.000,0.000,0.000,281.791,0.282,423109.641
382,0.000,0.000,0.000,281.509,0.282,422686.531
383,0.000,0.000,0.000,281.228,0.282,422263.844
384,0.000,0.000,0.000,280.946,0.281,421841.581
385,0.000,0.000,0.000,280.666,0.281,421419.739
386,0.000,0.000,0.000,280.385,0.281,420998.319
387,0.000,0.000,0.000,280.104,0.280,420577.321
388,0.000,0.000,0.000,279.824,0.280,420156.744
389,0.000,0.000,0.000,279.545,0.280,419736.587
390,0.000,0.000,0.000,279.265,0.280,419316.850
391,0.000,0.000,0.000,278.986,0.279,418897.533
392,0.000,0.000,0.000,278.707,0.279,418478.636
393,0.000,0.000,0.000,278.428,0.279,418060.157
394,0.000,0.000,0.000,278.150,0.278,417642.097
395,0.000,0.000,0.000,277.871,0.278,417224.455
396,0.000,0.000,0.000,277.594,0.278,416807.231
397,0.000,0.000,0.000,277.316,0.278,416390.423
398,0.000,0.000,0.000,277.039,0.277,415974.033
399,0.000,0.000,0.000,276.762,0.277,415558.059
400,0.000,0.000,0.000,276.485,0.277,415142.501
401,0.000,0.000,0.000,276.208,0.276,414727.358
402,0.000,0.000,0.000,275.932,0.276,414312.631
403,0.000,0.000,0.000,275.656,0.276,413898.318
404,0.000,0.000,0.000,275.381,0.276,413484.420
405,0.000,0.000,0.000,275.105,0.275,413070.936
406,0.000,0.000,0.000,274.830,0.275,412657.865
407,0.000,0.000,0.000,274.555,0.275,412245.207
408,0.000,0.000,0.000,274.281,0.275,411832.962
409,0.000,0.000,0.000,274.006,0.274,411421.129
410,0.000,0.000,0.000,273.732,0.274,411009.707
411,0.000,0.000,0.000,273.459,0.274,410598.698
412,0.000,0.000,0.000,273.185,0.273,410188.099
413,0.000,0.000,0.000,272.912,0.273,409777.911
414,0.000,0.000,0.000,272.639,0.273,409368.133
415,0.000,0.000,0.000,272.367,0.273,408958.765
416,0.000,0.000,0.000,272.094,0.272,408549.806
417,0.000,0.000,0.000,271.822,0.272,408141.256
418,0.000,0.000,0.000,271.550,0.272,407733.115
419,0.000,0.000,0.000,271.279,0.272,407325.382
420,0.000,0.000,0.000,271.007,0.271,406918.057
421,0.000,0.000,0.000,270.736,0.271,406511.139
422,0.000,0.000,0.000,270.466,0.271,406104.627
423,0.000,0.000,0.000,270.195,0.270,405698.523
424,0.000,0.000,0.000,269.925,0.270,405292.824
425,0.000,0.000,0.000,269.655,0.270,404887.531
426,0.000,0.000,0.000,269.385,0.270,404482.644
427,0.000,0.000,0.000,269.116,0.269,404078.161
428,0.000,0.000,0.000,268.847,0.269,403674.083
429,0.000,0.000,0.000,268.578,0.269,403270.409
430,0.000,0.000,0.000,268.310,0.269,402867.139
431,0.000,0.000,0.000,268.041,0.268,402464.271
432,8.013,0.000,0.000,270.276,0.268,402061.807
433,0.000,0.000,0.000,269.458,0.818,1227558.177
434,0.000,0.000,0.000,268.859,0.598,897633.862
435,0.000,0.000,0.000,268.432,0.427,640352.758
436,0.000,0.000,0.000,268.164,0.293,439733.299
437,0.000,0.000,0.000,267.896,0.268,402245.805
438,0.000,0.000,0.000,267.628,0.268,401843.560
439,0.000,0.000,0.000,267.360,0.268,401441.716
440,0.000,0.000,0.000,267.093,0.267,401040.274
441,0.000,0.000,0.000,266.826,0.267,400639.234
442,0.000,0.000,0.000,266.559,0.267,400238.595
443,0.000,0.000,0.000,266.292,0.267,399838.356
444,0.000,0.000,0.000,266.026,0.266,399438.518
445,0.000,0.000,0.000,265.760,0.266,399039.079
446,0.000,0.000,0.000,265.494,0.266,398640.040
447,0.000,0.000,0.000,265.229,0.265,398241.400
448,0.000,0.000,0.000,264.964,0.265,397843.159
449,0.000,0.000,0.000,264.699,0.265,397445.316
450,0.000,0.000,0.000,264.434,0.265,397047.870
451,0.000,0.000,0.000,264.169,0.264,396650.822
452,0.000,0.000,0.000,263.905,0.264,396254.172
453,0.000,0.000,0.000,263.641,0.264,395857.917
454,0.000,0.000,0.000,263.378,0.264,395462.060
455,0.000,0.000,0.000,263.114,0.263,395066.597
456,0.000,0.000,0.000,262.851,0.263,394671.531
457,0.000,0.000,0.000,262.588,0.263,394276.859
458,0.000,0.000,0.000,262.326,0.263,393882.583
459,0.000,0.000,0.000,262.063,0.262,393488.700
460,0.000,0.000,0.000,261.801,0.262,393095.211
461,0.000,0.000,0.000,261.540,0.262,392702.116
462,0.000,0.000,0.000,261.278,0.262,392309.414
463,0.000,0.000,0.000,261.017,0.261,391917.104
464,0.000,0.000,0.000,260.756,0.261,391525.187
465,0.000,0.000,0.000,260.495,0.261,391133.662
466,0.000,0.000,0.000,260.235,0.260,390742.529
467,0.000,0.000,0.000,260.698,0.260,390351.786
468,0.000,0.000,0.000,260.279,0.419,628718.042
469,0.000,0.000,0.000,260.018,0.285,427976.627
470,0.000,0.000,0.000,259.758,0.260,390027.727
471,0.000,0.000,0.000,259.499,0.260,389637.699
472,0.000,0.000,0.000,259.239,0.259,389248.062
473,0.000,0.000,0.000,258.980,0.259,388858.814
474,0.000,0.000,0.000,258.721,0.259,388469.955
475,0.000,0.000,0.000,258.462,0.259,388081.485
476,0.000,0.000,0.000,258.204,0.258,387693.403
477,0.000,0.000,0.000,257.946,0.258,387305.710
478,0.000,0.000,0.000,257.688,0.258,386918.404
479,0.000,2.227,1.089,260.221,0.258,386531.486
480,1.746,4.598,2.301,265.406,0.871,1307240.800
481,1.663,2.320,1.206,267.629,1.970,2954964.325
482,1.866,2.816,1.502,270.059,2.417,3625300.757
483,4.450,2.590,1.419,272.993,2.909,4364104.076
484,5.216,3.116,1.762,276.363,3.513,5269333.277
485,0.000,0.000,0.000,272.777,4.212,6318464.182
486,0.000,0.000,0.000,269.396,3.381,5072032.313
487,0.000,0.000,0.000,267.208,2.596,3893304.557
488,0.000,4.434,2.606,271.307,2.072,3108635.746
489,0.000,3.736,2.244,273.950,2.932,4398584.774
490,0.000,3.997,2.446,276.438,3.472,5207945.783
491,4.482,0.647,0.403,277.012,3.978,5966526.496
492,4.895,0.963,0.612,278.142,4.062,6093346.407
493,0.000,3.186,2.064,279.267,4.269,6403523.471
494,3.467,2.153,1.414,280.814,4.475,6712413.864
495,0.000,4.126,2.759,282.710,4.774,7160441.805
496,0.000,6.564,4.450,287.221,5.149,7723939.040
497,0.000,6.049,4.172,290.328,6.100,9150438.751
498,0.000,6.969,4.881,294.066,6.742,10113603.358
499,0.000,4.836,3.439,294.528,7.523,11284876.446
500,0.000,0.000,0.000,288.184,7.583,11375159.347
501,0.000,0.000,0.000,282.038,6.147,9219866.470
502,0.000,0.000,0.000,277.285,4.753,7129551.836
503,0.000,0.000,0.000,273.619,3.666,5499168.364
504,0.000,0.000,0.000,270.800,2.818,4227531.139
505,0.000,0.000,0.000,268.643,2.157,3235715.923
506,0.000,0.222,0.161,269.269,1.641,2462161.813
507,0.000,2.398,1.743,272.585,1.738,2607019.845
508,0.000,1.919,1.406,274.638,2.426,3639696.572
509,0.000,3.077,2.271,277.813,2.837,4255669.566
510,0.000,3.104,2.310,280.417,3.495,5242118.936
511,0.000,0.000,0.000,276.560,4.027,6040013.697
512,0.000,0.000,0.000,273.423,3.137,4705769.764
513,0.000,0.000,0.000,271.289,2.406,3609234.392
514,0.000,0.000,0.000,270.415,1.896,2843794.168
515,0.000,0.000,0.000,268.752,1.663,2494413.549
516,0.163,3.296,2.481,274.014,1.256,1884560.159
517,2.863,4.352,3.303,281.187,2.373,3559842.428
518,0.112,5.128,3.940,286.369,3.911,5866207.483
519,2.831,6.739,5.220,294.329,5.010,7515258.013
520,13.008,6.380,5.003,296.170,6.721,10081063.164
521,6.416,2.851,2.241,292.948,7.085,10627932.306
522,1.460,5.105,4.016,287.492,6.336,9503846.585
523,0.000,4.672,3.634,282.397,5.095,7642843.426
524,0.000,3.896,2.993,278.463,3.934,5900822.415
525,0.000,2.040,1.551,275.435,3.028,4542106.622
526,0.000,2.590,1.959,273.113,2.322,3482368.838
527,0.000,3.799,2.854,271.343,1.771,2655833.841
528,0.000,7.675,5.710,270.002,1.341,2011196.957
529,0.000,9.227,6.728,268.996,1.006,1508440.541
530,0.801,3.721,2.648,268.688,0.744,1116350.830
531,0.000,0.000,0.000,268.052,0.636,954536.225
532,0.000,0.000,0.000,267.596,0.456,684425.869
533,0.000,0.780,0.550,267.328,0.316,473799.903
534,2.906,0.616,0.434,268.177,0.267,400992.472
535,0.162,4.091,2.891,267.752,0.513,768989.593
536,0.000,5.823,4.072,267.427,0.379,568668.949
537,5.852,6.478,4.461,269.793,0.267,401140.022
538,0.701,3.416,2.338,269.313,0.846,1269747.315
539,0.000,2.554,1.735,268.612,0.701,1051415.106
540,2.216,7.324,4.940,269.249,0.507,760100.661
541,5.542,5.663,3.763,271.459,0.607,910363.629
542,2.807,9.134,6.045,271.826,1.053,1579686.712
543,0.000,8.638,5.612,270.732,1.094,1641100.964
544,1.492,11.345,7.205,270.643,0.814,1220295.283
545,17.050,10.553,6.525,277.946,0.754,1131132.129
546,0.000,5.444,3.401,275.625,2.321,3481572.837
547,0.000,7.624,4.696,273.854,1.771,2656042.455
548,0.000,11.599,7.002,272.513,1.341,2012188.342
549,0.000,14.044,8.222,271.506,1.007,1510041.658
550,0.000,15.350,8.658,270.761,0.746,1118426.710
551,0.290,15.331,8.302,270.339,0.542,813026.456
552,0.000,15.935,8.292,269.929,0.410,614465.645
553,0.000,16.669,8.314,269.659,0.280,420055.459
554,0.000,15.159,7.233,269.389,0.270,404488.535
555,0.000,15.011,6.880,269.120,0.269,404084.047
556,1.841,11.349,4.999,269.019,0.269,403679.963
557,0.000,11.731,5.052,268.750,0.306,458624.070
558,0.000,15.916,6.645,268.481,0.269,403124.587
559,2.179,15.066,6.029,268.426,0.268,402721.463
560,8.327,14.691,5.707,270.335,0.315,472803.540
561,10.743,13.576,5.279,272.766,0.747,1120721.351
562,0.304,8.693,3.432,271.615,1.242,1863167.171
563,0.000,9.188,3.551,270.666,0.949,1423743.401
564,0.000,11.571,4.365,269.965,0.701,1050904.125
565,0.000,13.666,4.999,269.459,0.507,760149.104
566,0.000,14.520,5.123,269.190,0.356,533419.745
567,0.000,15.304,5.196,268.920,0.269,403784.400
568,0.000,11.751,3.831,268.651,0.269,403380.616
569,0.000,9.731,3.075,268.383,0.269,402977.235
570,0.000,12.878,3.967,268.114,0.268,402574.258
571,0.000,15.179,4.519,267.846,0.268,402171.684
572,0.000,16.688,4.772,267.578,0.268,401769.512
573,8.870,18.459,5.049,268.700,0.268,401367.743
574,0.271,13.475,3.755,268.185,0.573,859457.661
575,0.000,13.237,3.567,267.765,0.420,629279.810
576,0.000,17.250,4.488,267.497,0.287,430884.901
577,0.000,19.348,4.808,267.230,0.267,401246.157
578,0.000,18.740,4.423,266.963,0.267,400844.911
579,14.984,15.495,3.478,268.791,0.267,400444.066
580,1.224,15.444,3.827,268.293,0.728,1091397.934
581,3.565,16.637,4.000,268.364,0.578,866885.354
582,7.025,14.520,3.450,269.074,0.553,830173.435
583,5.290,11.755,2.864,269.380,0.670,1004466.014
584,0.000,9.672,2.393,268.683,0.697,1045497.371
585,3.493,9.886,2.384,268.818,0.504,755513.004
586,3.344,9.871,2.393,268.938,0.493,739876.593
587,0.000,9.941,2.418,268.458,0.480,719815.681
588,0.000,10.382,2.460,268.190,0.334,501661.030
589,14.858,10.889,2.511,270.065,0.268,402285.288
590,40.389,4.614,1.181,277.158,0.739,1109005.163
591,2.485,5.647,1.906,275.535,2.260,3389820.905
592,0.000,7.387,2.493,273.672,1.863,2794637.060
593,0.000,7.667,2.538,272.259,1.413,2120123.850
594,4.773,7.866,2.551,272.372,1.063,1594063.239
595,11.702,6.915,2.262,274.231,1.048,1571802.644
596,4.164,6.107,2.101,273.902,1.417,2125710.849
597,7.594,5.222,1.810,274.597,1.305,1957874.997
598,2.324,7.847,2.797,273.808,1.419,2127846.886
599,3.698,8.592,3.038,273.597,1.205,1808180.088
600,0.000,8.592,3.030,272.477,1.119,1679068.317
601,2.647,8.412,2.901,272.337,0.834,1250456.107
602,4.415,8.908,3.050,272.722,0.763,1145098.223
603,12.682,8.303,2.847,275.218,0.809,1213064.877
604,5.314,7.215,2.597,275.354,1.318,1977681.065
605,0.000,4.415,1.604,274.045,1.309,1963411.858
606,0.000,4.142,1.487,273.063,0.982,1472539.563
607,0.000,3.089,1.097,272.337,0.726,1089718.094
608,0.000,4.462,1.572,271.809,0.527,791176.212
609,0.000,4.649,1.619,271.529,0.372,558372.347
610,0.000,6.575,2.262,271.258,0.272,407293.761
611,0.000,7.960,2.691,270.986,0.271,406886.467
612,0.000,8.432,2.792,270.715,0.271,406479.580
613,2.610,5.612,1.818,270.637,0.271,406073.101
614,8.402,6.911,2.241,272.134,0.313,468969.141
615,2.185,5.222,1.749,272.031,0.659,989123.736
616,3.107,4.091,1.369,272.223,0.597,895925.320
617,15.265,3.058,1.031,275.532,0.600,900463.942
618,0.000,4.161,1.514,274.243,1.289,1933311.011
619,0.000,5.285,1.902,273.277,0.966,1449149.693
620,0.000,4.239,1.505,272.562,0.714,1071562.698
621,0.000,3.561,1.250,272.044,0.518,777103.616
622,2.137,3.986,1.387,272.219,0.365,547484.247
623,12.401,3.748,1.306,275.127,0.370,554838.090
624,1.615,1.509,0.556,274.608,0.972,1457520.990
625,0.000,3.253,1.204,273.790,0.819,1227769.682
626,0.000,0.000,0.000,273.190,0.599,899228.350
627,0.000,0.191,0.070,272.762,0.429,643024.543
628,0.000,0.753,0.276,272.489,0.295,443243.947
629,0.000,1.950,0.714,272.217,0.272,408733.571
630,0.000,6.794,2.475,271.944,0.272,408324.837
631,0.000,7.886,2.822,271.672,0.272,407916.512
632,0.000,6.131,2.149,271.401,0.272,407508.596
633,0.000,0.484,0.167,271.129,0.271,407101.087
634,0.000,0.000,0.000,270.858,0.271,406693.986
635,0.000,0.000,0.000,270.587,0.271,406287.292
636,0.000,0.000,0.000,270.395,0.271,405881.005
637,0.000,0.000,0.000,270.323,0.288,431401.325
638,0.000,0.000,0.000,270.053,0.314,470491.430
639,0.000,0.000,0.000,269.783,0.270,405079.143
640,0.000,0.000,0.000,269.513,0.270,404674.064
641,0.000,0.000,0.000,269.243,0.270,404269.390
642,0.000,0.000,0.000,268.974,0.269,403865.121
643,0.000,0.000,0.000,268.705,0.269,403461.256
644,0.397,2.422,0.854,270.542,0.269,403057.794
645,0.000,3.401,1.254,271.497,0.732,1097579.285
646,0.000,1.693,0.637,270.595,0.902,1352913.222
647,0.000,0.917,0.344,269.931,0.664,995688.344
648,0.000,0.363,0.136,269.453,0.478,717112.524
649,1.673,1.794,0.670,269.437,0.333,499882.908
650,7.225,0.905,0.339,270.975,0.325,487164.019
651,0.000,7.426,2.878,270.308,0.667,1000331.532
652,1.695,5.292,2.012,270.318,0.481,720855.065
653,3.101,0.000,0.000,270.766,0.443,664660.220
654,0.000,0.000,0.000,270.264,0.502,753350.807
655,0.000,0.000,0.000,269.994,0.352,528388.133
656,0.000,0.000,0.000,269.724,0.270,404991.149
657,0.000,0.000,0.000,269.454,0.270,404586.158
658,0.000,0.000,0.000,269.185,0.269,404181.572
659,0.000,0.000,0.000,268.916,0.269,403777.390
660,0.000,0.000,0.000,268.647,0.269,403373.613
661,0.000,0.000,0.000,268.378,0.269,402970.239
662,3.200,0.530,0.204,269.997,0.268,402567.269
663,0.000,0.000,0.000,269.565,0.683,1024946.840
664,0.000,0.000,0.000,269.017,0.548,822740.425
665,0.000,0.000,0.000,268.655,0.388,582046.352
666,0.000,0.000,0.000,268.386,0.269,402982.390
667,0.000,0.000,0.000,268.118,0.268,402579.407
668,0.000,0.000,0.000,267.850,0.268,402176.828
669,0.000,0.000,0.000,267.582,0.268,401774.651
670,0.000,0.000,0.000,267.314,0.268,401372.876
671,0.000,0.000,0.000,267.047,0.267,400971.503
672,0.000,0.000,0.000,266.780,0.267,400570.532
673,0.000,0.000,0.000,266.513,0.267,400169.961
674,9.183,0.000,0.000,269.650,0.267,399769.791
675,0.289,0.858,0.362,270.515,1.015,1522562.713
676,0.063,0.183,0.079,270.690,1.165,1747684.363
677,0.000,0.000,0.000,269.527,1.163,1744996.506
678,0.000,0.000,0.000,268.659,0.867,1300854.975
679,0.000,0.000,0.000,268.023,0.636,954484.823
680,0.000,0.000,0.000,267.567,0.456,684376.287
681,0.000,0.000,0.000,267.300,0.316,473751.750
682,0.000,0.000,0.000,267.032,0.267,400949.253
683,0.000,0.000,0.000,266.765,0.267,400548.304
684,0.000,0.000,0.000,266.498,0.267,400147.756
685,0.000,0.000,0.000,266.232,0.266,399747.608
686,0.000,0.000,0.000,265.966,0.266,399347.860
687,0.000,0.000,0.000,265.700,0.266,398948.512
688,0.000,0.000,0.000,265.434,0.266,398549.564
689,0.000,0.000,0.000,265.169,0.265,398151.014
690,0.000,0.000,0.000,264.903,0.265,397752.863
691,0.000,1.416,0.621,266.472,0.265,397355.110
692,6.839,3.448,1.548,272.073,0.668,1002117.690
693,0.000,0.000,0.000,270.213,1.860,2789491.598
694,0.000,0.000,0.000,268.803,1.410,2114973.086
695,0.000,0.000,0.000,267.744,1.059,1588909.477
696,6.362,0.698,0.333,271.153,0.786,1178640.632
697,0.000,0.000,0.000,269.658,1.495,2242955.427
698,0.000,0.000,0.000,269.856,1.126,1688917.830
699,0.000,0.000,0.000,268.727,1.129,1693810.066
700,0.000,0.000,0.000,267.886,0.840,1260705.562
701,0.000,0.000,0.000,267.271,0.615,922944.515
702,0.000,0.000,0.000,266.831,0.440,659551.305
703,0.000,0.000,0.000,266.565,0.303,454164.946
704,0.000,0.000,0.000,266.298,0.267,399847.172
705,0.000,0.000,0.000,266.032,0.266,399447.325
706,0.000,0.000,0.000,265.766,0.266,399047.878
707,0.000,0.000,0.000,265.500,0.266,398648.830
708,0.000,0.000,0.000,265.235,0.266,398250.181
709,0.000,0.000,0.000,264.969,0.265,397851.931
710,0.000,0.000,0.000,264.704,0.265,397454.079
711,0.000,0.000,0.000,264.440,0.265,397056.625
712,0.000,0.000,0.000,264.175,0.264,396659.568
713,0.000,0.000,0.000,263.911,0.264,396262.909
714,0.000,0.000,0.000,263.647,0.264,395866.646
715,0.000,0.000,0.000,263.384,0.264,395470.779
716,0.000,0.000,0.000,263.120,0.263,395075.308
717,0.000,0.000,0.000,262.857,0.263,394680.233
718,0.000,0.000,0.000,262.594,0.263,394285.553
719,0.000,0.000,0.000,262.332,0.263,393891.267
720,0.000,0.000,0.000,262.069,0.262,393497.376
721,0.000,0.000,0.000,261.807,0.262,393103.879
722,0.000,0.000,0.000,261.545,0.262,392710.775
723,0.000,0.000,0.000,261.284,0.262,392318.064
724,0.000,0.000,0.000,261.023,0.261,391925.746
725,0.000,0.000,0.000,260.762,0.261,391533.820
726,0.000,0.000,0.000,260.501,0.261,391142.286
727,0.000,0.000,0.000,260.240,0.261,390751.144
728,0.000,0.000,0.000,259.980,0.260,390360.393
729,0.000,0.000,0.000,259.720,0.260,389970.033
730,0.000,0.000,0.000,259.460,0.260,389580.063
731,0.000,0.000,0.000,259.201,0.259,389190.483
732,0.000,0.000,0.000,258.942,0.259,388801.292
733,0.000,0.000,0.000,258.683,0.259,388412.491
734,0.000,0.000,0.000,258.424,0.259,388024.078
735,0.000,0.000,0.000,258.166,0.258,387636.054
736,0.000,0.000,0.000,257.907,0.258,387248.418
737,0.000,0.000,0.000,257.650,0.258,386861.170
738,0.000,0.000,0.000,257.392,0.258,386474.309
739,0.000,0.000,0.000,257.134,0.257,386087.834
740,0.000,0.000,0.000,256.877,0.257,385701.746
741,0.000,0.000,0.000,256.620,0.257,385316.045
742,0.000,0.000,0.000,256.364,0.257,384930.729
743,0.000,0.000,0.000,256.108,0.256,384545.798
744,2.509,0.000,0.000,256.565,0.256,384161.252
745,0.000,0.000,0.000,256.152,0.413,619123.366
746,0.000,0.714,0.361,257.545,0.279,419138.408
747,5.046,3.026,1.553,263.021,0.619,927992.002
748,0.000,0.000,0.000,261.240,1.781,2671429.065
749,0.000,0.000,0.000,259.893,1.347,2020015.195
750,0.000,0.000,0.000,258.885,1.008,1511976.075
751,0.000,0.000,0.000,258.142,0.744,1115769.197
752,0.000,0.000,0.000,257.604,0.538,806791.405
753,0.000,0.000,0.000,257.250,0.377,565852.236
754,0.000,0.000,0.000,256.993,0.257,385875.645
755,0.000,0.000,0.000,256.736,0.257,385489.770
756,0.000,0.000,0.000,256.479,0.257,385104.280
757,0.000,0.000,0.000,256.223,0.256,384719.176
758,0.000,0.000,0.000,255.967,0.256,384334.456
759,0.000,0.000,0.000,255.711,0.256,383950.122
760,0.000,0.000,0.000,255.455,0.256,383566.172
761,0.000,0.000,0.000,255.200,0.255,383182.606
762,0.000,0.000,0.000,254.944,0.255,382799.423
763,0.000,0.000,0.000,254.689,0.255,382416.624
764,0.000,0.000,0.000,254.435,0.255,382034.207
765,0.000,0.000,0.000,254.180,0.254,381652.173
766,0.000,0.000,0.000,253.926,0.254,381270.521
767,0.000,0.000,0.000,253.672,0.254,380889.250
768,0.000,0.000,0.000,253.419,0.254,380508.361
769,0.000,0.000,0.000,253.165,0.253,380127.852
770,0.000,0.000,0.000,252.912,0.253,379747.725
771,0.000,0.000,0.000,252.659,0.253,379367.977
772,0.000,0.000,0.000,252.406,0.253,378988.609
773,0.000,0.000,0.000,252.154,0.252,378609.620
774,0.000,0.000,0.000,251.902,0.252,378231.011
775,0.000,0.000,0.000,251.650,0.252,377852.780
776,0.000,0.000,0.000,251.398,0.252,377474.927
777,0.000,0.000,0.000,251.147,0.251,377097.452
778,0.000,0.000,0.000,250.896,0.251,376720.355
779,0.000,0.000,0.000,250.645,0.251,376343.634
780,0.000,0.000,0.000,250.394,0.251,375967.291
781,0.000,0.000,0.000,250.144,0.250,375591.323
782,0.000,0.000,0.000,249.894,0.250,375215.732
783,0.000,0.000,0.000,249.644,0.250,374840.516
784,0.000,0.000,0.000,249.394,0.250,374465.676
785,0.000,0.000,0.000,249.145,0.249,374091.210
786,0.000,0.000,0.000,248.896,0.249,373717.119
787,0.000,0.000,0.000,248.647,0.249,373343.402
788,0.000,0.000,0.000,248.398,0.249,372970.058
789,0.000,0.000,0.000,248.150,0.248,372597.088
790,0.000,0.000,0.000,247.902,0.248,372224.491
791,0.000,0.000,0.000,247.654,0.248,371852.267
792,0.000,0.000,0.000,247.406,0.248,371480.414
793,0.000,0.000,0.000,247.159,0.247,371108.934
794,0.000,0.000,0.000,246.911,0.247,370737.825
795,0.000,0.000,0.000,246.664,0.247,370367.087
796,0.000,0.000,0.000,246.418,0.247,369996.720
797,0.000,0.000,0.000,246.171,0.246,369626.723
798,0.000,0.000,0.000,245.925,0.246,369257.097
799,0.000,0.000,0.000,245.679,0.246,368887.840
800,0.000,0.000,0.000,245.434,0.246,368518.952
801,0.000,0.000,0.000,245.188,0.245,368150.433
802,0.000,0.000,0.000,245.694,0.245,367782.282
803,0.000,0.000,0.000,245.284,0.410,615215.130
804,0.000,0.000,0.000,245.039,0.275,412506.577
805,0.000,0.000,0.000,244.794,0.245,367557.929
806,0.000,0.000,0.000,244.549,0.245,367190.371
807,0.000,0.000,0.000,244.304,0.245,366823.181
808,0.000,0.000,0.000,244.060,0.244,366456.358
809,0.000,0.000,0.000,243.816,0.244,366089.902
810,0.000,0.000,0.000,243.572,0.244,365723.812
811,0.000,0.000,0.000,243.328,0.244,365358.088
812,5.746,1.997,1.075,248.351,0.243,364992.730
813,0.000,0.000,0.000,246.949,1.401,2102237.433
814,0.000,0.000,0.000,245.901,1.048,1571773.672
815,0.000,0.000,0.000,245.129,0.772,1158079.910
816,0.000,0.000,0.000,244.572,0.557,835466.679
817,0.000,0.000,0.000,244.183,0.389,583896.195
818,0.000,0.000,0.000,243.939,0.258,387738.985
819,0.000,0.000,0.000,243.695,0.244,365908.332
820,0.000,0.000,0.000,243.451,0.244,365542.424
821,0.000,0.000,0.000,243.208,0.243,365176.882
822,0.000,0.000,0.000,242.965,0.243,364811.705
823,0.000,0.000,0.000,242.722,0.243,364446.893
824,0.000,0.000,0.000,242.479,0.243,364082.446
825,0.000,0.000,0.000,242.236,0.242,363718.364
826,0.000,0.000,0.000,241.994,0.242,363354.645
827,0.000,0.000,0.000,241.752,0.242,362991.291
828,0.000,0.000,0.000,241.510,0.242,362628.300
829,0.000,0.000,0.000,241.269,0.242,362265.671
830,0.000,0.000,0.000,241.028,0.241,361903.406
831,0.000,0.000,0.000,240.787,0.241,361541.502
832,0.000,1.045,0.582,242.641,0.241,361179.961
833,0.000,0.971,0.548,244.445,0.701,1052062.109
834,0.000,0.000,0.000,243.393,1.052,1578740.348
835,0.000,0.000,0.000,242.617,0.775,1162680.590
836,0.000,0.000,0.000,242.059,0.559,838222.716
837,0.000,0.000,0.000,241.668,0.390,585214.242
838,0.000,0.000,0.000,241.427,0.259,387936.232
839,0.000,0.000,0.000,241.185,0.241,362140.296
840,0.000,0.000,0.000,240.944,0.241,361778.156
841,0.000,0.000,0.000,240.703,0.241,361416.378
842,0.000,0.000,0.000,240.463,0.241,361054.962
843,0.000,2.164,1.237,243.503,0.240,360693.907
844,0.000,5.089,2.956,249.306,0.962,1443105.046
845,2.824,0.000,0.000,248.641,2.193,3289097.095
846,0.000,0.000,0.000,246.640,2.001,3000794.109
847,0.000,0.000,0.000,245.126,1.515,2271845.133
848,0.000,0.000,0.000,243.990,1.136,1703333.707
849,0.000,0.000,0.000,243.150,0.840,1259963.500
850,0.000,0.000,0.000,242.541,0.609,914203.375
851,0.000,0.000,0.000,242.111,0.430,644579.046
852,0.000,3.167,1.900,246.560,0.290,434340.569
853,0.000,3.904,2.382,251.131,1.274,1910604.707
854,0.000,4.622,2.872,255.632,2.234,3350840.895
855,0.000,3.623,2.295,258.210,3.178,4767726.247
856,0.000,1.966,1.265,258.492,3.700,5550497.554
857,0.556,1.583,1.030,258.643,3.717,5575066.888
858,0.000,0.000,0.000,256.139,3.705,5557125.160
859,0.000,0.000,0.000,253.212,3.109,4662772.092
860,0.000,0.000,0.000,250.793,2.419,3628643.924
861,0.000,0.000,0.000,248.951,1.842,2762448.480
862,0.000,0.000,0.000,247.560,1.391,2086883.927
863,0.000,0.000,0.000,246.520,1.040,1560011.401
864,0.000,0.000,0.000,245.754,0.766,1149118.590
865,0.000,0.000,0.000,245.201,0.552,828689.887
866,0.000,0.000,0.000,244.815,0.386,578823.121
867,0.000,0.000,0.000,244.571,0.256,383994.599
868,0.000,0.000,0.000,244.326,0.245,366855.792
869,0.000,0.000,0.000,244.082,0.244,366488.936
870,0.000,0.000,0.000,243.838,0.244,366122.447
871,0.000,0.000,0.000,243.594,0.244,365756.325
872,0.000,0.000,0.000,244.618,0.244,365390.569
873,0.000,1.599,1.065,247.792,0.522,783532.612
874,0.000,6.244,4.200,255.823,1.175,1762941.699
875,0.000,7.082,4.847,263.300,2.897,4345485.720
876,0.000,9.727,6.772,272.587,4.497,6745035.782
877,5.596,9.001,6.392,282.290,6.495,9742050.834
878,6.675,6.474,4.719,287.709,8.584,12876585.707
879,14.659,6.482,4.832,296.870,9.731,14597122.276
880,4.689,9.165,7.055,302.430,11.702,17552676.518
881,8.376,7.133,5.583,306.524,12.880,19320111.127
882,18.788,5.803,4.629,314.591,13.736,20603778.970
883,0.000,6.439,5.291,310.677,15.466,23198854.435
884,0.000,6.704,5.535,306.298,14.560,21839802.234
885,0.000,9.691,8.011,292.746,13.552,20327639.185
886,0.643,9.672,7.793,282.617,10.526,15788484.226
887,20.525,5.277,4.148,286.726,8.253,12379007.380
888,6.738,4.696,3.740,281.727,9.112,13667920.402
889,11.254,6.704,5.321,280.603,7.967,11951221.652
890,0.000,4.633,3.666,272.927,7.676,11513499.470
891,6.346,4.391,3.433,270.785,5.943,8913789.950
892,2.067,1.771,1.380,266.592,5.427,8140181.894
893,0.000,6.115,4.758,262.132,4.460,6690094.497
894,0.000,8.147,6.238,258.698,3.434,5151734.090
895,6.273,7.667,5.746,259.663,2.635,3951879.513
896,0.000,10.109,7.495,256.861,2.803,4204066.751
897,4.835,8.627,6.228,257.391,2.142,3212831.868
898,4.589,5.842,4.156,257.675,2.214,3321544.231
899,5.798,4.146,2.927,258.575,2.233,3349083.081
900,0.000,5.733,4.043,256.188,2.387,3579929.293
901,0.000,7.589,5.273,254.371,1.818,2726269.613
902,0.225,5.561,3.788,253.114,1.374,2060481.139
903,0.000,5.909,3.967,252.061,1.053,1579856.151
904,0.000,10.963,7.248,251.283,0.778,1166410.590
905,0.000,15.116,9.709,250.721,0.563,843988.930
906,0.000,17.324,10.689,250.326,0.395,592565.847
907,0.000,13.720,8.084,250.075,0.264,396521.587
908,0.000,13.104,7.445,249.825,0.250,375112.917
909,0.000,11.497,6.310,249.575,0.250,374737.804
910,0.000,5.039,2.683,249.326,0.250,374363.066
911,1.013,2.535,1.332,249.076,0.249,373988.703
912,0.000,2.336,1.223,248.827,0.249,373614.714
913,1.168,3.568,1.857,248.592,0.249,373241.100
914,3.484,3.912,2.024,249.280,0.252,377434.793
915,0.533,2.675,1.385,249.036,0.454,681419.314
916,1.056,3.927,2.022,249.094,0.357,534751.473
917,0.084,6.844,3.499,248.846,0.325,487811.229
918,0.000,6.341,3.185,248.597,0.249,373268.617
919,0.000,5.015,2.477,248.348,0.249,372895.348
920,0.000,7.429,3.622,248.100,0.248,372522.453
921,0.000,11.809,5.646,247.852,0.248,372149.931
922,0.000,12.371,5.733,247.604,0.248,371777.781
923,0.000,13.482,6.047,247.356,0.248,371406.003
924,0.000,12.944,5.602,247.109,0.247,371034.597
925,9.776,14.297,5.979,249.524,0.247,370663.562
926,13.208,7.905,3.320,252.915,0.833,1248848.389
927,2.188,7.648,3.325,252.105,1.534,2300978.756
928,6.050,10.440,4.488,252.774,1.311,1967119.433
929,1.581,9.617,4.124,251.876,1.414,2121337.398
930,0.000,9.247,3.891,250.704,1.172,1758479.998
931,4.756,10.881,4.469,251.321,0.870,1305150.066
932,4.679,10.198,4.157,251.811,0.961,1442237.784
933,0.263,4.165,1.688,250.866,1.025,1537649.702
934,1.635,4.840,1.942,250.593,0.773,1159813.410
935,0.000,8.014,3.199,249.924,0.669,1003233.975
936,0.000,9.138,3.571,249.446,0.478,716389.827
937,0.000,10.842,4.136,249.197,0.328,492717.523
938,0.000,15.120,5.606,248.948,0.249,373795.656
939,0.000,14.196,5.056,248.699,0.249,373421.861
940,0.000,16.310,5.595,248.450,0.249,373048.439
941,3.031,18.435,6.055,248.508,0.248,372675.390
942,0.401,17.928,5.712,248.260,0.316,473326.177
943,0.918,16.380,4.989,248.011,0.248,372389.610
944,0.000,16.817,4.934,247.763,0.248,372017.220
945,0.000,13.763,3.862,247.516,0.248,371645.203
946,0.000,10.655,2.882,247.268,0.248,371273.558
947,0.000,15.202,3.999,247.021,0.247,370902.284
948,0.830,9.957,2.515,246.774,0.247,370531.382
949,0.000,4.789,1.187,246.527,0.247,370160.851
950,0.000,6.209,1.520,246.281,0.247,369790.690
951,0.000,9.485,2.284,246.034,0.246,369420.899
952,0.000,11.918,2.799,245.788,0.246,369051.478
953,0.000,14.379,3.272,245.542,0.246,368682.427
954,0.000,15.725,3.444,245.297,0.246,368313.744
955,2.820,11.743,2.467,245.052,0.245,367945.430
956,0.550,9.262,1.944,244.807,0.245,367577.485
957,1.547,11.700,2.410,244.562,0.245,367209.908
958,0.000,13.053,2.651,244.317,0.245,366842.698
959,0.000,13.923,2.732,244.073,0.244,366475.855
960,0.000,14.325,2.709,243.829,0.244,366109.379
961,0.000,12.788,2.328,243.585,0.244,365743.270
962,0.000,11.197,1.971,243.341,0.244,365377.526
963,0.000,11.794,2.015,243.098,0.243,365012.149
964,1.586,13.642,2.260,242.855,0.243,364647.137
965,0.000,10.901,1.781,242.612,0.243,364282.490
966,1.315,7.819,1.241,242.370,0.243,363918.207
967,4.347,5.008,0.794,242.197,0.242,363554.289
968,2.744,2.839,0.472,241.955,0.257,386128.050
969,0.216,3.643,0.624,241.713,0.242,362931.804
970,0.000,1.736,0.296,241.471,0.242,362568.873
971,0.000,0.807,0.137,241.229,0.241,362206.304
972,0.000,3.264,0.552,240.988,0.241,361844.097
973,0.000,6.720,1.127,240.747,0.241,361482.253
974,0.452,10.826,1.784,240.506,0.241,361120.771
975,0.000,8.354,1.346,240.266,0.241,360759.650
976,4.459,8.865,1.398,240.106,0.240,360398.891
977,8.829,11.185,1.837,240.572,0.258,386461.410
978,6.704,7.706,1.384,241.086,0.395,592887.931
979,4.395,8.791,1.680,241.258,0.462,693376.947
980,3.476,7.523,1.478,241.320,0.454,681202.089
981,5.812,6.677,1.338,241.778,0.422,632729.294
982,0.706,5.394,1.131,241.413,0.477,715119.393
983,2.314,5.296,1.103,241.427,0.351,525975.427
984,0.906,5.830,1.227,241.186,0.308,461821.618
985,0.000,6.560,1.373,240.944,0.241,361778.526
986,0.000,5.452,1.122,240.704,0.241,361416.747
987,0.255,4.817,0.977,240.463,0.241,361055.330
988,6.096,4.150,0.833,240.698,0.240,360694.275
989,0.000,3.268,0.693,240.432,0.345,517131.658
990,0.000,3.311,0.696,240.192,0.240,360648.247
991,0.000,3.210,0.669,239.952,0.240,360287.599
992,0.620,4.832,0.999,239.712,0.240,359927.311
993,0.000,4.598,0.945,239.472,0.240,359567.384
994,0.000,5.967,1.212,239.232,0.239,359207.817
995,1.336,5.339,1.067,238.993,0.239,358848.609
996,4.214,1.404,0.281,238.941,0.239,358489.760
997,0.471,3.062,0.639,238.703,0.280,419920.835
998,10.735,0.000,0.000,239.702,0.239,358054.001
999,6.515,0.000,0.000,240.333,0.511,766352.671
1000,6.248,0.000,0.000,240.892,0.603,905062.895
1001,0.000,0.000,0.000,240.212,0.680,1019888.175
1002,0.000,0.000,0.000,239.728,0.484,726162.099
1003,0.000,0.000,0.000,239.488,0.331,497125.110
1004,0.000,0.000,0.000,239.249,0.239,359232.306
1005,0.000,0.000,0.000,239.009,0.239,358873.073
1006,5.619,2.094,0.542,240.515,0.239,358514.200
1007,8.477,6.759,1.898,241.698,0.623,933968.156
1008,6.512,7.059,2.070,242.309,0.836,1254718.762
1009,2.652,4.064,1.223,241.990,0.925,1387328.148
1010,2.915,7.383,2.238,241.852,0.808,1212741.246
1011,0.434,2.999,0.909,241.220,0.732,1098053.722
1012,0.000,11.774,3.552,240.673,0.547,820350.071
1013,0.327,6.540,1.912,240.365,0.381,570830.402
1014,4.219,4.508,1.299,240.691,0.267,400179.575
1015,1.509,4.894,1.436,240.662,0.365,546997.365
1016,0.000,2.656,0.777,240.422,0.312,468490.438
1017,0.687,0.000,0.000,240.181,0.240,360632.718
1018,0.910,1.455,0.425,239.941,0.240,360272.085
1019,0.100,6.045,1.770,239.701,0.240,359911.813
1020,7.578,6.954,2.005,240.669,0.240,359551.901
1021,6.376,3.416,1.020,241.608,0.505,757600.724
1022,8.687,0.000,0.000,242.978,0.666,998315.374
1023,0.000,0.000,0.000,242.057,0.921,1381285.673
1024,0.000,0.000,0.000,241.385,0.672,1008379.204
1025,0.000,0.000,0.000,240.906,0.478,717581.182
1026,1.748,1.704,0.556,242.216,0.327,490827.679
1027,0.000,4.898,1.655,241.634,0.582,872518.665
1028,7.034,4.719,1.574,243.009,0.408,611798.262
1029,3.407,3.826,1.313,243.233,0.665,996754.590
1030,3.937,4.586,1.588,243.601,0.668,1002024.949
1031,0.000,0.000,0.000,242.898,0.703,1054978.875
1032,0.000,0.000,0.000,242.395,0.503,754391.878
1033,0.000,0.000,0.000,242.127,0.347,520002.512
1034,0.000,0.000,0.000,241.885,0.242,363190.070
1035,0.000,0.000,0.000,241.643,0.242,362826.880
1036,0.000,0.000,0.000,241.401,0.242,362464.053
1037,0.000,0.000,0.000,241.160,0.241,362101.589
1038,0.000,0.000,0.000,240.918,0.241,361739.488
1039,0.000,0.000,0.000,240.678,0.241,361377.748
1040,0.000,0.000,0.000,240.437,0.241,361016.371
1041,0.000,0.000,0.000,240.196,0.240,360655.354
1042,0.000,0.000,0.000,239.956,0.240,360294.699
1043,0.000,0.000,0.000,239.716,0.240,359934.404
1044,0.000,0.000,0.000,239.477,0.240,359574.470
1045,0.000,0.000,0.000,239.237,0.239,359214.895
1046,0.000,0.000,0.000,238.998,0.239,358855.680
1047,0.000,0.000,0.000,238.759,0.239,358496.825
1048,0.000,0.000,0.000,238.520,0.239,358138.328
1049,0.000,0.000,0.000,238.282,0.239,357780.190
1050,0.000,0.000,0.000,238.043,0.238,357422.409
1051,0.000,0.000,0.000,237.805,0.238,357064.987
1052,0.000,0.000,0.000,237.567,0.238,356707.922
1053,0.000,0.000,0.000,237.330,0.238,356351.214
1054,0.000,0.000,0.000,237.093,0.237,355994.863
1055,0.000,0.000,0.000,236.855,0.237,355638.868
1056,0.000,0.000,0.000,236.619,0.237,355283.229
1057,0.000,0.000,0.000,236.382,0.237,354927.946
1058,0.000,0.000,0.000,236.146,0.236,354573.018
1059,3.154,0.000,0.000,236.542,0.236,354218.445
1060,3.761,0.000,0.000,237.365,0.375,562739.932
1061,0.000,0.000,0.000,236.855,0.509,763702.471
1062,0.000,0.000,0.000,236.551,0.350,525429.522
1063,0.000,0.000,0.000,236.315,0.237,354826.671
1064,0.000,0.000,0.000,236.078,0.236,354471.844
1065,0.000,0.000,0.000,235.842,0.236,354117.372
1066,0.000,0.000,0.000,235.606,0.236,353763.255
1067,0.000,0.000,0.000,235.371,0.236,353409.492
1068,0.000,0.000,0.000,235.135,0.235,353056.082
1069,0.000,0.000,0.000,234.900,0.235,352703.026
1070,0.000,0.000,0.000,234.665,0.235,352350.323
1071,0.000,0.000,0.000,234.431,0.235,351997.973
1072,0.000,0.000,0.000,234.196,0.234,351645.975
1073,0.000,0.000,0.000,233.962,0.234,351294.329
1074,1.497,2.664,0.977,236.397,0.234,350943.034
1075,0.000,7.328,2.822,241.545,0.821,1231446.044
1076,0.000,0.207,0.086,240.924,1.906,2859277.988
1077,0.000,0.000,0.000,239.202,1.722,2583262.631
1078,0.000,0.000,0.000,237.906,1.296,1944041.539
1079,0.000,0.000,0.000,236.942,0.964,1445519.992
1080,0.000,0.000,0.000,236.238,0.704,1056744.017
1081,0.000,0.000,0.000,235.735,0.502,753569.518
1082,0.000,0.000,0.000,235.452,0.345,517164.100
1083,0.000,0.000,0.000,235.217,0.235,353178.289
1084,0.000,0.000,0.000,234.982,0.235,352825.111
1085,0.000,0.000,0.000,234.747,0.235,352472.286
1086,0.000,0.000,0.000,234.512,0.235,352119.814
1087,0.000,0.000,0.000,234.277,0.235,351767.694
1088,0.000,0.000,0.000,234.043,0.234,351415.926
1089,0.000,0.000,0.000,233.809,0.234,351064.510
1090,0.000,0.000,0.000,233.575,0.234,350713.446
1091,0.000,0.000,0.000,233.342,0.234,350362.732
1092,0.000,0.000,0.000,233.108,0.233,350012.369
1093,0.000,0.000,0.000,232.875,0.233,349662.357
1094,0.000,0.000,0.000,232.642,0.233,349312.695
1095,0.000,0.000,0.000,232.410,0.233,348963.382
1096,0.000,0.000,0.000,232.177,0.232,348614.419
1097,0.000,0.000,0.000,231.945,0.232,348265.804
1098,0.000,0.000,0.000,231.713,0.232,347917.538
1099,0.000,0.000,0.000,231.481,0.232,347569.621
1100,0.000,0.000,0.000,231.250,0.231,347222.051
1101,0.000,0.000,0.000,231.019,0.231,346874.829
1102,0.000,0.000,0.000,230.788,0.231,346527.954
1103,0.000,0.000,0.000,230.557,0.231,346181.426
1104,0.000,0.000,0.000,230.326,0.231,345835.245
1105,0.000,0.000,0.000,230.096,0.230,345489.410
1106,0.000,0.000,0.000,229.866,0.230,345143.920
1107,0.000,0.000,0.000,229.636,0.230,344798.776
1108,0.000,0.000,0.000,229.406,0.230,344453.978
1109,0.000,0.000,0.000,229.177,0.229,344109.524
1110,0.000,0.000,0.000,228.948,0.229,343765.414
1111,0.000,0.000,0.000,228.719,0.229,343421.649
1112,0.000,0.000,0.000,228.490,0.229,343078.227
1113,0.000,0.000,0.000,228.262,0.228,342735.149
1114,0.000,0.000,0.000,228.033,0.228,342392.414
1115,0.000,0.000,0.000,227.805,0.228,342050.021
1116,0.000,0.000,0.000,227.578,0.228,341707.971
1117,0.000,0.000,0.000,227.350,0.228,341366.263
1118,0.000,0.000,0.000,227.123,0.227,341024.897
1119,0.000,0.000,0.000,226.895,0.227,340683.872
1120,0.000,0.000,0.000,226.669,0.227,340343.188
1121,0.000,0.000,0.000,226.442,0.227,340002.845
1122,0.000,0.000,0.000,226.215,0.226,339662.842
1123,0.000,0.000,0.000,225.989,0.226,339323.179
1124,0.000,0.000,0.000,225.763,0.226,338983.856
1125,0.000,0.000,0.000,225.537,0.226,338644.872
1126,0.000,0.000,0.000,225.312,0.226,338306.228
1127,0.000,0.000,0.000,225.087,0.225,337967.921
1128,0.000,0.000,0.000,224.862,0.225,337629.953
1129,0.000,0.000,0.000,224.637,0.225,337292.323
1130,0.000,0.000,0.000,224.412,0.225,336955.031
1131,0.000,0.000,0.000,224.188,0.224,336618.076
1132,0.000,0.000,0.000,223.963,0.224,336281.458
1133,0.000,0.000,0.000,223.739,0.224,335945.177
1134,0.000,0.000,0.000,223.516,0.224,335609.231
1135,0.000,0.000,0.000,223.292,0.224,335273.622
1136,0.000,0.000,0.000,223.069,0.223,334938.348
1137,0.000,0.000,0.000,222.846,0.223,334603.410
1138,0.000,0.000,0.000,222.623,0.223,334268.807
1139,0.000,0.000,0.000,222.400,0.223,333934.538
1140,0.000,0.000,0.000,222.178,0.222,333600.603
1141,0.000,0.000,0.000,221.956,0.222,333267.003
1142,0.000,0.000,0.000,221.734,0.222,332933.736
1143,0.000,0.000,0.000,221.512,0.222,332600.802
1144,0.000,0.000,0.000,221.291,0.222,332268.201
1145,0.000,0.000,0.000,221.069,0.221,331935.933
1146,0.000,0.000,0.000,220.848,0.221,331603.997
1147,0.000,0.000,0.000,220.627,0.221,331272.393
1148,0.000,0.000,0.000,220.407,0.221,330941.121
1149,0.000,0.000,0.000,220.186,0.220,330610.180
1150,0.000,0.000,0.000,219.966,0.220,330279.569
1151,0.000,0.000,0.000,219.746,0.220,329949.290
1152,0.000,0.000,0.000,219.526,0.220,329619.341
1153,0.000,0.000,0.000,219.307,0.220,329289.721
1154,0.000,0.000,0.000,219.088,0.219,328960.431
1155,0.000,0.000,0.000,218.869,0.219,328631.471
1156,0.000,0.000,0.000,218.650,0.219,328302.840
1157,0.000,0.000,0.000,218.431,0.219,327974.537
1158,0.000,0.000,0.000,218.213,0.218,327646.562
1159,0.000,0.000,0.000,217.994,0.218,327318.916
1160,0.000,0.000,0.000,217.776,0.218,326991.597
1161,0.000,0.000,0.000,217.559,0.218,326664.605
1162,0.000,0.000,0.000,217.341,0.218,326337.941
1163,0.000,0.000,0.000,217.124,0.217,326011.603
1164,0.000,0.000,0.000,216.907,0.217,325685.591
1165,0.000,0.000,0.000,216.690,0.217,325359.905
1166,0.000,0.000,0.000,216.473,0.217,325034.545
1167,0.000,0.000,0.000,216.257,0.216,324709.511
1168,0.000,0.000,0.000,216.040,0.216,324384.801
1169,0.000,0.000,0.000,215.824,0.216,324060.417
1170,0.000,0.000,0.000,215.608,0.216,323736.356
1171,0.000,0.000,0.000,215.393,0.216,323412.620
1172,0.000,0.000,0.000,215.177,0.215,323089.207
1173,0.000,0.000,0.000,214.962,0.215,322766.118
1174,0.000,0.000,0.000,214.747,0.215,322443.352
1175,0.000,0.000,0.000,214.533,0.215,322120.909
1176,0.000,0.000,0.000,214.318,0.215,321798.788
1177,0.000,0.000,0.000,214.104,0.214,321476.989
1178,0.000,0.000,0.000,213.890,0.214,321155.512
1179,0.000,0.000,0.000,213.676,0.214,320834.356
1180,0.000,0.000,0.000,213.462,0.214,320513.522
1181,0.000,0.000,0.000,213.249,0.213,320193.008
1182,0.000,0.000,0.000,213.035,0.213,319872.815
1183,0.000,0.000,0.000,212.822,0.213,319552.943
1184,0.000,0.000,0.000,212.609,0.213,319233.390
1185,0.000,0.000,0.000,212.397,0.213,318914.156
1186,0.000,0.000,0.000,212.184,0.212,318595.242
1187,0.000,0.000,0.000,211.972,0.212,318276.647
1188,0.000,0.000,0.000,211.760,0.212,317958.370
1189,0.000,0.000,0.000,211.549,0.212,317640.412
1190,0.000,0.000,0.000,211.337,0.212,317322.772
1191,0.000,0.000,0.000,211.635,0.211,317005.449
1192,0.000,0.000,0.000,211.365,0.323,484942.040
1193,0.000,0.000,0.000,211.153,0.211,317046.755
1194,0.000,2.718,1.163,213.690,0.211,316729.708
1195,0.000,0.000,0.000,213.518,0.816,1223285.321
1196,0.000,0.000,0.000,212.793,0.725,1088026.441
1197,0.000,0.000,0.000,212.279,0.513,770208.597
1198,0.000,0.000,0.000,211.931,0.348,522389.131
1199,0.000,0.000,0.000,211.719,0.219,329168.320
1200,0.000,0.000,0.000,211.507,0.212,317578.800
1201,0.000,0.000,0.000,211.296,0.212,317261.221
1202,0.000,1.135,0.505,212.735,0.211,316943.960
1203,0.000,4.434,2.016,216.923,0.574,861114.084
1204,0.000,3.736,1.766,219.858,1.443,2164724.811
1205,1.516,2.551,1.246,221.898,2.037,3054801.440
1206,0.000,2.157,1.085,222.738,2.433,3649891.374
1207,4.595,1.147,0.589,224.411,2.566,3848772.514
1208,8.129,1.057,0.560,227.242,2.882,4322657.087
1209,5.882,0.562,0.309,228.306,3.453,5178922.047
1210,0.000,0.000,0.000,224.876,3.635,5452087.186
1211,1.684,0.000,0.000,222.973,2.828,4242143.101
1212,0.000,2.133,1.214,224.301,2.357,3536237.051
1213,3.278,3.635,2.103,227.297,2.598,3896568.843
1214,0.000,0.000,0.000,224.092,3.205,4807519.646
1215,0.000,0.000,0.000,221.643,2.448,3672240.658
1216,0.000,0.000,0.000,219.785,1.858,2786800.671
1217,0.000,0.000,0.000,218.388,1.397,2096235.028
1218,0.000,0.000,0.000,217.350,1.038,1557671.297
1219,0.000,0.000,0.000,216.591,0.758,1137668.978
1220,0.000,0.000,0.000,216.051,0.540,810144.484
1221,1.621,0.000,0.000,217.959,0.370,554752.616
1222,0.000,0.000,0.000,217.221,0.738,1107429.480
1223,0.000,0.000,0.000,216.697,0.525,786789.156
1224,0.000,0.000,0.000,216.339,0.358,536766.709
1225,0.000,0.000,0.000,216.122,0.228,341826.129
1226,0.000,0.000,0.000,215.906,0.216,324183.636
1227,0.163,1.330,0.796,218.351,0.216,323859.452
1228,2.909,10.386,6.295,223.771,0.801,1201494.440
1229,0.518,11.263,6.854,222.070,1.942,2913105.747
1230,9.146,3.327,1.967,224.686,1.517,2274867.470
1231,0.000,0.000,0.000,222.645,2.041,3061252.231
1232,0.000,0.000,0.000,221.104,1.541,2311036.716
1233,0.000,0.000,0.000,219.953,1.151,1725945.354
1234,0.000,0.000,0.000,219.107,0.846,1269650.756
1235,0.000,0.000,0.000,218.498,0.609,913817.556
1236,0.000,0.655,0.393,220.405,0.424,636344.169
1237,0.000,4.423,2.678,223.155,0.793,1189482.687
1238,0.000,4.871,2.968,221.808,1.347,2020657.843
1239,3.361,6.193,3.725,222.353,1.000,1499908.665
1240,8.097,2.203,1.314,224.974,1.069,1603497.101
1241,0.000,1.053,0.637,223.379,1.595,2392498.620
1242,1.127,1.794,1.082,222.705,1.193,1790172.856
1243,0.608,1.002,0.603,221.990,0.995,1491807.270
1244,0.000,0.601,0.361,221.203,0.787,1180063.705
1245,1.387,0.647,0.388,221.276,0.563,844701.322
1246,0.000,5.698,3.424,220.747,0.529,793063.448
1247,6.779,5.144,3.046,223.452,0.362,542992.543
1248,0.000,5.608,3.330,222.545,0.907,1359905.558
1249,0.000,3.740,2.189,221.888,0.657,985280.507
1250,0.000,4.590,2.660,221.426,0.462,693148.413
1251,2.886,3.440,1.969,222.333,0.310,465360.751
1252,0.526,7.168,4.098,222.093,0.469,704067.570
1253,0.000,8.716,4.896,221.727,0.367,549766.049
1254,2.058,8.787,4.824,221.968,0.236,353733.577
1255,11.605,9.754,5.263,226.424,0.323,484978.245
1256,0.000,9.446,5.135,225.170,1.254,1880401.855
1257,0.000,10.269,5.445,224.243,0.928,1391727.977
1258,4.373,11.423,5.896,225.291,0.674,1010637.337
1259,3.351,6.026,3.059,225.734,0.854,1281689.663
1260,0.000,3.112,1.572,224.832,0.902,1353133.808
1261,0.000,2.235,1.119,224.178,0.654,980758.392
1262,0.000,6.185,3.081,223.718,0.460,690380.254
1263,0.000,9.411,4.612,223.494,0.309,463959.918
1264,27.243,7.488,3.580,232.749,0.223,335241.446
1265,9.045,4.774,2.453,233.986,2.308,3462653.418
1266,1.799,3.857,2.012,232.171,2.531,3796364.906
1267,4.923,2.207,1.146,232.039,2.082,3123062.136
1268,3.506,3.674,1.925,231.438,2.004,3005263.258
1269,0.000,8.178,4.289,229.616,1.822,2732450.485
1270,0.000,8.755,4.495,228.244,1.371,2057128.313
1271,0.000,8.986,4.508,227.224,1.020,1530451.201
1272,0.000,10.869,5.325,226.478,0.746,1119717.163
1273,1.875,13.026,6.201,226.625,0.533,799418.649
1274,0.000,9.867,4.569,226.109,0.516,774254.200
1275,0.000,8.264,3.728,225.756,0.353,530105.384
1276,0.867,11.540,5.094,225.530,0.226,339743.121
1277,13.136,9.602,4.126,229.153,0.226,338295.025
1278,19.466,7.114,3.144,234.634,1.072,1607878.988
1279,7.797,5.370,2.510,235.183,2.229,3342897.824
1280,1.899,6.895,3.268,233.568,2.300,3450246.879
1281,13.782,4.922,2.306,236.594,1.896,2843847.134
1282,5.721,4.060,1.971,236.200,2.513,3768783.777
1283,3.520,4.969,2.434,235.138,2.377,3565090.494
1284,7.268,6.805,3.330,235.755,2.094,3141211.254
1285,5.930,7.656,3.770,235.801,2.181,3271593.986
1286,3.194,9.766,4.807,234.858,2.142,3213399.883
1287,0.000,10.912,5.292,232.972,1.886,2828933.510
1288,0.000,8.619,4.061,231.550,1.422,2133417.323
1289,0.000,8.576,3.950,230.489,1.061,1590987.847
1290,2.907,5.093,2.294,230.708,0.779,1167965.935
1291,2.497,7.270,3.267,230.785,0.778,1167234.064
1292,0.000,5.156,2.295,230.038,0.746,1119681.474
1293,0.000,5.070,2.226,229.504,0.534,800565.758
1294,0.000,5.522,2.393,229.137,0.368,551728.285
1295,0.000,7.024,3.000,228.907,0.238,357707.770
1296,0.000,10.347,4.339,228.679,0.229,343361.156
1297,0.000,11.817,4.822,228.450,0.229,343017.795
1298,0.000,13.747,5.437,228.221,0.228,342674.777
1299,2.909,11.848,4.518,228.387,0.228,342332.102
1300,0.653,11.669,4.375,228.203,0.315,471965.483
1301,0.000,13.502,4.925,227.974,0.238,356580.057
1302,0.000,12.671,4.460,227.746,0.228,341961.529
1303,0.000,11.267,3.835,227.519,0.228,341619.567
1304,0.000,8.681,2.868,227.291,0.228,341277.948
1305,1.357,5.593,1.806,227.064,0.227,340936.670
1306,0.000,5.651,1.813,226.837,0.227,340595.733
1307,0.000,6.607,2.089,226.610,0.227,340255.137
1308,3.656,7.667,2.383,226.796,0.227,339914.882
1309,2.710,9.621,3.000,227.083,0.317,475690.502
1310,1.253,5.195,1.607,227.037,0.339,509217.234
1311,0.000,7.387,2.273,226.810,0.281,420860.586
1312,0.000,10.351,3.124,226.584,0.227,340215.744
1313,0.000,12.815,3.763,226.357,0.227,339875.528
1314,0.000,13.900,3.946,226.131,0.226,339535.653
1315,0.000,13.498,3.693,225.905,0.226,339196.117
1316,2.552,10.916,2.882,225.739,0.226,338856.921
1317,2.757,10.561,2.765,225.658,0.239,358494.934
1318,0.000,12.796,3.332,225.432,0.257,385831.817
1319,0.000,13.061,3.287,225.207,0.225,338148.268
1320,0.000,13.155,3.198,224.982,0.225,337810.120
1321,0.000,13.775,3.235,224.757,0.225,337472.310
1322,0.000,13.447,3.045,224.532,0.225,337134.837
1323,0.000,12.628,2.759,224.307,0.225,336797.702
1324,0.000,14.153,2.991,224.083,0.224,336460.905
1325,0.000,14.215,2.893,223.859,0.224,336124.444
1326,0.000,12.043,2.360,223.635,0.224,335788.319
1327,0.000,13.408,2.546,223.411,0.224,335452.531
1328,0.000,15.900,2.913,223.188,0.223,335117.078
1329,1.717,16.009,2.812,222.965,0.223,334781.961
1330,3.510,13.201,2.273,222.748,0.223,334447.179
1331,0.653,12.305,2.144,222.525,0.224,336148.037
1332,19.334,12.188,2.074,224.335,0.223,333787.871
1333,3.477,10.978,2.290,224.214,0.669,1003981.073
1334,5.375,11.716,2.463,224.475,0.593,889260.438
1335,24.208,8.779,1.893,227.822,0.601,900894.169
1336,0.000,9.083,2.392,226.535,1.287,1930702.101
1337,8.820,7.437,1.913,227.299,0.954,1431373.254
1338,5.900,10.000,2.707,227.437,1.073,1609093.165
1339,7.501,5.998,1.654,227.952,1.053,1580116.872
1340,0.000,7.691,2.207,226.835,1.117,1675771.446
1341,0.000,8.970,2.523,226.013,0.822,1232825.194
1342,0.000,9.520,2.615,225.422,0.592,887401.394
1343,0.000,7.301,1.956,225.010,0.412,618045.032
1344,0.000,5.323,1.399,224.785,0.272,408021.198
1345,0.000,3.607,0.935,224.560,0.225,337177.116
1346,0.000,6.423,1.649,224.335,0.225,336839.939
1347,0.000,7.055,1.781,224.111,0.224,336503.099
1348,0.000,4.403,1.091,223.887,0.224,336166.596
1349,0.000,2.289,0.561,223.663,0.224,335830.429
1350,0.000,0.000,0.000,223.439,0.224,335494.599
1351,0.000,0.000,0.000,223.379,0.223,335159.104
1352,0.000,0.940,0.235,223.922,0.259,388504.204
1353,0.000,1.330,0.348,223.883,0.392,587796.254
1354,0.000,2.402,0.636,223.609,0.334,500461.952
1355,0.000,5.027,1.323,223.385,0.224,335413.316
1356,0.000,6.053,1.572,223.162,0.223,335077.903
1357,0.000,6.696,1.712,222.939,0.223,334742.825
1358,0.000,5.721,1.437,222.716,0.223,334408.082
1359,0.000,4.434,1.097,222.493,0.223,334073.674
1360,0.000,2.250,0.550,222.271,0.222,333739.600
1361,0.000,2.227,0.541,222.048,0.222,333405.861
1362,0.000,3.440,0.832,221.826,0.222,333072.455
1363,0.000,0.000,0.000,221.604,0.222,332739.382
1364,0.000,0.378,0.091,221.383,0.222,332406.643
1365,2.917,0.000,0.000,221.240,0.221,332074.236
1366,23.139,1.673,0.411,224.933,0.238,357659.256
1367,4.391,0.195,0.057,224.828,1.082,1623187.986
1368,9.040,0.000,0.000,225.893,1.009,1513499.088
1369,0.609,0.827,0.265,224.848,1.193,1789546.638
1370,0.000,0.234,0.075,223.935,0.913,1369698.213
1371,0.000,0.000,0.000,223.273,0.662,993369.723
1372,0.000,0.000,0.000,222.806,0.467,699908.495
1373,0.000,1.767,0.567,223.808,0.314,471083.658
1374,0.108,0.515,0.170,223.343,0.492,738018.424
1375,0.000,4.138,1.365,223.038,0.340,509897.024
1376,0.842,7.250,2.366,222.815,0.223,334557.234
1377,0.000,1.708,0.550,222.592,0.223,334222.676
1378,0.693,0.811,0.260,222.370,0.223,333888.454
1379,0.000,0.000,0.000,222.147,0.222,333554.565
1380,0.129,0.382,0.123,221.925,0.222,333221.011
1381,7.059,2.001,0.642,222.974,0.222,332887.790
1382,0.000,0.000,0.000,222.473,0.501,751852.573
1383,0.000,0.000,0.000,222.463,0.341,511449.531
1384,0.852,0.956,0.321,222.245,0.289,433464.459
1385,5.854,2.051,0.690,223.073,0.223,334730.719
1386,17.402,0.000,0.000,227.197,0.453,679586.597
1387,0.150,0.000,0.000,225.930,1.310,1965591.271
1388,0.305,0.000,0.000,225.037,0.982,1472634.669
1389,0.000,0.242,0.092,224.301,0.735,1103022.451
1390,0.142,0.000,0.000,223.819,0.524,785691.544
1391,0.000,0.000,0.000,223.451,0.368,551828.873
1392,0.000,1.501,0.571,223.227,0.237,355909.811
1393,0.000,0.601,0.228,223.004,0.223,334840.902
1394,0.000,2.687,1.016,222.781,0.223,334506.061
1395,4.601,1.279,0.481,223.423,0.223,334171.555
1396,5.500,0.012,0.004,224.612,0.413,619105.131
1397,12.663,0.000,0.000,227.775,0.625,936902.015
1398,0.000,0.000,0.000,226.504,1.271,1905888.258
1399,0.000,0.000,0.000,225.563,0.941,1412027.582
1400,0.000,0.000,0.000,224.878,0.685,1026890.821
1401,0.000,0.000,0.000,224.394,0.484,726558.638
1402,4.171,0.000,0.000,226.242,0.328,492373.951
1403,5.188,0.577,0.247,228.851,0.685,1027945.493
1404,0.000,0.000,0.000,227.642,1.210,1814976.235
1405,0.000,0.000,0.000,226.747,0.894,1341562.480
1406,0.000,0.000,0.000,226.099,0.648,972373.869
1407,0.000,0.000,0.000,225.643,0.456,684480.798
1408,0.000,0.000,0.000,225.417,0.307,459998.173
1409,0.000,0.000,0.000,225.192,0.225,338125.936
1410,0.000,0.000,0.000,224.967,0.225,337787.810
1411,0.000,0.000,0.000,224.742,0.225,337450.022
1412,0.000,0.000,0.000,224.517,0.225,337112.572
1413,0.000,0.000,0.000,224.292,0.225,336775.459
1414,0.000,0.000,0.000,224.068,0.224,336438.684
1415,0.000,0.000,0.000,223.844,0.224,336102.245
1416,0.000,0.000,0.000,223.620,0.224,335766.143
1417,0.000,0.000,0.000,223.397,0.224,335430.377
1418,0.000,0.000,0.000,223.173,0.223,335094.946
1419,0.000,0.000,0.000,222.950,0.223,334759.851
1420,0.000,0.000,0.000,222.727,0.223,334425.092
1421,0.000,0.000,0.000,222.504,0.223,334090.666
1422,0.000,0.000,0.000,222.282,0.223,333756.576
1423,0.000,0.000,0.000,222.060,0.222,333422.819
1424,0.000,0.000,0.000,221.838,0.222,333089.396
1425,0.000,0.000,0.000,221.616,0.222,332756.307
1426,0.000,0.000,0.000,221.394,0.222,332423.551
1427,0.000,0.000,0.000,221.173,0.221,332091.127
1428,0.000,0.000,0.000,220.952,0.221,331759.036
1429,0.000,0.000,0.000,220.731,0.221,331427.277
1430,0.000,0.000,0.000,220.510,0.221,331095.850
1431,0.000,0.000,0.000,220.289,0.221,330764.754
1432,0.000,0.000,0.000,220.069,0.220,330433.989
1433,0.000,0.000,0.000,219.849,0.220,330103.555
1434,0.000,0.000,0.000,219.629,0.220,329773.452
1435,0.000,0.000,0.000,219.409,0.220,329443.678
1436,0.000,0.000,0.000,219.190,0.219,329114.234
1437,0.000,0.000,0.000,218.971,0.219,328785.120
1438,0.000,0.000,0.000,218.752,0.219,328456.335
1439,0.000,0.000,0.000,218.751,0.219,328127.879
1440,0.000,0.000,0.000,218.533,0.267,399809.269
1441,0.000,0.000,0.000,218.314,0.219,327799.267
1442,0.000,0.000,0.000,218.096,0.218,327471.468
1443,0.000,0.000,0.000,217.878,0.218,327143.996
1444,0.000,0.000,0.000,217.660,0.218,326816.852
1445,0.000,0.000,0.000,217.442,0.218,326490.036
1446,0.000,0.000,0.000,217.225,0.217,326163.546
1447,0.000,0.000,0.000,217.008,0.217,325837.382
1448,0.000,0.000,0.000,216.791,0.217,325511.545
1449,0.000,0.000,0.000,216.574,0.217,325186.033
1450,0.000,0.000,0.000,216.357,0.217,324860.847
1451,0.000,0.000,0.000,216.141,0.216,324535.986
1452,0.000,0.000,0.000,215.925,0.216,324211.450
1453,0.000,0.000,0.000,215.709,0.216,323887.239
1454,0.000,0.000,0.000,215.493,0.216,323563.351
1455,0.000,0.000,0.000,215.278,0.215,323239.788
1456,0.000,0.000,0.000,215.062,0.215,322916.548
1457,0.000,0.000,0.000,214.847,0.215,322593.632
1458,0.000,0.000,0.000,214.633,0.215,322271.038
1459,0.000,0.000,0.000,214.418,0.215,321948.767
1460,0.000,0.000,0.000,214.203,0.214,321626.818
1461,0.000,0.000,0.000,213.989,0.214,321305.192
1462,0.000,0.000,0.000,213.775,0.214,320983.886
1463,0.000,0.000,0.000,213.561,0.214,320662.902
1464,0.000,0.000,0.000,213.348,0.214,320342.240
1465,0.000,0.000,0.000,213.135,0.213,320021.897
1466,0.000,0.000,0.000,212.921,0.213,319701.875
1467,0.000,0.000,0.000,212.709,0.213,319382.174
1468,0.000,0.000,0.000,212.496,0.213,319062.791
1469,0.000,0.000,0.000,212.283,0.212,318743.729
1470,0.000,0.000,0.000,212.071,0.212,318424.985
1471,0.000,0.000,0.000,211.859,0.212,318106.560
1472,0.000,0.000,0.000,211.647,0.212,317788.453
1473,0.000,0.000,0.000,211.435,0.212,317470.665
1474,4.191,0.811,0.365,214.077,0.211,317153.194
1475,1.249,2.886,1.343,217.298,0.839,1258267.259
1476,0.276,2.671,1.285,219.465,1.495,2242753.171
1477,0.000,0.655,0.324,219.463,1.920,2879411.827
1478,0.000,0.000,0.000,217.596,1.867,2800769.149
1479,0.000,0.000,0.000,216.192,1.404,2106397.108
1480,0.000,0.000,0.000,215.149,1.043,1564865.118
1481,0.000,0.000,0.000,214.387,0.762,1142548.291
1482,0.000,0.000,0.000,214.217,0.542,813219.213
1483,0.000,0.000,0.000,213.764,0.453,679323.880
1484,0.000,0.000,0.000,213.551,0.301,452060.031
1485,0.000,0.000,0.000,213.338,0.214,320326.667
1486,0.000,0.000,0.000,213.124,0.213,320006.340
1487,0.000,0.000,0.000,212.911,0.213,319686.334
1488,0.000,0.000,0.000,212.698,0.213,319366.648
1489,0.000,0.000,0.000,212.485,0.213,319047.281
1490,0.000,1.150,0.579,214.212,0.212,318728.234
1491,2.525,0.000,0.000,215.242,0.639,958290.319
1492,0.000,0.000,0.000,214.428,0.813,1219950.144
1493,0.000,0.000,0.000,213.846,0.582,873545.887
1494,0.000,0.000,0.000,213.444,0.402,603428.582
1495,0.000,0.000,0.000,213.230,0.262,392815.022
1496,0.000,0.000,0.000,213.017,0.213,319845.629
1497,0.000,0.000,0.000,212.804,0.213,319525.783
1498,0.000,0.000,0.000,212.591,0.213,319206.257
1499,0.000,0.000,0.000,212.379,0.213,318887.051
1500,0.000,0.000,0.000,212.166,0.212,318568.164
1501,0.000,0.000,0.000,211.954,0.212,318249.596
1502,0.000,0.000,0.000,211.742,0.212,317931.346
1503,0.000,0.000,0.000,211.531,0.212,317613.415
1504,0.000,0.000,0.000,211.319,0.212,317295.801
1505,0.000,0.000,0.000,211.108,0.211,316978.506
1506,0.000,0.000,0.000,210.897,0.211,316661.527
1507,0.000,0.000,0.000,210.686,0.211,316344.866
1508,0.000,0.000,0.000,210.475,0.211,316028.521
1509,0.000,0.000,0.000,210.265,0.210,315712.492
1510,0.000,0.000,0.000,210.054,0.210,315396.780
1511,0.000,0.000,0.000,209.844,0.210,315081.383
1512,0.000,0.000,0.000,209.634,0.210,314766.302
1513,0.000,0.000,0.000,209.425,0.210,314451.535
1514,0.000,0.000,0.000,209.215,0.209,314137.084
1515,1.757,1.061,0.550,211.632,0.209,313822.947
1516,0.000,0.000,0.000,210.845,0.787,1180063.024
1517,0.000,0.000,0.000,210.284,0.561,841282.657
1518,0.000,0.000,0.000,209.900,0.385,577113.137
1519,0.000,0.000,0.000,209.690,0.247,371139.999
1520,0.000,0.000,0.000,209.480,0.210,314534.954
1521,0.000,0.000,0.000,209.271,0.209,314220.419
1522,4.644,0.000,0.000,211.125,0.209,313906.198
1523,0.000,0.000,0.000,210.462,0.663,994582.688
1524,0.000,0.000,0.000,209.998,0.464,696626.209
1525,0.000,0.000,0.000,209.784,0.310,464299.303
1526,0.000,0.000,0.000,209.574,0.210,314675.431
1527,0.000,0.000,0.000,209.364,0.210,314360.756
1528,0.000,0.000,0.000,209.155,0.209,314046.395
1529,0.000,0.140,0.076,210.106,0.209,313732.349
1530,0.000,0.000,0.000,210.861,0.464,696257.227
1531,0.000,2.063,1.133,213.771,0.577,866111.073
1532,0.517,0.000,0.000,213.071,1.165,1747538.742
1533,0.000,0.000,0.000,212.113,0.958,1437457.384
1534,0.000,0.000,0.000,211.418,0.695,1042267.758
1535,0.000,0.000,0.000,210.929,0.489,734098.799
1536,0.000,0.000,0.000,210.628,0.329,493805.880
1537,0.000,0.000,0.000,210.417,0.211,315942.106
1538,0.000,0.000,0.000,210.207,0.210,315626.164
1539,0.000,0.000,0.000,209.997,0.210,315310.537
1540,0.000,0.000,0.000,209.787,0.210,314995.227
1541,0.000,0.000,0.000,209.577,0.210,314680.232
1542,0.000,0.000,0.000,209.367,0.210,314365.551
1543,0.000,0.000,0.000,209.158,0.209,314051.186
1544,0.000,0.000,0.000,208.949,0.209,313737.135
1545,0.000,0.000,0.000,208.740,0.209,313423.397
1546,0.000,0.000,0.000,208.531,0.209,313109.974
1547,0.000,0.000,0.000,208.323,0.209,312796.864
1548,0.000,0.000,0.000,208.114,0.208,312484.067
1549,0.000,0.000,0.000,207.906,0.208,312171.583
1550,0.000,0.000,0.000,207.698,0.208,311859.412
1551,3.380,2.636,1.478,212.610,0.208,311547.552
1552,5.118,0.000,0.000,214.483,1.334,2000608.099
1553,0.000,0.000,0.000,212.791,1.693,2539168.543
1554,0.000,0.000,0.000,211.523,1.267,1900966.813
1555,0.000,0.000,0.000,210.588,0.935,1403249.048
1556,0.000,0.000,0.000,209.911,0.677,1015108.697
1557,0.000,0.000,0.000,209.436,0.475,712438.648
1558,0.000,0.000,0.000,209.183,0.318,476435.356
1559,0.000,0.000,0.000,208.974,0.209,313774.726
1560,2.205,0.000,0.000,209.840,0.209,313460.952
1561,4.434,0.000,0.000,212.319,0.445,667794.173
1562,0.000,0.000,0.000,211.381,0.938,1406796.895
1563,0.000,0.000,0.000,210.703,0.679,1018135.125
1564,0.997,0.819,0.492,213.193,0.477,715058.110
1565,0.000,0.000,0.000,212.221,0.972,1458044.309
1566,0.000,0.000,0.000,211.516,0.706,1058345.369
1567,0.000,0.710,0.432,213.445,0.498,746659.125
1568,0.000,0.538,0.331,214.842,0.870,1304429.305
1569,0.000,0.000,0.000,213.717,1.125,1686773.469
1570,0.000,0.000,0.000,212.893,0.825,1237069.357
1571,0.000,0.000,0.000,212.302,0.591,886378.764
1572,0.000,0.000,0.000,211.893,0.409,612918.637
1573,0.000,0.000,0.000,211.681,0.266,399698.194
1574,0.000,0.000,0.000,211.470,0.212,317522.235
1575,0.000,0.000,0.000,211.258,0.211,317204.713
1576,0.000,0.000,0.000,211.047,0.211,316887.508
1577,0.000,0.000,0.000,210.836,0.211,316570.621
1578,0.000,0.000,0.000,210.625,0.211,316254.050
1579,0.000,0.109,0.068,211.787,0.211,315937.796
1580,0.000,1.646,1.030,214.795,0.512,768428.798
1581,1.271,0.729,0.462,216.835,1.122,1682464.106
1582,0.342,3.853,2.468,221.566,1.518,2276952.049
1583,0.000,3.062,1.993,224.339,2.506,3759620.880
1584,0.000,0.000,0.000,221.275,3.064,4596272.817
1585,0.000,0.000,0.000,218.937,2.338,3506703.328
1586,0.000,0.000,0.000,217.166,1.771,2656917.515
1587,0.000,0.000,0.000,215.836,1.329,1994162.893
1588,0.000,0.000,0.000,214.851,0.985,1477292.520
1589,0.000,0.000,0.000,214.135,0.716,1074211.784
1590,11.425,0.000,0.000,219.817,0.507,759886.886
1591,0.000,0.000,0.000,218.112,1.705,2556978.327
1592,0.000,0.199,0.134,218.926,1.278,1916600.708
1593,1.248,3.416,2.324,224.113,1.405,2107330.579
1594,0.000,3.062,2.113,227.217,2.494,3741240.016
1595,1.369,2.902,2.024,230.288,3.125,4688143.549
1596,0.000,1.778,1.256,230.682,3.749,5623834.470
1597,0.000,1.993,1.420,231.344,3.784,5676567.364
1598,0.000,5.663,4.067,236.571,3.878,5817692.055
1599,0.000,3.658,2.660,238.257,4.977,7465369.798
1600,0.000,0.000,0.000,232.961,5.296,7944504.819
1601,0.000,0.000,0.000,229.353,4.080,6119569.158
1602,3.839,0.000,0.000,228.570,3.235,4851912.443
1603,0.000,0.000,0.000,225.559,3.011,4516508.206
1604,0.000,0.000,0.000,223.262,2.297,3445963.002
1605,0.000,0.000,0.000,221.936,1.741,2611014.656
1606,0.000,1.423,1.054,224.424,1.398,2096774.756
1607,1.950,0.097,0.073,225.822,1.894,2841165.164
1608,0.000,2.172,1.633,228.604,2.150,3225708.336
1609,3.670,1.240,0.939,231.750,2.712,4067425.661
1610,0.000,1.228,0.941,232.154,3.353,5029210.854
1611,0.000,3.323,2.559,235.372,3.391,5086088.683
1612,0.000,9.785,7.588,238.001,4.048,6071702.029
1613,0.000,9.212,7.071,233.426,4.575,6863077.459
1614,0.000,8.284,6.206,229.908,3.518,5277052.702
1615,0.000,7.562,5.543,227.214,2.693,4040029.538
1616,0.000,5.955,4.280,225.164,2.050,3075227.543
1617,0.000,10.756,7.610,223.616,1.549,2322757.981
1618,0.000,10.830,7.448,222.458,1.157,1735907.643
1619,0.000,12.960,8.661,221.606,0.852,1278240.223
1620,0.000,13.194,8.520,220.992,0.614,921335.403
1621,0.615,10.120,6.311,220.856,0.429,643025.335
1622,0.000,8.662,5.267,220.508,0.348,522726.864
1623,0.000,9.103,5.410,220.287,0.222,332261.831
1624,0.000,13.104,7.604,220.067,0.220,330431.085
1625,1.337,12.496,7.003,219.969,0.220,330100.654
1626,12.769,8.771,4.773,224.699,0.247,370099.524
1627,7.857,2.960,1.632,226.697,1.309,1963049.515
1628,0.000,1.112,0.621,224.999,1.698,2546607.495
1629,0.000,2.437,1.358,223.725,1.274,1910792.161
1630,0.000,6.068,3.360,222.782,0.943,1414931.762
1631,0.000,6.747,3.677,222.096,0.685,1028236.136
1632,2.836,7.114,3.808,222.771,0.484,726688.959
1633,5.113,6.283,3.329,224.255,0.583,873909.311
1634,3.786,5.503,2.912,224.925,0.859,1288670.305
1635,2.510,5.733,3.023,224.978,0.956,1434522.259
1636,0.000,5.901,3.089,224.060,0.918,1377205.162
1637,11.295,2.742,1.413,227.835,0.666,999260.723
1638,2.212,3.955,2.094,227.282,1.447,2170058.393
1639,0.000,8.408,4.436,226.007,1.275,1912752.537
1640,7.430,11.794,6.085,227.987,0.945,1417212.329
1641,0.770,9.477,4.851,226.957,1.331,1995950.076
1642,20.911,11.587,5.799,233.885,1.054,1581524.385
1643,15.455,14.227,7.384,237.476,2.529,3793067.261
1644,7.521,13.884,7.277,237.214,3.269,4903745.979
1645,0.000,12.893,6.665,234.052,3.162,4743086.804
1646,0.000,13.592,6.790,231.635,2.417,3625320.345
1647,0.000,11.770,5.672,229.800,1.836,2753536.795
1648,0.000,12.503,5.841,228.417,1.382,2073619.838
1649,0.000,12.308,5.563,227.388,1.029,1543358.751
1650,0.000,6.696,2.929,226.635,0.753,1129829.168
1651,0.000,9.029,3.881,226.097,0.538,807350.083
1652,0.000,11.770,4.941,225.726,0.371,555890.314
1653,0.000,14.859,6.046,225.501,0.240,359825.537
1654,0.000,15.452,6.044,225.275,0.226,338250.991
1655,0.000,16.680,6.262,225.050,0.225,337912.740
1656,0.000,14.664,5.267,224.825,0.225,337574.828
1657,0.000,13.096,4.524,224.600,0.225,337237.253
1658,0.000,13.135,4.383,224.375,0.225,336900.015
1659,0.000,13.498,4.350,224.151,0.224,336563.115
1660,6.782,10.471,3.256,225.078,0.224,336226.552
1661,0.000,13.451,4.250,224.601,0.477,715654.360
1662,0.000,16.177,4.933,224.376,0.323,483945.382
1663,4.693,14.976,4.374,224.742,0.224,336564.642
1664,2.766,15.276,4.433,224.997,0.354,530862.234
1665,0.000,15.487,4.403,224.636,0.361,540827.329
1666,4.261,13.814,3.769,224.869,0.232,347728.457
1667,5.751,11.973,3.254,225.729,0.325,487396.870
1668,7.425,10.881,2.995,226.813,0.465,697102.346
1669,7.505,9.563,2.704,227.768,0.654,980972.132
1670,0.000,7.859,2.287,226.954,0.815,1222205.740
1671,0.000,7.975,2.274,226.367,0.586,879436.821
1672,0.196,10.354,2.891,226.001,0.408,612150.948
1673,0.000,8.915,2.425,225.775,0.278,417464.725
1674,4.566,11.645,3.095,226.019,0.226,338662.438
1675,2.612,10.986,2.935,226.219,0.329,493266.799
1676,0.000,10.557,2.797,225.993,0.324,485546.666
1677,0.000,12.305,3.171,225.767,0.226,338989.456
1678,0.000,13.751,3.430,225.541,0.226,338650.466
1679,0.000,16.793,4.039,225.316,0.226,338311.816
1680,0.000,17.706,4.072,225.090,0.225,337973.504
1681,0.000,17.156,3.764,224.865,0.225,337635.530
1682,0.000,15.066,3.158,224.640,0.225,337297.895
1683,0.000,14.680,2.956,224.416,0.225,336960.597
1684,0.000,13.049,2.528,224.191,0.224,336623.636
1685,0.304,13.514,2.529,223.967,0.224,336287.013
1686,0.000,17.113,3.101,223.743,0.224,335950.726
1687,0.000,16.949,2.935,223.519,0.224,335614.775
1688,0.000,15.518,2.568,223.296,0.224,335279.160
1689,0.000,17.410,2.765,223.073,0.223,334943.881
1690,0.000,17.585,2.667,222.850,0.223,334608.937
1691,0.831,16.318,2.361,222.627,0.223,334274.328
1692,0.000,15.042,2.113,222.404,0.223,333940.054
1693,0.000,15.339,2.070,222.182,0.222,333606.114
1694,3.150,16.661,2.159,221.959,0.222,333272.508
1695,2.864,15.202,1.997,221.738,0.222,332939.235
1696,7.231,10.050,1.336,221.789,0.222,332606.296
1697,0.000,8.978,1.314,221.568,0.282,422448.486
1698,23.899,8.888,1.270,223.469,0.222,332351.302
1699,0.000,12.757,2.489,222.780,0.688,1032561.500
1700,4.807,11.092,2.092,222.978,0.487,730285.120
1701,4.566,13.322,2.583,223.167,0.480,720571.925
1702,7.336,13.498,2.664,223.789,0.472,707842.716
1703,5.900,12.788,2.643,224.152,0.559,838214.888
1704,0.000,11.934,2.539,223.563,0.589,883141.954
1705,1.995,11.142,2.297,223.465,0.409,614112.688
1706,11.115,10.912,2.232,224.845,0.338,506951.342
1707,2.898,9.497,2.119,224.742,0.592,887897.808
1708,5.617,10.690,2.394,225.174,0.520,779533.267
1709,0.000,9.227,2.121,224.609,0.565,847608.213
1710,5.303,6.341,1.422,225.118,0.391,586769.313
1711,4.188,5.464,1.268,225.400,0.454,680380.629
1712,5.086,4.594,1.092,225.849,0.466,699199.588
1713,1.638,1.065,0.262,225.638,0.516,773322.562
1714,0.829,2.917,0.725,225.375,0.420,629711.428
1715,0.096,3.491,0.867,225.150,0.312,468665.947
1716,10.128,5.401,1.331,226.364,0.225,337724.580
1717,17.452,0.101,0.027,229.318,0.542,812420.094
1718,3.123,2.859,0.859,228.888,1.142,1713382.879
1719,1.799,0.000,0.000,228.306,0.998,1497656.353
1720,6.229,5.261,1.621,228.942,0.821,1231612.251
1721,2.050,3.003,0.950,228.522,0.912,1367834.963
1722,0.316,0.000,0.000,227.828,0.770,1155734.986
1723,0.000,0.000,0.000,227.260,0.569,853093.133
1724,0.000,1.541,0.491,226.865,0.395,591917.881
1725,0.608,3.678,1.167,226.638,0.259,388274.679
1726,0.171,3.420,1.079,226.412,0.227,339957.322
1727,0.000,4.934,1.544,226.185,0.226,339617.365
1728,0.000,9.266,2.863,225.959,0.226,339277.748
1729,0.000,5.413,1.632,225.733,0.226,338938.470
1730,0.000,4.017,1.194,225.507,0.226,338599.531
1731,0.000,3.728,1.097,225.282,0.226,338260.932
1732,0.000,4.528,1.319,225.056,0.225,337922.671
1733,3.851,3.654,1.052,225.223,0.225,337584.748
1734,0.000,1.942,0.569,224.998,0.311,466298.653
1735,8.006,0.000,0.000,226.093,0.225,337496.514
1736,0.000,0.000,0.000,225.578,0.515,772923.438
1737,2.409,0.148,0.046,225.788,0.353,528893.106
1738,4.070,0.160,0.050,226.404,0.350,524331.423
1739,1.327,0.000,0.000,226.291,0.436,653709.445
1740,5.056,1.388,0.448,227.169,0.362,542649.991
1741,12.729,2.594,0.860,229.871,0.506,758814.985
1742,4.805,1.969,0.698,230.114,1.051,1576750.581
1743,0.000,0.000,0.000,229.058,1.056,1583354.851
1744,2.891,0.000,0.000,229.078,0.774,1161545.967
1745,0.241,0.000,0.000,228.416,0.730,1094848.098
1746,1.033,0.000,0.000,228.169,0.535,802879.365
1747,0.000,0.000,0.000,227.737,0.432,648209.157
1748,0.000,0.000,0.000,227.510,0.288,432425.769
1749,0.000,0.000,0.000,227.282,0.228,341264.399
1750,0.000,0.000,0.000,227.055,0.227,340923.135
1751,0.000,0.000,0.000,226.828,0.227,340582.211
1752,0.446,2.137,0.790,228.660,0.227,340241.629
1753,0.000,0.000,0.000,227.981,0.680,1019554.974
1754,0.000,0.000,0.000,227.500,0.481,721866.284
1755,0.000,0.000,0.000,227.270,0.326,489742.492
1756,0.000,0.000,0.000,227.043,0.227,340905.679
1757,0.000,0.000,0.000,226.816,0.227,340564.773
1758,0.000,0.000,0.000,226.589,0.227,340224.208
1759,0.000,0.000,0.000,226.363,0.227,339883.984
1760,0.000,0.000,0.000,226.136,0.226,339544.100
1761,0.000,0.000,0.000,225.910,0.226,339204.556
1762,0.000,0.000,0.000,225.684,0.226,338865.351
1763,0.000,0.000,0.000,225.518,0.226,338526.486
1764,0.000,0.000,0.000,225.820,0.238,357654.095
1765,0.000,0.647,0.255,226.908,0.341,512117.213
1766,0.701,4.606,1.848,226.590,0.531,797228.919
1767,0.000,0.000,0.000,226.178,0.412,618700.753
1768,0.000,0.000,0.000,225.952,0.273,408917.624
1769,0.000,0.000,0.000,225.726,0.226,338927.522
1770,0.000,0.000,0.000,225.500,0.226,338588.594
1771,0.000,0.000,0.000,225.275,0.226,338250.006
1772,0.000,0.000,0.000,225.049,0.225,337911.755
1773,0.000,0.000,0.000,224.824,0.225,337573.844
1774,0.000,0.000,0.000,224.599,0.225,337236.270
1775,0.000,0.000,0.000,224.375,0.225,336899.034
1776,0.000,0.000,0.000,224.150,0.224,336562.135
1777,0.000,0.000,0.000,223.926,0.224,336225.572
1778,0.000,0.000,0.000,223.702,0.224,335889.347
1779,0.000,0.000,0.000,223.479,0.224,335553.458
1780,0.000,0.000,0.000,223.255,0.223,335217.904
1781,0.000,0.000,0.000,223.032,0.223,334882.686
1782,0.000,0.000,0.000,222.809,0.223,334547.803
1783,0.000,0.000,0.000,222.586,0.223,334213.256
1784,0.000,0.000,0.000,222.363,0.223,333879.042
1785,0.000,0.000,0.000,222.141,0.222,333545.163
1786,0.000,0.000,0.000,221.919,0.222,333211.618
1787,0.000,0.000,0.000,221.697,0.222,332878.407
1788,0.000,0.000,0.000,221.475,0.222,332545.528
1789,0.000,0.000,0.000,221.254,0.221,332212.983
1790,0.000,0.000,0.000,221.033,0.221,331880.770
1791,0.000,0.000,0.000,220.812,0.221,331548.889
1792,0.000,0.000,0.000,220.591,0.221,331217.340
1793,0.000,0.000,0.000,220.370,0.221,330886.123
1794,0.000,0.000,0.000,220.150,0.220,330555.237
1795,0.000,0.000,0.000,219.930,0.220,330224.681
1796,0.000,0.000,0.000,219.710,0.220,329894.457
1797,0.000,0.000,0.000,219.490,0.220,329564.562
1798,0.000,0.000,0.000,219.271,0.219,329234.998
1799,0.000,0.000,0.000,219.051,0.219,328905.763
1800,0.000,0.000,0.000,218.832,0.219,328576.857
1801,0.000,0.000,0.000,218.613,0.219,328248.280
1802,0.000,0.000,0.000,218.395,0.219,327920.032
1803,0.000,0.000,0.000,218.176,0.218,327592.112
1804,0.000,0.000,0.000,217.958,0.218,327264.520
1805,0.000,0.000,0.000,217.740,0.218,326937.255
1806,0.000,0.000,0.000,217.522,0.218,326610.318
1807,0.000,0.000,0.000,217.305,0.218,326283.707
1808,0.000,0.000,0.000,217.088,0.217,325957.424
1809,0.000,0.000,0.000,216.871,0.217,325631.466
1810,0.000,0.000,0.000,216.654,0.217,325305.835
1811,0.000,0.000,0.000,216.437,0.217,324980.529
1812,0.000,0.000,0.000,216.221,0.216,324655.549
1813,0.000,0.000,0.000,216.004,0.216,324330.893
1814,0.000,0.000,0.000,215.788,0.216,324006.562
1815,0.000,0.000,0.000,215.573,0.216,323682.556
1816,0.000,0.000,0.000,215.357,0.216,323358.873
1817,0.000,0.000,0.000,215.142,0.215,323035.514
1818,0.000,0.000,0.000,214.927,0.215,322712.479
1819,0.000,0.000,0.000,214.712,0.215,322389.766
1820,0.000,0.000,0.000,214.497,0.215,322067.376
1821,0.000,0.000,0.000,214.282,0.214,321745.309
1822,0.000,0.000,0.000,214.068,0.214,321423.564
1823,0.000,0.000,0.000,213.854,0.214,321102.140
1824,0.000,0.000,0.000,213.640,0.214,320781.038
1825,0.000,0.000,0.000,213.427,0.214,320460.257
1826,0.000,0.000,0.000,213.213,0.213,320139.797
1827,0.000,0.000,0.000,213.000,0.213,319819.657
1828,0.000,0.000,0.000,212.787,0.213,319499.837
1829,0.000,0.000,0.000,212.574,0.213,319180.337
1830,0.000,0.000,0.000,212.362,0.213,318861.157
1831,0.000,0.000,0.000,212.149,0.212,318542.296
1832,0.000,0.000,0.000,211.937,0.212,318223.754
1833,0.000,0.000,0.000,211.725,0.212,317905.530
1834,0.000,0.000,0.000,211.513,0.212,317587.624
1835,0.000,0.000,0.000,211.302,0.212,317270.037
1836,0.000,0.000,0.000,211.091,0.211,316952.767
1837,3.799,0.047,0.019,212.702,0.211,316635.814
1838,0.463,0.000,0.000,213.201,0.612,917640.561
1839,0.000,0.000,0.000,212.532,0.669,1003988.551
1840,0.000,0.000,0.000,212.062,0.470,704638.521
1841,0.000,0.000,0.000,211.835,0.314,471223.970
1842,0.000,0.000,0.000,211.623,0.212,317751.751
1843,0.000,0.000,0.000,211.411,0.212,317433.999
1844,0.000,0.000,0.000,211.200,0.211,317116.565
1845,0.000,0.000,0.000,210.988,0.211,316799.448
1846,0.000,0.000,0.000,210.777,0.211,316482.649
1847,0.000,0.000,0.000,210.567,0.211,316166.166
1848,0.000,0.000,0.000,210.356,0.211,315850.000
1849,0.000,0.000,0.000,210.146,0.210,315534.150
1850,0.000,0.000,0.000,209.936,0.210,315218.616
1851,0.000,0.000,0.000,209.726,0.210,314903.397
1852,0.000,0.000,0.000,209.516,0.210,314588.494
1853,0.000,0.000,0.000,209.306,0.210,314273.905
1854,0.000,0.000,0.000,209.097,0.209,313959.632
1855,0.000,0.000,0.000,208.888,0.209,313645.672
1856,0.000,0.000,0.000,208.679,0.209,313332.026
1857,0.000,0.000,0.000,208.470,0.209,313018.694
1858,0.000,0.000,0.000,208.262,0.208,312705.676
1859,0.000,0.000,0.000,208.054,0.208,312392.970
1860,0.000,0.000,0.000,207.846,0.208,312080.577
1861,0.000,0.000,0.000,207.638,0.208,311768.496
1862,0.000,0.000,0.000,207.430,0.208,311456.728
1863,0.000,0.000,0.000,207.223,0.207,311145.271
1864,0.000,0.000,0.000,207.016,0.207,310834.126
1865,0.000,0.000,0.000,206.809,0.207,310523.292
1866,2.529,0.000,0.000,207.691,0.207,310212.768
1867,0.000,0.000,0.000,207.244,0.446,669222.022
1868,0.000,0.000,0.000,207.038,0.295,442036.837
1869,0.000,0.000,0.000,206.831,0.207,310556.336
1870,0.000,0.000,0.000,206.624,0.207,310245.780
1871,0.000,0.000,0.000,206.417,0.207,309935.534
1872,4.748,0.000,0.000,207.957,0.206,309625.599
1873,0.000,0.000,0.000,207.366,0.590,885494.829
1874,0.000,0.000,0.000,206.959,0.407,610601.165
1875,0.000,4.606,2.020,211.231,0.264,396264.191
1876,0.000,1.845,0.845,212.766,1.192,1787915.036
1877,6.335,1.073,0.503,215.715,1.476,2214620.149
1878,1.457,2.687,1.312,217.814,2.072,3107947.268
1879,0.000,0.000,0.000,215.333,2.481,3720955.099
1880,0.000,0.000,0.000,213.452,1.882,2822677.671
1881,0.000,0.000,0.000,212.037,1.415,2122100.944
1882,0.000,1.260,0.634,213.472,1.050,1575730.684
1883,0.000,0.000,0.000,212.159,1.313,1969902.728
1884,0.000,0.000,0.000,211.187,0.971,1457175.013
1885,0.000,0.000,0.000,210.482,0.705,1057326.744
1886,0.000,0.000,0.000,209.985,0.497,745524.364
1887,0.000,0.000,0.000,209.656,0.335,502397.698
1888,0.000,0.000,0.000,209.446,0.210,314483.278
1889,0.000,0.000,0.000,209.236,0.209,314168.794
1890,0.000,0.000,0.000,209.027,0.209,313854.625
1891,0.000,0.000,0.000,208.818,0.209,313540.771
1892,0.000,0.000,0.000,208.609,0.209,313227.230
1893,0.000,0.000,0.000,208.401,0.209,312914.003
1894,0.000,0.000,0.000,208.192,0.208,312601.089
1895,0.000,0.000,0.000,207.984,0.208,312288.488
1896,0.000,0.000,0.000,207.776,0.208,311976.199
1897,0.000,0.000,0.000,207.568,0.208,311664.223
1898,0.000,0.000,0.000,207.361,0.208,311352.559
1899,0.000,0.000,0.000,207.153,0.207,311041.206
1900,3.430,0.000,0.000,208.153,0.207,310730.165
1901,0.000,0.000,0.000,207.971,0.472,708723.927
1902,0.000,0.000,0.000,207.592,0.379,568615.814
1903,0.000,0.000,0.000,207.384,0.243,363757.034
1904,0.000,0.000,0.000,207.177,0.207,311076.214
1905,0.000,0.000,0.000,206.970,0.207,310765.138
1906,0.000,0.000,0.000,206.763,0.207,310454.373
1907,0.000,0.000,0.000,207.105,0.207,310143.918
1908,0.000,0.000,0.000,206.799,0.327,491029.773
1909,0.000,0.000,0.000,206.592,0.207,310198.941
1910,0.000,0.000,0.000,206.386,0.207,309888.742
1911,0.000,0.000,0.000,206.180,0.206,309578.853
1912,0.000,0.000,0.000,205.973,0.206,309269.274
1913,0.000,0.000,0.000,205.767,0.206,308960.005
1914,4.025,1.868,0.978,209.865,0.206,308651.045
1915,9.158,1.080,0.583,214.985,1.152,1728581.756
1916,1.569,0.000,0.000,214.383,2.225,3337825.133
1917,0.000,0.000,0.000,212.344,2.039,3058820.325
1918,0.000,0.000,0.000,210.806,1.537,2305742.353
1919,0.000,0.000,0.000,209.661,1.146,1718421.673
1920,0.000,0.000,0.000,208.821,0.840,1260391.600
1921,0.000,0.000,0.000,208.218,0.602,903208.120
1922,0.000,0.000,0.000,207.802,0.416,624684.903
1923,0.000,0.000,0.000,207.594,0.272,407516.611
1924,0.000,0.000,0.000,207.387,0.208,311391.649
1925,0.000,0.000,0.000,207.179,0.207,311080.257
1926,0.000,0.000,0.000,206.972,0.207,310769.177
1927,0.000,0.000,0.000,206.765,0.207,310458.408
1928,0.000,0.000,0.000,206.559,0.207,310147.949
1929,0.000,0.000,0.000,206.352,0.207,309837.801
1930,0.000,0.000,0.000,206.146,0.206,309527.964
1931,0.000,0.000,0.000,205.939,0.206,309218.436
1932,0.000,0.000,0.000,205.734,0.206,308909.217
1933,0.000,0.000,0.000,205.528,0.206,308600.308
1934,0.000,0.000,0.000,205.322,0.206,308291.708
1935,0.000,0.000,0.000,205.117,0.205,307983.416
1936,0.000,0.000,0.000,204.912,0.205,307675.433
1937,0.000,0.000,0.000,204.707,0.205,307367.757
1938,0.000,1.599,0.907,207.194,0.205,307060.389
1939,0.000,3.490,2.009,211.490,0.797,1195044.873
1940,2.809,2.722,1.598,215.470,1.688,2532140.316
1941,8.256,3.217,1.934,221.787,2.510,3764891.330
1942,6.577,2.157,1.344,225.138,3.846,5769150.848
1943,0.000,1.892,1.211,224.487,4.530,6794401.442
1944,7.373,0.331,0.215,225.960,4.333,6499319.328
1945,2.154,1.997,1.323,226.585,4.603,6905119.609
1946,0.000,2.360,1.586,226.523,4.687,7031123.250
1947,0.000,2.348,1.595,226.565,4.621,6930784.270
1948,0.000,0.878,0.602,224.931,4.576,6864613.834
1949,0.000,0.000,0.000,221.444,4.164,6245413.364
1950,0.000,0.000,0.000,219.309,3.343,5014764.288
1951,0.000,0.199,0.138,218.645,2.820,4230648.756
1952,0.000,0.000,0.000,216.024,2.621,3931720.553
1953,0.000,0.000,0.000,214.032,1.991,2987138.141
1954,0.000,0.269,0.189,214.789,1.500,2250443.464
1955,0.000,2.644,1.865,218.383,1.614,2420563.238
1956,0.000,4.107,2.924,223.116,2.352,3527464.086
1957,0.000,0.476,0.343,222.355,3.340,5009936.162
1958,0.000,1.681,1.218,223.362,3.120,4679761.276
1959,0.000,4.481,3.271,227.816,3.289,4932952.383
1960,0.000,7.968,5.875,235.931,4.216,6323661.077
1961,0.000,9.933,7.418,245.047,5.948,8922422.548
1962,0.000,9.418,7.128,251.732,7.901,11851912.189
1963,0.000,7.921,6.066,255.161,9.319,13979012.922
1964,0.150,7.312,5.655,251.732,10.021,15031921.949
1965,0.225,2.855,2.200,242.650,9.215,13821864.581
1966,0.000,0.000,0.000,235.486,7.164,10746229.085
1967,0.000,0.000,0.000,229.950,5.536,8303562.036
1968,0.000,0.000,0.000,225.685,4.266,6398360.234
1969,0.000,0.000,0.000,222.410,3.275,4912381.247
1970,0.961,0.601,0.459,223.366,2.502,3753395.976
1971,0.000,0.550,0.424,220.705,2.660,3990630.560
1972,0.443,0.000,0.000,218.943,2.023,3034586.885
1973,0.000,4.068,3.130,217.360,1.583,2375009.487
1974,0.000,6.720,5.116,216.177,1.183,1774558.580
1975,0.000,8.880,6.643,215.306,0.871,1306284.822
1976,0.000,10.319,7.541,214.678,0.627,941109.161
1977,0.000,8.525,6.063,214.241,0.438,656349.938
1978,2.654,2.328,1.619,215.257,0.290,434315.460
1979,3.317,2.153,1.495,216.535,0.485,727039.592
1980,8.985,1.919,1.333,220.596,0.714,1071134.541
1981,0.000,2.660,1.867,219.040,1.556,2333902.171
1982,0.000,0.870,0.606,217.878,1.162,1743081.485
1983,2.540,4.676,3.253,218.375,0.855,1282318.712
1984,16.264,5.008,3.456,226.052,0.913,1369164.976
1985,2.395,6.451,4.523,224.787,2.550,3825411.316
1986,1.857,6.100,4.223,223.550,2.221,3330878.110
1987,10.783,7.979,5.455,227.293,1.897,2845724.664
1988,0.000,6.536,4.463,224.624,2.669,4003940.902
1989,11.570,5.846,3.924,228.533,2.031,3046251.609
1990,2.005,1.076,0.727,226.730,2.840,4259640.545
1991,0.000,2.788,1.886,224.338,2.392,3587811.884
1992,0.000,8.213,5.514,222.523,1.815,2721901.211
1993,12.603,6.330,4.159,227.491,1.364,2046567.478
1994,5.075,3.483,2.307,227.656,2.406,3609633.286
1995,3.341,1.178,0.781,226.959,2.392,3587739.498
1996,0.000,2.742,1.824,224.771,2.188,3281274.684
1997,0.000,7.792,5.147,223.116,1.655,2483184.390
1998,0.000,12.359,7.998,221.875,1.241,1860750.171
1999,5.662,8.151,5.105,223.669,0.917,1375327.614
2000,3.115,6.236,3.871,223.886,1.261,1891387.554
2001,0.000,9.313,5.727,222.628,1.258,1887083.908
2002,1.436,11.228,6.737,222.356,0.931,1396095.873
2003,4.472,8.490,4.963,223.532,0.820,1230438.630
2004,4.158,8.167,4.721,224.340,1.029,1543023.887
2005,9.601,7.679,4.391,227.376,1.156,1733762.095
2006,4.157,7.609,4.371,227.426,1.774,2660398.238
2007,3.249,7.714,4.390,227.104,1.734,2601455.211
2008,3.918,11.599,6.524,227.174,1.613,2419758.119
2009,0.000,10.643,5.868,225.596,1.578,2367482.658
2010,0.000,6.037,3.236,224.415,1.181,1771411.415
2011,2.943,7.301,3.852,224.729,0.871,1306551.071
2012,1.021,6.345,3.314,224.245,0.890,1335055.202
2013,0.000,4.450,2.292,223.512,0.734,1100575.041
2014,4.595,3.366,1.714,224.774,0.522,783523.923
2015,4.314,11.560,5.919,225.709,0.750,1125293.797
2016,3.675,8.997,4.530,226.214,0.906,1359015.972
2017,1.068,6.923,3.445,225.652,0.967,1451090.819
2018,3.297,8.014,3.930,226.091,0.794,1191012.053
2019,2.984,10.144,4.925,226.355,0.841,1261296.855
2020,4.182,9.469,4.522,227.028,0.849,1273861.199
2021,1.715,6.509,3.077,226.699,0.948,1421680.224
2022,4.734,6.189,2.894,227.560,0.826,1238561.428
2023,0.000,4.423,2.070,226.594,0.966,1448534.511
2024,2.100,5.125,2.371,226.631,0.704,1055678.193
2025,5.525,4.676,2.151,227.905,0.662,993604.683
2026,0.000,5.534,2.566,227.012,0.893,1340124.711
2027,0.000,8.849,4.044,226.364,0.648,971340.863
2028,10.131,12.203,5.449,229.354,0.456,683763.418
2029,0.000,12.499,5.621,228.290,1.064,1596732.276
2030,2.781,11.380,4.952,228.430,0.781,1171716.411
2031,11.979,8.564,3.657,231.563,0.763,1144427.770
2032,9.292,4.918,2.157,233.264,1.403,2104625.135
2033,0.125,6.962,3.126,231.579,1.728,2592432.664
2034,0.000,9.099,4.014,230.270,1.309,1962792.730
2035,0.794,10.448,4.500,229.559,0.972,1457611.502
2036,8.581,8.740,3.674,231.539,0.766,1149629.434
2037,5.630,8.451,3.600,232.212,1.153,1729800.999
2038,2.394,9.559,4.077,231.737,1.252,1878720.403
2039,0.000,9.387,3.944,230.638,1.099,1648884.311
2040,0.000,9.828,4.028,229.829,0.809,1213129.037
2041,3.727,10.659,4.257,230.379,0.582,873312.924
2042,2.974,7.133,2.818,230.619,0.655,982132.902
2043,0.179,6.903,2.714,230.013,0.659,988294.915
2044,4.298,8.323,3.216,230.799,0.477,715817.996
2045,0.000,7.780,3.003,230.198,0.602,902622.632
2046,3.422,6.919,2.616,230.761,0.421,631481.839
2047,0.000,7.566,2.857,230.264,0.497,744792.285
2048,0.000,8.327,3.083,229.988,0.339,508519.223
2049,0.000,12.418,4.498,229.758,0.230,344981.760
2050,6.596,11.552,4.049,230.835,0.230,344636.778
2051,4.646,6.782,2.391,231.563,0.517,775636.976
2052,5.959,8.837,3.139,232.543,0.629,943417.081
2053,8.063,9.477,3.396,233.943,0.796,1194425.066
2054,0.000,6.252,2.280,232.887,1.056,1584127.167
2055,9.570,5.054,1.814,234.722,0.776,1163411.227
2056,0.000,4.883,1.817,233.590,1.131,1696736.432
2057,1.144,5.051,1.856,233.076,0.834,1251390.798
2058,5.753,5.136,1.874,233.998,0.673,1009610.379
2059,0.653,5.928,2.198,233.354,0.828,1242106.918
2060,0.000,5.912,2.165,232.716,0.639,957752.276
2061,0.000,5.487,1.979,232.266,0.450,675270.979
2062,4.885,4.270,1.518,233.157,0.303,455007.342
2063,0.000,2.387,0.861,232.678,0.479,718647.072
2064,0.000,3.112,1.116,232.445,0.326,488942.815
2065,0.000,4.216,1.499,232.213,0.232,348668.184
2066,0.000,6.802,2.392,231.981,0.232,348319.516
2067,0.000,7.348,2.539,231.749,0.232,347971.196
2068,0.000,7.379,2.501,231.517,0.232,347623.225
2069,2.238,7.067,2.349,231.401,0.232,347275.602
2070,0.000,6.587,2.178,231.169,0.257,384872.105
2071,0.000,7.164,2.328,230.938,0.231,346753.870
2072,0.000,8.174,2.607,230.707,0.231,346407.116
2073,0.000,8.545,2.667,230.476,0.231,346060.709
2074,0.000,7.402,2.259,230.246,0.230,345714.648
2075,5.025,7.621,2.281,230.707,0.230,345368.933
2076,0.000,10.643,3.230,230.325,0.382,573137.679
2077,3.339,7.952,2.347,230.462,0.250,374782.550
2078,6.311,10.592,3.133,231.484,0.311,466300.583
2079,4.371,9.528,2.861,231.974,0.506,758649.712
2080,6.235,6.493,1.959,232.836,0.565,848249.928
2081,9.600,6.224,1.924,234.381,0.707,1060529.212
2082,17.163,3.693,1.194,237.594,0.999,1498326.713
2083,4.661,8.596,3.041,237.190,1.658,2486648.279
2084,6.195,7.394,2.623,237.339,1.521,2281221.918
2085,6.039,5.667,2.038,237.484,1.506,2258747.880
2086,0.000,5.819,2.128,235.994,1.490,2234896.573
2087,1.122,3.518,1.267,235.187,1.114,1671529.281
2088,0.000,5.398,1.938,234.298,0.889,1333550.879
2089,0.000,6.295,2.228,233.653,0.646,968622.947
2090,0.000,10.791,3.758,233.196,0.456,684050.708
2091,0.000,10.924,3.697,232.964,0.308,462155.836
2092,0.000,10.347,3.402,232.731,0.233,349445.462
2093,0.848,10.031,3.210,232.498,0.233,349096.017
2094,4.098,2.441,0.765,232.790,0.232,348746.921
2095,7.390,0.000,0.000,234.235,0.348,521564.882
2096,1.762,0.351,0.117,234.064,0.618,926757.657
2097,6.733,1.537,0.518,235.256,0.533,798910.050
2098,3.163,3.986,1.390,235.347,0.747,1120790.253
2099,0.000,3.444,1.210,234.627,0.720,1079589.394
2100,0.000,0.000,0.000,234.113,0.514,770839.601
2101,0.000,0.000,0.000,233.785,0.353,530086.004
2102,0.000,0.000,0.000,233.551,0.234,350677.539
2103,0.000,0.000,0.000,233.318,0.234,350326.862
2104,0.000,0.000,0.000,233.084,0.233,349976.535
2105,0.000,0.000,0.000,232.851,0.233,349626.559
2106,0.000,0.000,0.000,232.618,0.233,349276.932
2107,0.092,0.000,0.000,232.386,0.233,348927.655
2108,4.432,2.067,0.720,232.876,0.232,348578.727
2109,7.185,0.000,0.000,234.423,0.391,586759.517
2110,0.000,0.000,0.000,233.739,0.684,1025634.670
2111,0.000,0.000,0.000,233.254,0.486,728504.008
2112,0.000,0.000,0.000,233.021,0.331,496813.582
2113,4.116,0.000,0.000,233.491,0.233,349531.196
2114,0.000,0.000,0.000,233.104,0.388,581280.300
2115,0.000,0.000,0.000,232.871,0.255,382044.419
2116,0.000,0.000,0.000,232.638,0.233,349305.871
2117,0.000,0.000,0.000,232.405,0.233,348956.565
2118,0.000,0.000,0.000,232.173,0.232,348607.609
2119,0.000,0.000,0.000,231.940,0.232,348259.001
2120,0.000,0.000,0.000,231.709,0.232,347910.742
2121,0.851,0.000,0.000,231.610,0.232,347562.832
2122,8.985,0.842,0.320,235.226,0.261,391273.770
2123,0.000,0.000,0.000,234.148,1.078,1616551.008
2124,0.000,0.000,0.000,233.355,0.793,1189092.748
2125,0.000,0.000,0.000,232.785,0.570,855747.122
2126,0.000,0.000,0.000,232.388,0.397,595809.280
2127,0.000,0.000,0.000,232.155,0.262,393129.436
2128,0.000,0.000,0.000,231.923,0.232,348233.117
2129,0.000,0.000,0.000,231.691,0.232,347884.884
2130,0.000,0.000,0.000,231.460,0.232,347536.999
2131,0.000,0.000,0.000,231.228,0.231,347189.462
2132,0.000,0.000,0.000,230.997,0.231,346842.272
2133,0.000,0.000,0.000,230.766,0.231,346495.430
2134,0.000,0.000,0.000,230.535,0.231,346148.935
2135,0.000,0.000,0.000,230.305,0.231,345802.786
2136,0.000,0.000,0.000,230.074,0.230,345456.983
2137,0.000,0.000,0.000,229.844,0.230,345111.526
2138,0.000,0.000,0.000,229.614,0.230,344766.415
2139,0.000,0.000,0.000,229.385,0.230,344421.648
2140,0.000,0.000,0.000,229.155,0.229,344077.226
2141,0.000,0.000,0.000,228.926,0.229,343733.149
2142,0.000,0.000,0.000,228.697,0.229,343389.416
2143,0.000,0.000,0.000,228.469,0.229,343046.027
2144,0.000,0.000,0.000,228.240,0.228,342702.981
2145,0.000,0.000,0.000,228.012,0.228,342360.278
2146,0.000,0.000,0.000,227.784,0.228,342017.917
2147,0.000,0.000,0.000,227.556,0.228,341675.899
2148,0.000,0.000,0.000,227.329,0.228,341334.224
2149,0.000,0.000,0.000,227.101,0.227,340992.889
2150,0.000,0.000,0.000,226.874,0.227,340651.896
2151,0.000,0.000,0.000,226.647,0.227,340311.245
2152,0.835,0.000,0.000,227.109,0.227,339970.933
2153,0.000,0.000,0.000,226.731,0.378,566865.796
2154,0.000,0.000,0.000,226.505,0.246,368709.502
2155,0.000,0.000,0.000,226.278,0.227,339757.016
2156,0.000,0.000,0.000,226.052,0.226,339417.259
2157,0.000,0.000,0.000,225.826,0.226,339077.842
2158,0.000,0.000,0.000,225.600,0.226,338738.764
2159,0.000,0.000,0.000,225.374,0.226,338400.025
2160,0.000,0.000,0.000,225.149,0.225,338061.625
2161,0.000,0.000,0.000,224.924,0.225,337723.563
2162,0.000,1.108,0.457,226.174,0.225,337385.840
2163,0.000,0.000,0.000,225.625,0.549,823776.383
2164,0.000,0.000,0.000,225.246,0.379,568534.190
2165,0.000,0.000,0.000,225.021,0.246,369519.291
2166,0.000,0.000,0.000,224.796,0.225,337530.819
2167,0.000,0.000,0.000,224.571,0.225,337193.288
2168,0.000,0.000,0.000,224.346,0.225,336856.095
2169,0.000,0.000,0.000,224.122,0.224,336519.239
2170,0.000,0.000,0.000,223.898,0.224,336182.720
2171,0.000,0.000,0.000,223.674,0.224,335846.537
2172,0.000,0.000,0.000,223.450,0.224,335510.690
2173,0.000,0.000,0.000,223.227,0.223,335175.180
2174,0.000,0.000,0.000,223.003,0.223,334840.004
2175,0.000,0.000,0.000,222.780,0.223,334505.164
2176,0.000,0.000,0.000,222.558,0.223,334170.659
2177,5.146,2.656,1.122,226.652,0.223,333836.489
2178,3.400,0.515,0.229,228.253,1.172,1757919.419
2179,0.000,0.000,0.000,226.779,1.474,2211694.928
2180,0.000,0.000,0.000,225.678,1.100,1650408.913
2181,0.000,0.000,0.000,224.870,0.808,1212680.534
2182,0.000,0.000,0.000,224.289,0.581,871327.037
2183,0.000,0.000,0.000,223.886,0.403,605145.873
2184,0.000,0.000,0.000,223.662,0.265,397599.054
2185,0.000,0.000,0.000,223.438,0.224,335493.031
2186,0.000,0.000,0.000,223.215,0.223,335157.538
2187,0.000,0.000,0.000,222.992,0.223,334822.380
2188,0.000,0.000,0.000,222.769,0.223,334487.558
2189,0.000,0.000,0.000,222.546,0.223,334153.071
2190,0.000,0.000,0.000,222.323,0.223,333818.917
2191,0.000,0.000,0.000,222.101,0.222,333485.099
2192,0.000,0.000,0.000,221.879,0.222,333151.613
2193,0.000,0.000,0.000,221.657,0.222,332818.462
2194,0.000,0.000,0.000,221.435,0.222,332485.643
2195,0.000,0.000,0.000,221.214,0.221,332153.158
2196,0.000,0.000,0.000,220.993,0.221,331821.005
2197,0.000,0.000,0.000,220.772,0.221,331489.184
2198,0.000,0.000,0.000,220.551,0.221,331157.694
2199,0.000,0.000,0.000,220.330,0.221,330826.537
2200,0.000,0.000,0.000,220.110,0.220,330495.710
2201,0.000,0.000,0.000,219.890,0.220,330165.214
2202,0.000,0.000,0.000,219.670,0.220,329835.049
2203,0.000,0.000,0.000,219.450,0.220,329505.214
2204,0.000,0.000,0.000,219.231,0.219,329175.709
2205,0.000,0.000,0.000,219.012,0.219,328846.533
2206,0.000,0.000,0.000,218.793,0.219,328517.687
2207,0.000,0.000,0.000,218.574,0.219,328189.169
2208,0.000,0.000,0.000,218.355,0.219,327860.980
2209,0.000,0.000,0.000,218.137,0.218,327533.119
2210,5.273,0.000,0.000,219.948,0.218,327205.586
2211,3.506,0.000,0.000,221.810,0.664,996454.550
2212,0.000,0.000,0.000,221.885,1.023,1534567.875
2213,0.000,0.000,0.000,220.896,0.989,1483228.991
2214,0.000,0.000,0.000,220.175,0.721,1080832.380
2215,0.000,0.000,0.000,219.664,0.511,767039.109
2216,0.000,0.000,0.000,219.316,0.348,522356.367
2217,0.000,0.000,0.000,219.097,0.221,331579.763
2218,0.000,0.000,0.000,218.877,0.219,328644.833
2219,0.000,0.000,0.000,218.659,0.219,328316.188
2220,0.000,0.000,0.000,218.440,0.219,327987.872
2221,0.000,0.000,0.000,218.221,0.218,327659.884
2222,0.000,2.523,1.231,221.038,0.218,327332.224
2223,0.000,8.178,4.088,228.662,0.886,1328473.186
2224,3.599,4.259,2.236,232.940,2.512,3768262.936
2225,9.247,0.000,0.000,234.078,3.403,5103763.721
2226,0.000,0.000,0.000,230.476,3.602,5403276.463
2227,0.000,0.000,0.000,227.717,2.759,4138573.116
2228,0.000,0.000,0.000,225.615,2.101,3152180.489
2229,0.000,0.000,0.000,224.027,1.589,2382870.146
2230,0.000,0.000,0.000,222.838,1.189,1782883.909
2231,0.000,0.000,0.000,221.962,0.877,1314970.399
2232,0.000,0.000,0.000,221.328,0.633,950073.540
2233,0.000,0.000,0.000,220.884,0.444,665529.594
2234,0.000,0.000,0.000,220.664,0.296,443660.843
2235,0.000,0.000,0.000,220.443,0.221,330995.883
2236,0.000,0.000,0.000,220.223,0.220,330664.887
2237,0.000,0.000,0.000,220.003,0.220,330334.222
2238,0.000,0.000,0.000,219.783,0.220,330003.888
2239,0.000,0.000,0.000,219.563,0.220,329673.884
2240,0.000,0.000,0.000,219.343,0.220,329344.210
2241,0.000,0.000,0.000,219.124,0.219,329014.866
2242,0.000,0.000,0.000,218.905,0.219,328685.851
2243,0.000,0.000,0.000,218.686,0.219,328357.165
2244,0.000,0.000,0.000,218.467,0.219,328028.808
2245,0.000,0.000,0.000,218.249,0.218,327700.779
2246,0.000,0.000,0.000,218.030,0.218,327373.078
2247,0.000,0.000,0.000,217.812,0.218,327045.705
2248,0.000,0.000,0.000,217.595,0.218,326718.660
2249,0.000,0.000,0.000,217.377,0.218,326391.941
2250,0.000,0.000,0.000,217.160,0.217,326065.549
2251,0.000,0.000,0.000,216.942,0.217,325739.483
2252,0.000,0.000,0.000,216.726,0.217,325413.744
2253,0.000,0.000,0.000,216.509,0.217,325088.330
2254,0.000,0.000,0.000,216.292,0.217,324763.242
2255,0.000,0.000,0.000,216.076,0.216,324438.479
2256,0.000,0.000,0.000,215.860,0.216,324114.040
2257,0.000,0.000,0.000,215.644,0.216,323789.926
2258,0.000,0.000,0.000,215.428,0.216,323466.136
2259,0.000,0.000,0.000,215.213,0.215,323142.670
2260,0.000,0.000,0.000,214.998,0.215,322819.527
2261,0.000,0.000,0.000,214.783,0.215,322496.708
2262,0.000,0.000,0.000,214.568,0.215,322174.211
2263,0.000,0.000,0.000,214.353,0.215,321852.037
2264,0.000,0.000,0.000,214.139,0.214,321530.185
2265,0.000,0.000,0.000,213.925,0.214,321208.655
2266,0.000,0.000,0.000,213.711,0.214,320887.446
2267,0.000,0.000,0.000,213.497,0.214,320566.559
2268,0.000,0.000,0.000,213.284,0.213,320245.992
2269,0.000,0.000,0.000,213.071,0.213,319925.746
2270,0.000,0.000,0.000,212.857,0.213,319605.820
2271,0.000,0.000,0.000,212.645,0.213,319286.215
2272,0.000,0.000,0.000,212.432,0.213,318966.928
2273,0.000,0.000,0.000,212.220,0.212,318647.961
2274,0.000,0.000,0.000,212.007,0.212,318329.313
2275,0.000,0.000,0.000,211.795,0.212,318010.984
2276,0.000,0.000,0.000,211.584,0.212,317692.973
2277,0.000,0.000,0.000,211.372,0.212,317375.280
2278,0.000,0.000,0.000,211.161,0.211,317057.905
2279,0.000,0.000,0.000,210.949,0.211,316740.847
2280,0.000,1.556,0.875,213.362,0.211,316424.106
2281,0.000,0.175,0.100,214.315,0.788,1181821.056
2282,0.872,1.533,0.883,216.880,0.945,1417687.283
2283,0.000,1.856,1.087,218.933,1.457,2185777.742
2284,0.000,0.000,0.000,218.601,1.856,2784610.704
2285,0.000,0.000,0.000,216.870,1.731,2596829.416
2286,0.000,0.000,0.000,215.572,1.298,1947243.445
2287,9.612,1.248,0.748,221.962,0.960,1440644.672
2288,2.502,0.078,0.048,222.618,2.314,3471365.031
2289,1.348,0.000,0.000,221.117,2.407,3609840.338
2290,7.595,2.839,1.791,227.621,2.024,3036309.558
2291,1.577,1.061,0.689,227.994,3.403,5104953.370
2292,0.000,0.000,0.000,224.560,3.433,5150148.833
2293,0.000,0.000,0.000,221.934,2.626,3939378.934
2294,0.000,0.000,0.000,219.938,1.997,2995056.150
2295,0.000,0.000,0.000,218.432,1.506,2258562.037
2296,0.000,0.000,0.000,217.309,1.123,1684174.212
2297,0.000,0.000,0.000,216.485,0.824,1236229.212
2298,0.000,0.000,0.000,215.894,0.591,886909.538
2299,0.000,0.000,0.000,215.484,0.410,614517.542
2300,0.000,0.000,0.000,215.269,0.268,402129.057
2301,0.000,0.000,0.000,215.053,0.215,322903.035
2302,1.519,0.000,0.000,215.984,0.215,322580.132
2303,0.000,0.078,0.052,217.427,0.467,700453.124
2304,0.000,1.872,1.248,220.713,0.733,1099105.218
2305,0.000,1.482,0.998,222.908,1.404,2106317.823
2306,0.000,2.410,1.639,225.811,1.836,2753763.713
2307,0.000,2.796,1.921,228.642,2.423,3634826.350
2308,0.000,3.217,2.234,231.471,2.995,4492057.856
2309,0.000,1.915,1.344,232.190,3.566,5348636.213
2310,0.000,0.000,0.000,228.517,3.673,5509115.114
2311,0.000,0.000,0.000,225.704,2.814,4220398.327
2312,0.000,0.000,0.000,223.560,2.144,3215275.945
2313,0.000,0.000,0.000,221.939,1.621,2431357.122
2314,0.000,0.000,0.000,220.726,1.213,1819976.998
2315,0.000,0.000,0.000,219.830,0.895,1343176.982
2316,0.000,0.000,0.000,220.640,0.648,971349.376
2317,0.000,1.431,1.018,223.604,0.775,1162191.887
2318,0.000,1.638,1.174,226.256,1.376,2064285.484
2319,0.000,0.000,0.000,224.347,1.909,2863336.356
2320,0.000,0.000,0.000,222.909,1.438,2157378.544
2321,0.000,0.000,0.000,221.838,1.071,1606807.474
2322,0.000,0.000,0.000,221.053,0.785,1177437.988
2323,0.000,0.000,0.000,220.491,0.562,842605.660
2324,0.000,0.000,0.000,220.103,0.388,581512.241
2325,0.000,0.000,0.000,219.883,0.252,377935.094
2326,0.000,0.000,0.000,219.664,0.220,329825.179
2327,0.000,0.000,0.000,219.710,0.220,329495.354
2328,0.000,1.521,1.101,223.168,0.278,416993.009
2329,0.000,6.322,4.609,232.227,1.029,1542796.369
2330,0.000,8.580,6.331,242.388,2.971,4456426.508
2331,0.000,10.526,7.870,253.093,5.156,7733952.160
2332,4.544,8.174,6.196,261.226,7.461,11191133.011
2333,1.286,1.369,1.056,256.760,9.200,13799437.829
2334,0.413,1.427,1.109,252.923,8.167,12250298.362
2335,1.824,2.227,1.741,251.949,7.272,10908676.657
2336,0.000,1.825,1.439,249.634,7.008,10511973.699
2337,3.239,0.729,0.578,248.347,6.449,9673038.555
2338,0.000,3.147,2.517,248.850,6.115,9173200.749
2339,9.019,5.082,4.086,253.723,6.176,9264060.224
2340,0.000,4.360,3.537,246.525,7.198,10797037.668
2341,0.000,1.774,1.423,240.960,5.565,8346795.838
2342,0.000,2.687,2.145,236.670,4.290,6435682.105
2343,0.000,4.976,3.945,233.373,3.297,4945088.211
2344,0.000,6.213,4.862,230.851,2.522,3782499.717
2345,6.172,4.579,3.525,232.574,1.917,2875755.362
2346,2.123,7.145,5.482,231.575,2.246,3369658.785
2347,9.453,3.986,3.011,235.066,1.977,2965679.624
2348,1.282,4.840,3.668,233.115,2.696,4043411.719
2349,3.604,4.633,3.474,232.967,2.217,3325041.193
2350,0.142,6.696,4.987,230.914,2.135,3202161.403
2351,14.990,6.482,4.744,237.679,1.634,2450324.001
2352,0.000,6.458,4.758,234.606,3.073,4608810.396
2353,0.000,7.749,5.613,232.259,2.347,3520872.362
2354,9.551,9.555,6.781,235.666,1.782,2672354.695
2355,13.785,8.716,6.131,240.604,2.482,3722595.611
2356,0.000,9.407,6.622,237.085,3.519,5278597.040
2357,0.000,8.646,5.938,234.389,2.696,4043601.499
2358,0.000,7.336,4.925,232.336,2.054,3080378.682
2359,0.000,6.724,4.428,230.783,1.553,2329138.515
2360,0.000,3.518,2.276,229.621,1.162,1743244.741
2361,6.236,6.556,4.203,231.820,0.858,1286321.081
2362,6.786,7.523,4.803,233.839,1.292,1938624.905
2363,5.602,1.307,0.830,234.871,1.688,2531830.459
2364,0.000,4.384,2.807,233.005,1.866,2799017.881
2365,0.000,6.154,3.895,231.598,1.407,2110117.330
2366,0.000,6.856,4.270,230.550,1.049,1572848.016
2367,0.000,9.910,6.062,229.780,0.769,1153850.995
2368,6.406,8.011,4.774,232.146,0.551,827106.289
2369,4.963,5.351,3.171,233.370,1.023,1534883.184
2370,18.117,9.571,5.660,240.311,1.244,1865955.298
2371,2.584,8.736,5.264,238.779,2.723,4084110.289
2372,2.775,8.697,5.153,237.698,2.337,3505653.887
2373,1.395,7.593,4.427,236.268,2.051,3076450.411
2374,0.000,7.964,4.567,234.580,1.688,2532177.883
2375,0.000,7.094,3.984,233.311,1.268,1902710.016
2376,2.087,8.861,4.885,233.249,0.941,1411797.468
2377,2.165,10.705,5.799,233.265,0.879,1318850.882
2378,0.000,8.908,4.720,232.430,0.835,1251951.004
2379,0.000,6.852,3.547,231.827,0.603,904422.171
2380,0.000,9.493,4.826,231.405,0.422,633421.781
2381,0.000,16.427,8.145,231.174,0.281,422113.504
2382,0.000,17.222,8.175,230.942,0.231,346760.435
2383,0.000,13.650,6.189,230.712,0.231,346413.675
2384,0.000,14.761,6.455,230.481,0.231,346067.261
2385,0.000,16.918,7.114,230.250,0.230,345721.194
2386,21.929,11.368,4.570,236.279,0.230,345375.472
2387,4.223,7.710,3.313,236.054,1.607,2410412.876
2388,3.617,6.837,2.929,235.725,1.509,2263933.569
2389,1.136,9.434,4.030,234.705,1.389,2083120.859
2390,3.551,10.167,4.257,234.721,1.116,1674646.933
2391,0.473,9.231,3.821,233.798,1.072,1607738.079
2392,13.710,10.456,4.233,237.201,0.821,1231254.644
2393,9.387,10.819,4.527,238.670,1.522,2282363.942
2394,2.695,8.553,3.621,237.742,1.797,2695308.913
2395,2.210,4.731,1.981,236.902,1.545,2317220.959
2396,0.555,8.510,3.552,235.766,1.312,1968232.888
2397,1.489,5.733,2.346,235.215,1.015,1521837.554
2398,0.000,6.259,2.540,234.370,0.846,1268477.883
2399,0.000,9.836,3.926,233.758,0.612,917940.275
2400,0.000,12.882,5.010,233.328,0.430,644592.413
2401,0.000,13.627,5.122,233.095,0.288,431452.482
2402,0.000,14.676,5.321,232.862,0.233,349642.115
2403,0.000,14.453,5.040,232.629,0.233,349292.473
2404,0.000,14.656,4.919,232.396,0.233,348943.181
2405,0.000,15.042,4.856,232.164,0.232,348594.238
2406,0.000,15.230,4.724,231.932,0.232,348245.643
2407,0.000,14.411,4.293,231.700,0.232,347897.398
2408,0.000,14.134,4.052,231.468,0.232,347549.500
2409,0.000,9.976,2.755,231.236,0.231,347201.951
2410,4.700,8.732,2.349,231.514,0.231,346854.749
2411,6.911,10.444,2.847,232.599,0.343,514283.188
2412,7.998,6.817,1.905,233.760,0.534,800534.998
2413,0.769,7.511,2.185,233.189,0.741,1111893.313
2414,0.000,4.462,1.280,232.621,0.568,851471.353
2415,0.000,5.082,1.441,232.226,0.395,592423.488
2416,0.000,5.370,1.502,231.994,0.260,390437.877
2417,0.021,6.501,1.793,231.762,0.232,347991.157
2418,0.000,8.447,2.291,231.530,0.232,347643.166
2419,0.000,8.014,2.126,231.299,0.232,347295.522
2420,0.000,8.498,2.207,231.068,0.231,346948.227
2421,0.208,7.679,1.950,230.836,0.231,346601.279
2422,0.000,6.911,1.723,230.606,0.231,346254.677
2423,0.000,6.454,1.580,230.375,0.231,345908.423
2424,0.000,4.583,1.103,230.145,0.230,345562.514
2425,0.000,6.205,1.476,229.914,0.230,345216.952
2426,0.000,7.835,1.834,229.685,0.230,344871.735
2427,0.000,8.798,2.017,229.455,0.230,344526.863
2428,5.788,8.089,1.812,229.756,0.229,344182.336
2429,3.239,11.131,2.580,229.979,0.346,519039.745
2430,0.000,9.941,2.307,229.667,0.347,519846.060
2431,0.855,12.223,2.763,229.437,0.230,344500.146
2432,0.000,9.649,2.129,229.208,0.229,344155.646
2433,0.000,5.444,1.171,228.978,0.229,343811.491
2434,3.287,5.156,1.094,228.827,0.229,343467.679
2435,0.000,12.940,2.801,228.598,0.246,368581.816
2436,0.000,14.496,3.032,228.369,0.229,342896.804
2437,0.000,10.858,2.185,228.141,0.228,342553.907
2438,0.000,11.462,2.242,227.913,0.228,342211.353
2439,0.000,11.669,2.214,227.685,0.228,341869.142
2440,7.631,11.166,2.054,228.067,0.228,341527.272
2441,0.000,6.646,1.301,227.706,0.362,542540.684
2442,1.866,7.391,1.422,227.478,0.233,350076.412
2443,0.000,5.394,1.040,227.250,0.227,341216.935
2444,0.000,8.467,1.609,227.023,0.227,340875.718
2445,0.000,10.526,1.957,226.796,0.227,340534.842
2446,0.000,10.631,1.922,226.569,0.227,340194.307
2447,6.004,7.823,1.375,226.690,0.227,339854.113
2448,1.490,8.471,1.574,226.493,0.303,453919.083
2449,1.303,9.118,1.687,226.266,0.233,349409.978
2450,19.512,6.649,1.220,228.294,0.226,339399.232
2451,2.251,7.406,1.660,227.954,0.722,1082962.019
2452,2.362,6.314,1.418,227.757,0.598,897113.747
2453,0.000,6.127,1.385,227.252,0.506,758750.828
2454,2.310,8.194,1.823,227.295,0.346,518401.817
2455,4.295,6.103,1.359,227.622,0.306,459297.116
2456,0.000,6.860,1.567,227.291,0.349,523671.272
2457,2.050,7.125,1.599,227.063,0.227,340936.010
2458,9.527,7.176,1.612,228.006,0.227,340595.074
2459,6.126,6.026,1.452,228.640,0.484,726152.969
2460,4.237,5.468,1.369,228.868,0.575,862010.226
2461,6.993,5.246,1.341,229.646,0.576,864177.051
2462,0.000,3.385,0.903,228.948,0.699,1047876.382
2463,1.629,2.640,0.698,228.778,0.496,744254.017
2464,11.192,2.839,0.755,230.625,0.410,615254.064
2465,7.138,0.000,0.000,231.413,0.768,1151681.491
2466,3.864,0.000,0.000,231.405,0.893,1338848.639
2467,0.000,0.569,0.176,230.563,0.842,1263604.413
2468,0.000,0.000,0.000,229.954,0.609,912886.599
2469,0.000,0.000,0.000,229.528,0.426,639399.428
2470,0.000,0.000,0.000,229.299,0.284,426152.088
2471,0.000,0.000,0.000,229.069,0.229,343948.195
2472,0.000,0.000,0.000,228.840,0.229,343604.247
2473,0.000,0.000,0.000,228.612,0.229,343260.643
2474,2.663,0.000,0.000,228.684,0.229,342917.382
2475,0.000,0.000,0.000,228.503,0.295,441816.881
2476,0.000,0.000,0.000,228.275,0.239,358452.491
2477,0.000,0.320,0.102,228.046,0.228,342411.989
2478,0.000,0.526,0.168,227.818,0.228,342069.577
2479,0.000,0.000,0.000,227.591,0.228,341727.507
2480,0.000,0.000,0.000,227.363,0.228,341385.780
2481,0.000,0.000,0.000,227.136,0.227,341044.394
2482,0.000,0.000,0.000,226.908,0.227,340703.349
2483,0.000,0.000,0.000,226.682,0.227,340362.646
2484,0.000,0.000,0.000,226.455,0.227,340022.283
2485,0.000,0.000,0.000,226.228,0.226,339682.261
2486,0.000,0.000,0.000,226.002,0.226,339342.579
2487,0.685,0.000,0.000,226.112,0.226,339003.236
2488,1.837,0.000,0.000,226.897,0.300,449614.908
2489,0.000,0.000,0.000,226.904,0.448,672149.319
2490,0.000,0.000,0.000,226.503,0.401,600892.097
2491,0.846,0.000,0.000,226.659,0.263,395148.203
2492,0.000,0.538,0.185,227.154,0.310,465570.725
2493,2.571,3.350,1.173,227.453,0.385,577745.758
2494,1.874,2.508,0.883,227.553,0.402,602929.410
2495,4.759,2.792,0.986,228.455,0.375,562315.638
2496,0.624,0.246,0.088,228.101,0.525,786936.038
2497,0.000,0.000,0.000,227.703,0.398,596881.313
2498,0.000,2.878,1.038,227.476,0.262,392418.959
2499,1.399,2.129,0.762,227.248,0.227,341213.684
2500,1.429,0.000,0.000,227.021,0.227,340872.470
2501,0.125,0.000,0.000,226.794,0.227,340531.598
2502,0.000,0.000,0.000,226.567,0.227,340191.066
2503,0.000,0.000,0.000,226.341,0.227,339850.875
2504,0.000,0.000,0.000,226.114,0.226,339511.024
2505,0.229,4.274,1.545,225.888,0.226,339171.513
2506,0.000,3.604,1.290,225.662,0.226,338832.342
2507,0.000,1.240,0.440,225.437,0.226,338493.510
2508,0.000,0.000,0.000,225.211,0.225,338155.016
2509,0.000,0.000,0.000,224.986,0.225,337816.861
2510,0.000,0.000,0.000,224.761,0.225,337479.044
2511,0.000,0.000,0.000,224.536,0.225,337141.565
2512,0.000,0.000,0.000,224.312,0.225,336804.424
2513,0.000,0.000,0.000,224.087,0.224,336467.619
2514,0.000,0.000,0.000,223.863,0.224,336131.152
2515,1.365,0.000,0.000,224.185,0.224,335795.020
2516,0.000,0.000,0.000,223.866,0.344,515482.472
2517,0.000,0.000,0.000,223.642,0.224,335798.766
2518,5.357,0.000,0.000,225.301,0.224,335462.967
2519,0.000,0.000,0.000,224.663,0.638,956362.709
2520,0.000,0.000,0.000,224.216,0.448,671530.837
2521,0.000,0.000,0.000,223.992,0.300,449436.408
2522,0.000,0.000,0.000,223.768,0.224,335987.600
2523,0.000,0.000,0.000,223.544,0.224,335651.613
2524,0.000,0.000,0.000,223.320,0.224,335315.961
2525,0.000,0.000,0.000,223.097,0.223,334980.645
2526,0.000,0.000,0.000,222.874,0.223,334645.665
2527,0.000,0.000,0.000,222.651,0.223,334311.019
2528,0.000,0.000,0.000,222.428,0.223,333976.708
2529,0.000,0.000,0.000,222.206,0.222,333642.731
2530,0.000,0.000,0.000,221.984,0.222,333309.088
2531,0.000,0.000,0.000,221.762,0.222,332975.779
2532,0.000,0.000,0.000,221.540,0.222,332642.804
2533,0.000,0.000,0.000,221.319,0.222,332310.161
2534,0.000,0.000,0.000,221.097,0.221,331977.851
2535,0.000,0.000,0.000,220.876,0.221,331645.873
2536,0.000,0.000,0.000,220.655,0.221,331314.227
2537,0.000,0.000,0.000,220.435,0.221,330982.913
2538,0.000,0.000,0.000,220.214,0.220,330651.930
2539,0.000,0.000,0.000,219.994,0.220,330321.278
2540,0.000,0.000,0.000,219.774,0.220,329990.957
2541,0.000,0.000,0.000,219.554,0.220,329660.966
2542,0.000,0.000,0.000,219.335,0.220,329331.305
2543,0.000,0.000,0.000,219.115,0.219,329001.973
2544,0.000,0.000,0.000,218.896,0.219,328672.971
2545,0.000,0.000,0.000,218.677,0.219,328344.298
2546,0.000,0.000,0.000,218.459,0.219,328015.954
2547,0.000,0.000,0.000,218.240,0.218,327687.938
2548,0.000,0.000,0.000,218.022,0.218,327360.250
2549,0.000,0.000,0.000,217.804,0.218,327032.890
2550,0.000,0.000,0.000,217.586,0.218,326705.857
2551,0.000,0.000,0.000,217.369,0.218,326379.151
2552,0.000,0.000,0.000,217.151,0.217,326052.772
2553,0.000,0.000,0.000,216.934,0.217,325726.719
2554,0.000,0.000,0.000,216.717,0.217,325400.993
2555,0.000,0.000,0.000,216.500,0.217,325075.592
2556,0.000,0.000,0.000,216.284,0.217,324750.516
2557,0.000,0.000,0.000,216.068,0.216,324425.765
2558,0.000,0.000,0.000,215.851,0.216,324101.340
2559,0.000,0.000,0.000,215.636,0.216,323777.238
2560,0.000,0.000,0.000,215.420,0.216,323453.461
2561,0.000,0.000,0.000,215.205,0.215,323130.008
2562,0.000,0.000,0.000,214.989,0.215,322806.878
2563,0.000,0.000,0.000,214.774,0.215,322484.071
2564,0.000,0.000,0.000,214.560,0.215,322161.587
2565,0.000,0.000,0.000,214.345,0.215,321839.425
2566,0.000,0.000,0.000,214.131,0.214,321517.586
2567,1.159,0.000,0.000,214.350,0.214,321196.068
2568,0.000,0.000,0.000,214.136,0.309,463846.255
2569,0.000,0.000,0.000,213.922,0.214,321203.867
2570,0.000,0.000,0.000,213.708,0.214,320882.663
2571,0.000,0.000,0.000,213.494,0.214,320561.781
2572,0.000,0.000,0.000,213.281,0.213,320241.219
2573,0.000,0.000,0.000,213.067,0.213,319920.978
2574,0.000,0.000,0.000,212.854,0.213,319601.057
2575,0.000,0.000,0.000,212.641,0.213,319281.455
2576,0.000,1.985,0.764,214.362,0.213,318962.174
2577,0.000,1.958,0.779,216.169,0.638,956491.589
2578,0.000,0.000,0.000,215.186,0.983,1474921.769
2579,0.000,0.000,0.000,214.471,0.715,1072474.885
2580,0.000,0.000,0.000,213.965,0.506,758644.280
2581,0.000,0.000,0.000,213.623,0.343,513934.294
2582,0.000,0.000,0.000,213.409,0.215,323138.314
2583,0.000,0.000,0.000,213.196,0.213,320113.364
2584,0.000,0.000,0.000,212.982,0.213,319793.250
2585,0.000,0.000,0.000,212.769,0.213,319473.457
2586,0.000,0.000,0.000,212.557,0.213,319153.984
2587,0.000,0.000,0.000,212.344,0.213,318834.830
2588,0.000,0.000,0.000,212.132,0.212,318515.995
2589,0.000,0.000,0.000,211.920,0.212,318197.479
2590,0.000,0.000,0.000,211.708,0.212,317879.281
2591,0.000,0.000,0.000,211.496,0.212,317561.402
2592,0.000,0.000,0.000,211.284,0.211,317243.841
2593,0.000,0.000,0.000,211.073,0.211,316926.597
2594,0.000,0.000,0.000,210.862,0.211,316609.670
2595,1.552,0.000,0.000,210.999,0.211,316293.061
2596,0.000,0.382,0.159,212.021,0.287,430683.486
2597,1.375,2.356,0.996,214.873,0.482,722923.984
2598,7.064,2.812,1.232,219.524,1.057,1585613.194
2599,6.273,2.071,0.962,222.670,2.028,3041820.884
2600,0.000,2.258,1.099,223.255,2.668,4001547.404
2601,0.000,0.530,0.264,222.337,2.744,4116251.590
2602,0.000,0.000,0.000,221.035,2.490,3735098.873
2603,0.000,0.000,0.000,218.883,2.151,3227206.839
2604,3.998,0.000,0.000,219.568,1.626,2439110.543
2605,0.000,3.042,1.581,222.030,1.725,2586979.939
2606,0.000,7.402,3.939,228.160,2.214,3321536.964
2607,0.109,8.194,4.537,234.146,3.511,5266551.772
2608,0.000,6.092,3.506,237.083,4.776,7164216.833
2609,3.860,4.415,2.614,239.657,5.370,8055689.706
2610,0.000,1.696,1.035,237.259,5.885,8827395.350
2611,0.000,3.334,2.061,237.257,5.306,7958583.310
2612,0.000,5.413,3.400,239.680,5.254,7880428.702
2613,0.000,6.248,4.004,242.716,5.735,8602648.938
2614,0.000,6.708,4.388,245.848,6.352,9527250.258
2615,0.000,7.913,5.281,240.576,6.989,10483404.170
2616,0.000,8.908,5.861,234.798,5.778,8666382.385
2617,0.000,5.842,3.755,230.343,4.455,6682676.838
2618,0.000,0.211,0.133,226.919,3.424,5135463.613
2619,0.000,4.189,2.650,224.300,2.619,3928714.322
2620,0.000,9.754,6.103,222.308,1.992,2987526.822
2621,0.000,11.345,6.918,220.806,1.502,2253477.443
2622,0.000,11.197,6.626,219.685,1.121,1680995.720
2623,0.000,11.571,6.648,218.862,0.823,1234536.693
2624,6.264,8.853,4.933,220.937,0.591,886375.292
2625,1.910,3.771,2.088,220.748,0.996,1494339.470
2626,4.734,2.126,1.172,221.836,0.904,1355620.109
2627,0.000,2.418,1.343,220.744,1.092,1638411.518
2628,0.000,3.533,1.950,219.943,0.801,1201703.450
2629,0.287,4.817,2.633,219.488,0.574,861147.414
2630,2.810,3.927,2.122,220.224,0.423,635084.020
2631,2.482,3.448,1.859,220.710,0.535,801782.699
2632,0.000,2.176,1.171,220.119,0.591,886395.581
2633,0.000,3.393,1.815,219.709,0.410,615511.545
2634,7.688,0.456,0.242,222.328,0.270,404297.874
2635,1.160,2.297,1.244,221.964,0.844,1265939.012
2636,8.192,1.322,0.714,224.627,0.713,1069944.932
2637,0.000,1.108,0.610,223.378,1.249,1873341.026
2638,0.000,0.448,0.246,222.455,0.924,1385634.674
2639,4.713,0.998,0.548,223.758,0.670,1005299.291
2640,1.186,2.679,1.485,223.353,0.907,1359975.095
2641,0.591,0.000,0.000,222.835,0.767,1150997.059
2642,0.000,3.288,1.818,222.232,0.603,904750.773
2643,0.000,3.459,1.897,221.811,0.420,630511.379
2644,0.000,4.941,2.685,221.590,0.278,416679.845
2645,0.000,4.169,2.236,221.368,0.222,332384.797
2646,0.000,7.749,4.112,221.147,0.221,332052.413
2647,4.299,8.642,4.493,222.181,0.221,331720.360
2648,0.000,5.207,2.681,221.684,0.497,745581.115
2649,7.103,3.791,1.926,224.099,0.338,506302.381
2650,6.614,4.469,2.298,225.875,0.819,1227982.304
2651,0.997,2.410,1.250,225.110,1.159,1739071.591
2652,0.504,1.170,0.605,224.368,0.941,1411683.707
2653,0.000,1.182,0.610,223.640,0.728,1091793.697
2654,1.305,2.913,1.499,223.635,0.518,776723.699
2655,0.000,6.607,3.388,223.168,0.467,700191.306
2656,4.205,9.099,4.586,224.436,0.314,471423.509
2657,0.000,9.793,4.885,223.885,0.551,826484.991
2658,11.886,11.996,5.832,227.911,0.380,570070.807
2659,9.842,10.261,5.032,230.376,1.216,1824076.990
2660,3.883,6.544,3.229,230.128,1.709,2562907.411
2661,6.699,6.279,3.085,231.033,1.605,2406831.576
2662,3.505,5.226,2.582,230.600,1.754,2631238.271
2663,3.879,3.171,1.563,230.449,1.609,2414035.844
2664,6.519,1.342,0.665,231.385,1.527,2290138.533
2665,1.178,3.654,1.842,230.155,1.683,2524876.552
2666,6.908,7.933,3.976,231.432,1.363,2044938.817
2667,4.129,12.679,6.365,231.418,1.595,2392663.878
2668,10.627,13.490,6.638,233.863,1.543,2314172.917
2669,5.328,12.152,5.980,233.831,2.031,3047186.436
2670,3.977,11.926,5.786,233.327,1.975,2962929.764
2671,8.082,10.120,4.824,234.448,1.815,2722912.020
2672,5.132,9.450,4.512,234.303,2.013,3019423.523
2673,12.382,8.338,3.954,236.847,1.932,2898103.742
2674,0.000,3.510,1.701,234.405,2.443,3664219.612
2675,0.000,1.962,0.942,232.548,1.857,2784761.705
2676,0.000,4.111,1.963,231.149,1.399,2098857.867
2677,6.188,4.894,2.313,232.335,1.043,1563926.130
2678,5.127,6.143,2.929,232.944,1.255,1882317.644
2679,4.452,7.394,3.532,233.225,1.340,2010125.817
2680,2.379,8.108,3.858,232.735,1.353,2029881.824
2681,2.364,5.234,2.459,232.384,1.197,1795224.092
2682,0.000,7.718,3.607,231.313,1.071,1606788.923
2683,0.000,9.773,4.476,230.526,0.787,1180550.355
2684,0.000,11.587,5.171,229.961,0.565,848157.017
2685,0.000,12.067,5.223,229.568,0.393,588962.886
2686,0.000,11.127,4.665,229.338,0.258,386864.063
2687,0.000,10.261,4.177,229.109,0.229,344007.675
2688,0.000,11.809,4.679,228.880,0.229,343663.668
2689,0.000,13.486,5.180,228.651,0.229,343320.004
2690,0.000,13.377,4.957,228.422,0.229,342976.684
2691,3.200,12.464,4.458,228.614,0.228,342633.707
2692,3.813,12.238,4.310,229.284,0.321,480870.552
2693,0.000,12.519,4.359,228.858,0.426,638974.896
2694,0.000,12.940,4.359,228.629,0.284,425600.152
2695,0.000,12.535,4.080,228.401,0.229,342944.059
2696,0.000,13.888,4.373,228.172,0.228,342601.115
2697,1.305,13.837,4.200,227.944,0.228,342258.514
2698,2.885,10.261,3.029,227.912,0.228,341916.255
2699,3.198,10.035,2.942,228.099,0.271,406322.121
2700,4.454,9.395,2.743,228.731,0.319,478229.375
2701,4.560,10.218,3.003,229.330,0.417,625508.079
2702,0.000,11.029,3.257,228.830,0.500,750368.691
2703,0.536,10.581,3.034,228.605,0.342,512391.264
2704,3.368,7.968,2.231,228.695,0.244,365282.210
2705,1.042,4.302,1.209,228.487,0.298,447568.283
2706,0.000,4.040,1.132,228.258,0.233,349411.287
2707,0.000,6.802,1.885,228.030,0.228,342387.393
2708,2.256,9.961,2.712,227.817,0.228,342045.005
2709,0.503,10.440,2.817,227.590,0.231,346804.256
2710,0.000,8.880,2.340,227.362,0.228,341384.445
2711,0.000,11.766,3.029,227.135,0.227,341043.061
2712,9.591,12.215,3.048,228.270,0.227,340702.017
2713,1.327,10.561,2.766,228.007,0.527,790128.698
2714,3.457,7.270,1.872,228.261,0.420,629927.706
2715,5.363,5.799,1.507,228.890,0.427,640663.070
2716,0.154,6.123,1.635,228.405,0.517,774974.574
2717,7.034,6.474,1.704,229.446,0.361,541696.616
2718,7.089,5.004,1.368,230.374,0.542,812446.330
2719,4.919,5.441,1.548,230.738,0.697,1045635.223
2720,0.000,4.926,1.431,230.009,0.729,1092950.491
2721,3.443,3.374,0.967,230.238,0.520,779726.976
2722,0.286,5.620,1.637,229.780,0.522,782598.565
2723,0.000,8.689,2.499,229.407,0.372,558684.806
2724,0.000,11.446,3.217,229.178,0.242,363217.847
2725,0.000,10.799,2.945,228.949,0.229,343767.212
2726,0.000,9.972,2.643,228.720,0.229,343423.445
2727,12.194,7.968,2.057,230.426,0.229,343080.021
2728,4.290,7.656,2.131,230.677,0.654,981287.473
2729,1.624,7.574,2.133,230.363,0.661,991410.962
2730,5.900,7.184,2.007,231.070,0.543,815055.224
2731,0.000,4.602,1.317,230.419,0.650,975557.635
2732,0.000,3.112,0.880,229.960,0.459,688387.424
2733,0.000,3.881,1.089,229.731,0.310,464467.207
2734,5.061,4.727,1.313,230.117,0.230,344596.325
2735,4.384,6.357,1.810,230.698,0.365,547397.970
2736,4.860,5.047,1.458,231.319,0.445,666880.617
2737,0.000,3.713,1.095,230.786,0.533,799253.376
2738,0.000,3.467,1.013,230.418,0.367,551128.557
2739,0.000,1.790,0.518,230.188,0.238,357663.487
2740,0.000,0.753,0.217,229.958,0.230,345282.124
2741,0.000,1.813,0.522,229.728,0.230,344936.842
2742,0.000,2.734,0.783,229.498,0.230,344591.905
2743,1.152,3.280,0.932,229.269,0.229,344247.313
2744,3.518,5.304,1.507,229.347,0.229,343903.066
2745,1.930,6.400,1.839,229.329,0.297,445200.243
2746,1.657,4.731,1.355,229.175,0.276,413296.753
2747,0.000,3.994,1.144,228.946,0.246,368310.189
2748,0.000,4.957,1.405,228.717,0.229,343418.821
2749,0.000,4.586,1.283,228.488,0.229,343075.402
2750,1.319,4.458,1.232,228.260,0.228,342732.327
2751,0.000,6.228,1.718,228.031,0.228,342389.595
2752,0.000,8.319,2.258,227.803,0.228,342047.205
2753,0.000,7.570,2.010,227.576,0.228,341705.158
2754,0.000,6.653,1.732,227.348,0.228,341363.453
2755,3.810,2.699,0.690,227.409,0.227,341022.089
2756,7.569,5.136,1.346,228.460,0.291,435839.250
2757,3.089,8.650,2.373,228.594,0.508,762402.560
2758,0.000,10.932,3.001,228.105,0.489,733442.496
2759,0.000,7.422,1.979,227.850,0.333,498962.613
2760,4.745,5.472,1.431,228.112,0.228,341774.602
2761,0.000,6.384,1.709,227.844,0.335,503220.564
2762,0.000,6.517,1.716,227.616,0.228,341766.395
2763,0.000,5.998,1.552,227.389,0.228,341424.628
2764,0.092,4.220,1.075,227.161,0.227,341083.204
2765,3.888,7.016,1.769,227.227,0.227,340742.121
2766,0.994,2.714,0.694,227.000,0.291,436989.328
2767,17.609,0.733,0.188,229.738,0.227,340500.013
2768,15.696,0.285,0.083,232.342,0.879,1318757.910
2769,15.605,0.000,0.000,234.778,1.403,2104481.032
2770,3.356,1.946,0.690,233.793,1.890,2835335.339
2771,0.000,0.000,0.000,232.168,1.625,2436916.397
2772,0.000,2.730,0.981,230.950,1.218,1827684.493
2773,0.000,3.705,1.321,230.048,0.902,1352556.719
2774,5.564,4.625,1.634,230.887,0.655,982030.092
2775,3.861,5.897,2.120,231.152,0.791,1186046.372
2776,0.000,3.900,1.409,230.351,0.800,1200551.280
2777,7.319,2.336,0.836,231.766,0.576,863684.523
2778,2.439,0.000,0.000,231.612,0.838,1257716.831
2779,14.734,2.118,0.792,235.046,0.756,1134516.157
2780,0.000,0.608,0.243,233.582,1.463,2195016.061
2781,4.763,0.183,0.073,233.934,1.093,1639657.598
2782,3.427,0.815,0.332,233.874,1.122,1683434.729
2783,0.000,0.000,0.000,232.813,1.061,1591232.759
2784,0.000,0.000,0.000,232.034,0.779,1168923.770
2785,0.000,0.000,0.000,231.474,0.560,839594.996
2786,0.000,0.000,0.000,231.086,0.389,582790.718
2787,0.000,0.000,0.000,230.855,0.255,382555.475
2788,0.000,0.000,0.000,230.624,0.231,346282.133
2789,0.000,0.000,0.000,230.393,0.231,345935.851
2790,0.000,0.000,0.000,230.163,0.230,345589.915
2791,0.000,0.000,0.000,229.933,0.230,345244.325
2792,0.000,0.000,0.000,229.703,0.230,344899.081
2793,0.000,0.000,0.000,229.473,0.230,344554.182
2794,0.000,0.000,0.000,229.244,0.229,344209.627
2795,0.000,0.000,0.000,229.014,0.229,343865.418
2796,0.000,0.000,0.000,228.785,0.229,343521.552
2797,0.000,0.000,0.000,228.557,0.229,343178.031
2798,0.000,0.000,0.000,228.328,0.229,342834.853
2799,0.000,0.000,0.000,228.100,0.228,342492.018
2800,0.000,0.000,0.000,227.872,0.228,342149.526
2801,11.985,0.000,0.000,231.492,0.228,341807.376
2802,0.000,0.000,0.000,230.418,1.074,1611338.437
2803,0.000,0.000,0.000,229.628,0.789,1183799.941
2804,0.000,0.000,0.000,229.061,0.567,850392.958
2805,0.000,0.000,0.000,228.668,0.394,590408.482
2806,0.000,0.000,0.000,228.439,0.258,387693.488
2807,0.000,0.000,0.000,228.211,0.228,342658.981
2808,0.000,0.000,0.000,227.983,0.228,342316.322
2809,0.000,0.000,0.000,227.755,0.228,341974.006
2810,0.000,0.000,0.000,227.527,0.228,341632.032
2811,0.000,0.000,0.000,227.299,0.228,341290.400
2812,0.000,0.000,0.000,227.072,0.227,340949.109
2813,0.000,0.000,0.000,226.845,0.227,340608.160
2814,0.000,0.000,0.000,226.618,0.227,340267.552
2815,0.000,0.000,0.000,226.392,0.227,339927.284
2816,0.000,0.000,0.000,226.165,0.226,339587.357
2817,0.000,0.000,0.000,225.939,0.226,339247.770
2818,0.000,0.000,0.000,225.713,0.226,338908.522
2819,0.756,0.000,0.000,225.669,0.226,338569.613
2820,0.000,0.000,0.000,225.444,0.266,398328.577
2821,0.000,0.098,0.043,226.047,0.225,338165.983
2822,0.000,0.000,0.000,226.655,0.408,611357.541
2823,0.000,0.000,0.000,226.163,0.492,738043.534
2824,1.415,1.794,0.810,228.966,0.335,501907.089
2825,0.658,2.531,1.177,231.626,0.902,1353208.195
2826,2.409,0.000,0.000,231.749,1.438,2157395.922
2827,0.000,0.000,0.000,230.333,1.416,2124464.397
2828,0.000,0.000,0.000,229.277,1.056,1583609.988
2829,0.000,0.000,0.000,228.503,0.775,1161817.021
2830,0.000,0.000,0.000,227.947,0.555,832891.905
2831,0.000,0.000,0.000,227.563,0.384,576403.640
2832,0.000,0.000,0.000,227.336,0.251,376416.046
2833,0.000,0.000,0.000,227.108,0.227,341003.366
2834,0.000,0.000,0.000,226.881,0.227,340662.363
2835,0.000,0.000,0.000,226.654,0.227,340321.701
2836,0.000,0.000,0.000,226.428,0.227,339981.379
2837,0.000,0.000,0.000,226.201,0.226,339641.397
2838,0.000,0.000,0.000,225.975,0.226,339301.756
2839,0.000,0.000,0.000,225.749,0.226,338962.454
2840,0.000,0.000,0.000,225.523,0.226,338623.492
2841,0.000,0.000,0.000,225.298,0.226,338284.868
2842,0.000,0.000,0.000,225.072,0.225,337946.584
2843,0.000,0.000,0.000,224.847,0.225,337608.637
2844,0.000,0.000,0.000,224.623,0.225,337271.028
2845,0.000,0.000,0.000,224.398,0.225,336933.757
2846,0.000,0.000,0.000,224.173,0.224,336596.824
2847,0.000,0.000,0.000,223.949,0.224,336260.227
2848,0.000,0.000,0.000,223.725,0.224,335923.966
2849,0.000,0.000,0.000,223.502,0.224,335588.042
2850,0.000,0.000,0.000,223.278,0.224,335252.454
2851,0.000,0.000,0.000,223.055,0.223,334917.202
2852,0.000,0.000,0.000,222.832,0.223,334582.285
2853,0.000,0.000,0.000,222.609,0.223,334247.703
2854,0.000,0.000,0.000,222.386,0.223,333913.455
2855,0.000,0.000,0.000,222.164,0.222,333579.541
2856,0.000,0.000,0.000,221.942,0.222,333245.962
2857,0.000,0.000,0.000,221.720,0.222,332912.716
2858,0.000,0.000,0.000,221.498,0.222,332579.803
2859,0.000,0.000,0.000,221.277,0.221,332247.223
2860,0.000,0.000,0.000,221.055,0.221,331914.976
2861,0.000,0.000,0.000,220.834,0.221,331583.061
2862,0.000,0.000,0.000,220.613,0.221,331251.478
2863,0.000,0.000,0.000,220.393,0.221,330920.227
2864,0.000,0.000,0.000,220.172,0.220,330589.306
2865,0.000,0.000,0.000,219.952,0.220,330258.717
2866,0.000,0.000,0.000,219.732,0.220,329928.458
2867,0.000,0.000,0.000,219.513,0.220,329598.530
2868,0.000,0.000,0.000,219.293,0.220,329268.931
2869,0.000,0.000,0.000,219.074,0.219,328939.662
2870,0.000,0.000,0.000,218.855,0.219,328610.723
2871,0.000,0.000,0.000,218.636,0.219,328282.112
2872,0.000,0.000,0.000,218.417,0.219,327953.830
2873,0.000,0.000,0.000,218.199,0.218,327625.876
2874,0.000,0.000,0.000,217.981,0.218,327298.250
2875,0.000,0.000,0.000,217.763,0.218,326970.952
2876,0.000,0.000,0.000,217.545,0.218,326643.981
2877,0.000,0.000,0.000,217.327,0.218,326317.337
2878,0.000,0.000,0.000,217.110,0.217,325991.020
2879,0.000,0.000,0.000,216.893,0.217,325665.029
2880,0.000,0.000,0.000,216.676,0.217,325339.364
2881,0.000,0.000,0.000,216.459,0.217,325014.024
2882,0.000,0.000,0.000,216.243,0.216,324689.010
2883,0.000,0.000,0.000,216.027,0.216,324364.321
2884,0.000,0.000,0.000,215.811,0.216,324039.957
2885,0.000,0.000,0.000,215.595,0.216,323715.917
2886,0.000,0.000,0.000,215.379,0.216,323392.201
2887,0.000,0.000,0.000,215.356,0.215,323068.809
2888,0.000,0.000,0.000,215.141,0.257,386203.568
2889,0.000,0.000,0.000,214.926,0.215,322711.439
2890,0.000,0.000,0.000,215.107,0.215,322388.728
2891,0.000,0.000,0.000,214.892,0.302,452714.564
2892,0.000,0.000,0.000,214.677,0.215,322338.128
2893,0.000,0.000,0.000,214.463,0.215,322015.790
2894,0.000,0.441,0.217,215.526,0.214,321693.774
2895,0.000,0.000,0.000,215.320,0.495,743191.248
2896,0.000,0.000,0.000,214.922,0.398,597708.298
2897,0.000,0.000,0.000,214.707,0.259,388845.402
2898,0.000,0.000,0.000,214.492,0.215,322060.387
2899,0.000,0.437,0.219,215.581,0.214,321738.327
2900,0.000,0.000,0.000,216.350,0.501,751619.351
2901,0.000,0.000,0.000,215.731,0.618,927706.479
2902,0.000,0.000,0.000,215.300,0.431,646253.721
2903,0.000,0.983,0.504,217.167,0.285,426797.928
2904,0.000,0.000,0.000,217.541,0.673,1009711.606
2905,0.000,0.000,0.000,216.837,0.704,1055931.468
2906,2.170,0.000,0.000,217.359,0.498,746534.245
2907,0.000,0.000,0.000,216.798,0.561,841623.450
2908,0.000,0.000,0.000,216.411,0.386,579528.098
2909,0.000,0.000,0.000,216.195,0.250,375170.662
2910,0.000,0.000,0.000,215.979,0.216,324292.783
2911,0.000,0.000,0.000,215.763,0.216,323968.490
2912,0.000,0.000,0.000,215.547,0.216,323644.522
2913,0.000,0.000,0.000,215.332,0.216,323320.877
2914,0.000,0.000,0.000,215.116,0.215,322997.556
2915,0.000,0.000,0.000,214.901,0.215,322674.559
2916,0.000,0.000,0.000,214.686,0.215,322351.884
2917,0.000,0.000,0.000,214.472,0.215,322029.532
2918,0.000,0.000,0.000,214.257,0.214,321707.503
2919,0.000,0.000,0.000,214.043,0.214,321385.795
2920,0.000,0.000,0.000,213.829,0.214,321064.409
2921,0.000,0.000,0.000,213.615,0.214,320743.345
2922,0.000,0.000,0.000,213.401,0.214,320422.602
2923,0.000,3.272,1.730,217.212,0.213,320102.179
2924,0.000,4.840,2.621,222.180,1.098,1647677.194
2925,0.000,5.842,3.255,227.261,2.140,3209465.873
2926,0.000,6.579,3.777,232.236,3.205,4808206.886
2927,0.000,5.702,3.372,235.512,4.248,6372611.596
2928,0.000,4.551,2.760,237.090,4.917,7376074.124
2929,0.000,4.146,2.565,238.067,5.213,7819336.022
2930,0.000,4.165,2.624,239.017,5.376,8064371.956
2931,0.000,3.728,2.390,239.428,5.534,8300255.951
2932,0.000,0.499,0.325,236.212,5.573,8358920.662
2933,0.000,0.850,0.558,234.178,4.814,7220421.380
2934,0.000,0.000,0.000,229.863,4.315,6472062.268
2935,0.000,0.000,0.000,226.549,3.314,4971190.280
2936,1.085,0.000,0.000,225.980,2.534,3800587.147
2937,0.000,0.000,0.000,223.623,2.357,3535988.705
2938,3.194,0.000,0.000,224.645,1.788,2681283.724
2939,0.000,0.000,0.000,222.684,1.961,2941811.389
2940,0.000,0.000,0.000,221.205,1.479,2217978.916
2941,0.000,0.000,0.000,220.103,1.102,1653466.221
2942,0.000,0.000,0.000,219.294,0.809,1213222.877
2943,6.727,1.353,0.912,225.632,0.580,869909.549
2944,0.000,1.170,0.806,227.012,1.923,2885032.300
2945,0.000,0.000,0.000,226.401,2.176,3264215.522
2946,0.000,0.000,0.000,224.410,1.991,2986602.183
2947,0.000,0.402,0.280,225.317,1.502,2253450.567
2948,0.000,0.000,0.000,223.992,1.651,2476497.697
2949,1.510,0.000,0.000,225.077,1.309,1963482.541
2950,18.086,0.000,0.000,234.482,1.497,2245757.836
2951,9.951,0.515,0.377,239.222,3.516,5273509.664
2952,0.250,0.000,0.000,235.983,4.508,6761812.637
2953,0.000,0.000,0.000,232.238,3.745,5617405.489
2954,0.000,0.000,0.000,229.367,2.871,4306008.244
2955,0.000,0.086,0.064,229.356,2.189,3283193.960
2956,1.808,0.480,0.362,230.976,2.136,3204099.743
2957,3.844,3.370,2.564,237.366,2.442,3663316.673
2958,8.842,4.173,3.216,246.551,3.798,5696644.429
2959,5.861,1.599,1.257,245.860,5.769,8652751.531
2960,1.592,2.882,2.281,241.259,5.566,8349528.636
2961,5.545,3.565,2.805,240.098,4.504,6756017.400
2962,3.298,3.498,2.748,237.884,4.199,6298052.483
2963,5.950,5.109,3.994,237.786,3.662,5492420.956
2964,0.000,4.489,3.490,234.195,3.590,5385182.351
2965,0.000,2.773,2.131,231.445,2.750,4125701.301
2966,0.000,5.413,4.130,229.349,2.096,3143380.823
2967,0.876,6.579,4.948,228.269,1.585,2377245.516
2968,0.000,5.210,3.857,226.971,1.297,1946166.544
2969,0.000,4.001,2.922,226.009,0.962,1443567.487
2970,0.000,7.367,5.323,225.308,0.701,1051614.665
2971,0.000,12.160,8.618,224.811,0.497,745965.832
2972,2.335,11.801,8.099,225.698,0.338,507634.035
2973,0.772,12.191,8.145,225.609,0.484,726435.763
2974,13.079,9.848,6.380,231.674,0.415,622768.582
2975,3.693,7.597,4.927,231.805,1.700,2550143.622
2976,0.000,9.052,5.798,230.125,1.680,2519574.335
2977,0.000,9.177,5.739,228.864,1.261,1891419.023
2978,4.013,7.231,4.414,229.802,0.934,1401531.729
2979,6.628,9.017,5.451,231.772,1.092,1637309.377
2980,3.089,6.607,3.962,231.712,1.476,2213901.920
2981,0.641,6.704,3.980,230.589,1.414,2120368.281
2982,0.000,5.136,3.001,229.471,1.118,1676329.270
2983,0.000,5.082,2.929,228.649,0.823,1234129.860
2984,0.000,5.023,2.857,228.056,0.593,889287.727
2985,0.000,5.565,3.124,227.642,0.414,620384.197
2986,0.000,7.847,4.341,227.415,0.274,410712.703
2987,2.438,10.912,5.914,227.746,0.227,341122.170
2988,0.000,8.884,4.711,227.410,0.350,525093.996
2989,0.000,6.837,3.542,227.183,0.227,341115.266
2990,4.638,6.388,3.251,228.306,0.227,340774.151
2991,4.022,8.057,4.091,229.340,0.524,786034.994
2992,8.953,6.267,3.156,232.076,0.703,1053931.980
2993,10.614,5.959,3.037,234.946,1.256,1883615.785
2994,0.000,8.982,4.658,233.108,1.839,2757826.104
2995,0.000,11.376,5.762,231.723,1.385,2078053.861
2996,0.000,14.843,7.296,230.691,1.032,1547904.562
2997,1.607,15.323,7.241,230.513,0.756,1134461.086
2998,5.033,11.056,5.046,231.595,0.669,1003086.410
2999,0.000,9.816,4.435,230.737,0.858,1287280.725
3000,4.847,8.428,3.710,231.741,0.621,931392.988
3001,4.282,9.672,4.246,232.380,0.794,1190288.772
3002,0.000,13.045,5.679,231.494,0.886,1328377.179
3003,4.217,14.676,6.172,232.202,0.642,963666.062
3004,0.000,13.529,5.574,231.452,0.750,1124858.192
3005,0.000,11.466,4.557,230.915,0.537,805066.116
3006,1.257,11.341,4.373,230.913,0.370,555700.620
3007,5.478,8.822,3.322,232.126,0.322,482945.256
3008,0.000,9.399,3.554,231.578,0.548,822210.057
3009,0.000,11.505,4.243,231.198,0.380,569278.181
3010,10.409,10.858,3.885,233.408,0.248,372063.363
3011,0.000,8.514,3.128,232.640,0.768,1151953.383
3012,0.000,13.213,4.747,232.089,0.551,826571.337
3013,0.000,18.151,6.297,231.707,0.382,572845.293
3014,0.000,19.387,6.408,231.475,0.250,375010.859
3015,0.000,19.640,6.164,231.244,0.231,347213.247
3016,9.275,19.757,5.884,232.659,0.231,346866.033
3017,4.040,17.491,5.268,232.989,0.593,889675.362
3018,4.830,16.450,4.863,233.454,0.618,926718.197
3019,0.000,16.910,4.950,232.782,0.672,1008460.194
3020,8.534,14.149,3.959,234.116,0.477,714805.451
3021,2.839,13.763,3.950,234.012,0.722,1083328.780
3022,0.000,11.478,3.243,233.360,0.652,977306.739
3023,0.000,12.277,3.365,232.900,0.460,690720.922
3024,3.828,11.146,2.957,233.267,0.312,467255.563
3025,3.068,11.064,2.938,233.520,0.365,546867.835
3026,5.439,11.400,3.013,234.237,0.373,558969.114
3027,0.000,9.972,2.670,233.754,0.483,724220.782
3028,0.000,11.887,3.101,233.521,0.329,493641.192
3029,0.000,13.361,3.377,233.287,0.234,350281.270
3030,0.000,13.837,3.376,233.054,0.233,349930.989
3031,3.223,14.028,3.299,232.945,0.233,349581.058
3032,4.806,11.899,2.778,233.208,0.260,390062.021
3033,0.000,9.953,2.355,232.929,0.342,512707.438
3034,0.000,8.408,1.938,232.696,0.233,349393.771
3035,0.000,10.144,2.286,232.464,0.233,349044.377
3036,0.000,12.472,2.737,232.231,0.232,348695.333
3037,0.000,14.118,2.998,231.999,0.232,348346.638
3038,0.000,13.880,2.839,231.767,0.232,347998.291
3039,0.000,16.446,3.242,231.535,0.232,347650.293
3040,11.122,12.925,2.439,232.439,0.232,347302.642
3041,5.564,12.886,2.670,232.829,0.481,721598.219
3042,36.085,8.108,1.723,238.107,0.519,778604.698
3043,15.219,6.482,1.859,239.785,1.632,2448516.439
3044,6.334,7.722,2.416,239.336,1.954,2930475.104
3045,1.511,9.235,2.948,237.895,1.807,2710655.771
3046,0.000,9.407,2.958,236.452,1.442,2163593.612
3047,5.270,11.076,3.398,236.602,1.077,1616119.728
3048,3.755,10.140,3.128,236.419,1.063,1594091.587
3049,1.165,7.129,2.195,235.716,0.975,1462180.733
3050,6.837,8.011,2.439,236.523,0.773,1159026.631
3051,3.342,9.356,2.917,236.411,0.903,1354134.473
3052,1.372,8.533,2.652,235.904,0.831,1246107.244
3053,0.000,9.181,2.815,235.232,0.672,1007747.017
3054,0.000,6.922,2.072,234.756,0.477,715058.268
3055,1.611,3.732,1.097,234.750,0.325,486832.029
3056,0.000,2.804,0.825,234.516,0.285,427339.444
3057,0.000,4.380,1.280,234.281,0.235,351773.439
3058,0.000,3.619,1.045,234.047,0.234,351421.665
3059,1.215,4.637,1.327,233.813,0.234,351070.244
3060,1.561,2.293,0.654,233.579,0.234,350719.173
3061,0.000,2.009,0.576,233.345,0.234,350368.454
3062,0.000,4.232,1.207,233.112,0.233,350018.086
3063,0.000,6.412,1.808,232.879,0.233,349668.068
3064,0.000,8.327,2.309,232.646,0.233,349318.400
3065,0.000,10.351,2.808,232.413,0.233,348969.081
3066,1.020,9.493,2.506,232.181,0.232,348620.112
3067,7.029,7.890,2.048,232.881,0.232,348271.492
3068,4.443,7.683,2.066,233.350,0.437,655646.752
3069,2.893,8.373,2.284,233.456,0.492,738636.935
3070,0.000,9.216,2.514,232.988,0.468,702007.430
3071,0.000,6.018,1.602,232.755,0.317,476079.169
3072,0.221,6.591,1.727,232.522,0.233,349132.638
3073,0.000,5.951,1.536,232.290,0.233,348783.505
3074,0.000,9.805,2.491,232.058,0.232,348434.722
3075,2.687,8.093,2.004,231.879,0.232,348086.287
3076,0.000,4.871,1.208,231.648,0.244,365523.211
3077,2.906,4.415,1.081,231.505,0.232,347471.303
3078,1.578,8.186,2.032,231.273,0.251,376457.523
3079,5.040,3.760,0.926,231.532,0.231,346910.043
3080,2.876,1.509,0.384,231.748,0.339,508261.205
3081,0.000,6.497,1.687,231.480,0.338,507508.537
3082,14.019,3.225,0.823,233.509,0.231,347219.678
3083,0.000,0.000,0.000,232.780,0.729,1092801.486
3084,0.555,0.000,0.000,232.440,0.520,780525.228
3085,2.012,3.693,1.050,232.497,0.398,596460.835
3086,2.669,3.662,1.047,232.713,0.362,543505.190
3087,0.000,0.000,0.000,232.351,0.362,543210.612
3088,0.000,0.000,0.000,232.119,0.235,352131.355
3089,0.000,0.000,0.000,231.886,0.232,348177.770
3090,2.837,1.006,0.290,232.000,0.232,347829.592
3091,0.000,0.581,0.171,231.768,0.308,461500.689
3092,0.777,0.160,0.047,231.537,0.232,347652.549
3093,0.000,2.336,0.692,231.305,0.232,347304.896
3094,0.000,0.000,0.000,231.074,0.231,346957.591
3095,0.000,0.000,0.000,230.843,0.231,346610.634
3096,0.000,0.000,0.000,230.612,0.231,346264.023
3097,0.000,0.000,0.000,230.381,0.231,345917.759
3098,0.000,0.000,0.000,230.151,0.230,345571.841
3099,0.000,0.000,0.000,229.921,0.230,345226.270
3100,3.805,0.000,0.000,230.408,0.230,344881.043
3101,0.000,0.000,0.000,230.568,0.387,581060.022
3102,0.000,0.000,0.000,230.465,0.374,561491.618
3103,0.000,0.000,0.000,230.235,0.304,455303.422
3104,0.000,0.000,0.000,230.004,0.230,345352.048
3105,0.000,0.000,0.000,229.774,0.230,345006.696
3106,0.000,0.000,0.000,229.545,0.230,344661.689
3107,0.000,0.000,0.000,229.315,0.230,344317.027
3108,0.000,0.000,0.000,229.086,0.229,343972.710
3109,0.000,0.000,0.000,228.857,0.229,343628.737
3110,0.000,0.000,0.000,228.628,0.229,343285.109
3111,0.000,0.000,0.000,228.399,0.229,342941.824
3112,0.000,0.000,0.000,228.171,0.228,342598.882
3113,0.000,0.000,0.000,227.943,0.228,342256.283
3114,0.000,0.000,0.000,227.715,0.228,341914.027
3115,0.000,0.000,0.000,227.487,0.228,341572.113
3116,0.000,0.000,0.000,227.260,0.227,341230.540
3117,0.000,0.000,0.000,227.032,0.227,340889.310
3118,0.000,0.238,0.075,227.340,0.227,340548.421
3119,0.000,0.000,0.000,227.028,0.344,516654.611
3120,0.000,0.000,0.000,226.801,0.227,340542.664
3121,0.000,0.000,0.000,226.575,0.227,340202.122
3122,0.000,0.000,0.000,226.348,0.227,339861.920
3123,0.000,0.000,0.000,226.122,0.226,339522.058
3124,0.000,0.000,0.000,225.896,0.226,339182.536
3125,0.000,0.000,0.000,225.670,0.226,338843.353
3126,0.000,0.889,0.286,226.368,0.226,338504.510
3127,0.000,2.987,0.992,228.570,0.429,643218.969
3128,0.000,0.823,0.288,229.161,0.864,1296080.704
3129,0.000,1.759,0.632,229.198,0.945,1417449.801
3130,0.000,0.000,0.000,228.294,0.904,1356000.873
3131,0.000,0.000,0.000,227.638,0.656,984135.115
3132,0.000,0.000,0.000,227.175,0.463,694153.369
3133,0.000,0.000,0.000,226.949,0.312,468041.079
3134,0.000,0.000,0.000,226.722,0.227,340422.959
3135,0.000,0.000,0.000,226.495,0.227,340082.536
3136,0.000,0.000,0.000,226.268,0.226,339742.454
3137,0.000,0.000,0.000,226.042,0.226,339402.711
3138,0.000,0.000,0.000,225.816,0.226,339063.308
3139,0.000,0.000,0.000,225.590,0.226,338724.245
3140,0.000,0.000,0.000,225.365,0.226,338385.521
3141,0.000,0.000,0.000,225.139,0.225,338047.135
3142,0.000,0.000,0.000,224.914,0.225,337709.088
3143,0.000,0.000,0.000,224.689,0.225,337371.379
3144,0.000,0.000,0.000,224.465,0.225,337034.008
3145,0.000,0.000,0.000,224.240,0.224,336696.974
3146,0.000,0.000,0.000,224.016,0.224,336360.277
3147,0.000,0.000,0.000,223.792,0.224,336023.917
3148,0.000,0.000,0.000,223.568,0.224,335687.893
3149,0.000,0.000,0.000,223.345,0.224,335352.205
3150,0.000,0.000,0.000,223.121,0.223,335016.853
3151,0.000,0.000,0.000,222.898,0.223,334681.836
3152,0.000,0.000,0.000,222.675,0.223,334347.154
3153,0.000,0.000,0.000,222.453,0.223,334012.807
3154,0.000,0.000,0.000,222.230,0.222,333678.794
3155,2.777,0.000,0.000,222.761,0.222,333345.115
3156,0.000,0.000,0.000,222.373,0.388,581469.181
3157,0.000,0.000,0.000,222.151,0.252,378650.539
3158,0.208,0.000,0.000,221.929,0.222,333226.299
3159,0.000,0.000,0.000,221.754,0.222,332893.073
3160,0.000,0.000,0.000,221.532,0.232,348142.479
3161,0.000,0.000,0.000,221.311,0.222,332298.448
3162,0.000,0.000,0.000,221.089,0.221,331966.150
3163,0.000,0.000,0.000,220.868,0.221,331634.183
3164,0.000,0.000,0.000,220.647,0.221,331302.549
3165,0.000,0.000,0.000,220.427,0.221,330971.247
3166,0.000,0.000,0.000,220.206,0.220,330640.275
3167,0.000,0.000,0.000,219.986,0.220,330309.635
3168,0.576,0.000,0.000,220.139,0.220,329979.326
3169,1.220,1.825,0.697,222.373,0.302,452644.424
3170,0.000,0.000,0.000,221.613,0.760,1139549.597
3171,0.000,0.000,0.000,221.071,0.542,813267.136
3172,0.000,0.000,0.000,220.698,0.373,558842.397
3173,0.000,0.000,0.000,220.478,0.240,360466.607
3174,0.000,0.000,0.000,220.257,0.220,330716.515
3175,0.000,0.000,0.000,220.037,0.220,330385.799
3176,0.000,0.000,0.000,219.817,0.220,330055.413
3177,0.000,0.000,0.000,219.597,0.220,329725.357
3178,0.000,0.000,0.000,219.377,0.220,329395.632
3179,0.000,0.000,0.000,219.158,0.219,329066.236
3180,0.000,0.000,0.000,218.939,0.219,328737.170
3181,0.000,0.000,0.000,218.720,0.219,328408.433
3182,0.000,0.000,0.000,218.501,0.219,328080.025
3183,0.000,0.000,0.000,218.283,0.219,327751.945
3184,0.000,0.000,0.000,218.065,0.218,327424.193
3185,0.000,0.000,0.000,217.846,0.218,327096.768
3186,0.000,0.000,0.000,217.629,0.218,326769.672
3187,0.000,0.000,0.000,217.411,0.218,326442.902
3188,0.000,0.000,0.000,217.194,0.217,326116.459
3189,0.000,0.000,0.000,216.976,0.217,325790.343
3190,0.000,0.000,0.000,216.759,0.217,325464.552
3191,0.000,0.000,0.000,216.543,0.217,325139.088
3192,0.000,0.000,0.000,216.326,0.217,324813.949
3193,0.000,0.000,0.000,216.110,0.216,324489.135
3194,0.000,0.000,0.000,215.894,0.216,324164.646
3195,0.000,0.000,0.000,215.678,0.216,323840.481
3196,0.000,0.000,0.000,215.462,0.216,323516.640
3197,0.000,0.000,0.000,215.247,0.215,323193.124
3198,0.000,0.000,0.000,215.031,0.215,322869.931
3199,0.000,0.000,0.000,214.816,0.215,322547.061
3200,0.000,0.000,0.000,214.602,0.215,322224.514
3201,0.000,0.000,0.000,214.387,0.215,321902.289
3202,0.000,0.000,0.000,214.173,0.214,321580.387
3203,0.000,0.000,0.000,213.958,0.214,321258.806
3204,0.000,0.000,0.000,213.744,0.214,320937.548
3205,0.000,0.000,0.000,213.531,0.214,320616.610
3206,0.000,0.000,0.000,213.317,0.214,320295.993
3207,0.000,0.000,0.000,213.104,0.213,319975.698
3208,0.000,0.000,0.000,212.891,0.213,319655.722
3209,0.000,0.000,0.000,212.678,0.213,319336.066
3210,0.000,0.000,0.000,212.465,0.213,319016.730
3211,0.000,0.000,0.000,212.253,0.212,318697.713
3212,0.000,0.000,0.000,212.040,0.212,318379.016
3213,0.000,0.000,0.000,211.828,0.212,318060.637
3214,0.000,0.000,0.000,211.617,0.212,317742.576
3215,0.000,0.000,0.000,211.405,0.212,317424.833
3216,1.442,0.000,0.000,212.188,0.211,317107.409
3217,0.000,0.000,0.000,211.758,0.430,644849.499
3218,0.000,0.000,0.000,211.546,0.283,424534.685
3219,0.000,0.000,0.000,211.335,0.212,317319.481
3220,0.000,0.000,0.000,211.123,0.211,317002.162
3221,0.000,0.000,0.000,210.912,0.211,316685.160
3222,0.000,0.000,0.000,210.701,0.211,316368.474
3223,0.000,0.000,0.000,210.491,0.211,316052.106
3224,0.000,0.000,0.000,210.280,0.210,315736.054
3225,0.000,0.390,0.159,211.011,0.210,315420.318
3226,0.000,0.000,0.000,211.387,0.417,625601.467
3227,0.000,1.630,0.684,213.280,0.447,670943.085
3228,0.000,0.000,0.000,212.469,0.811,1216846.119
3229,0.000,0.000,0.000,211.888,0.580,870480.501
3230,0.000,0.000,0.000,211.488,0.400,600393.978
3231,0.000,0.000,0.000,211.277,0.260,389805.071
3232,0.000,0.000,0.000,211.066,0.211,316915.260
3233,0.000,0.000,0.000,210.854,0.211,316598.345
3234,0.000,0.000,0.000,210.644,0.211,316281.746
3235,0.000,0.000,0.000,210.433,0.211,315965.465
3236,0.000,0.000,0.000,210.223,0.210,315649.499
3237,0.000,0.000,0.000,210.012,0.210,315333.850
3238,0.000,0.000,0.000,209.802,0.210,315018.516
3239,0.000,0.000,0.000,209.593,0.210,314703.497
3240,0.000,0.000,0.000,209.383,0.210,314388.794
3241,0.000,0.000,0.000,209.174,0.209,314074.405
3242,0.000,0.000,0.000,208.964,0.209,313760.331
3243,0.000,0.000,0.000,208.755,0.209,313446.570
3244,0.000,0.000,0.000,208.547,0.209,313133.124
3245,0.000,0.000,0.000,208.338,0.209,312819.991
3246,0.000,0.000,0.000,208.130,0.208,312507.171
3247,0.000,0.000,0.000,207.922,0.208,312194.663
3248,0.000,0.000,0.000,207.714,0.208,311882.469
3249,0.000,0.000,0.000,207.506,0.208,311570.586
3250,0.000,0.000,0.000,207.299,0.208,311259.016
3251,0.000,0.000,0.000,207.091,0.207,310947.757
3252,0.000,0.000,0.000,206.884,0.207,310636.809
3253,0.000,0.000,0.000,206.677,0.207,310326.172
3254,0.000,0.000,0.000,206.471,0.207,310015.846
3255,0.000,0.000,0.000,206.264,0.206,309705.830
3256,0.000,0.000,0.000,206.058,0.206,309396.124
3257,0.000,0.000,0.000,205.852,0.206,309086.728
3258,1.128,0.000,0.000,206.049,0.206,308777.641
3259,2.417,0.000,0.000,206.741,0.294,441653.485
3260,0.000,0.000,0.000,206.338,0.403,604884.517
3261,0.000,0.000,0.000,206.132,0.261,391604.629
3262,0.000,0.000,0.000,205.926,0.206,309197.757
3263,0.000,0.000,0.000,205.720,0.206,308888.560
3264,0.000,0.000,0.000,205.514,0.206,308579.671
3265,0.000,0.000,0.000,205.309,0.206,308271.091
3266,0.000,0.000,0.000,205.103,0.205,307962.820
3267,0.000,0.000,0.000,204.898,0.205,307654.857
3268,0.000,0.000,0.000,204.693,0.205,307347.203
3269,0.000,0.000,0.000,204.489,0.205,307039.855
3270,0.000,0.000,0.000,204.938,0.204,306732.816
3271,0.000,0.179,0.080,205.951,0.348,522148.719
3272,0.000,0.000,0.000,205.434,0.517,775733.035
3273,0.000,0.000,0.000,205.084,0.350,524434.797
3274,0.000,0.000,0.000,204.879,0.219,328502.809
3275,0.000,0.000,0.000,204.674,0.205,307318.496
3276,0.000,0.000,0.000,204.469,0.205,307011.178
3277,0.000,0.000,0.000,204.265,0.204,306704.167
3278,0.000,0.000,0.000,204.061,0.204,306397.462
3279,0.000,0.000,0.000,203.857,0.204,306091.065
3280,0.000,0.000,0.000,203.653,0.204,305784.974
3281,0.000,0.000,0.000,203.449,0.204,305479.189
3282,0.000,0.000,0.000,203.246,0.203,305173.710
3283,0.000,0.916,0.416,204.563,0.203,304868.536
3284,0.000,3.319,1.537,207.974,0.537,806187.464
3285,0.000,1.111,0.531,208.976,1.234,1850954.521
3286,0.000,2.831,1.378,211.314,1.400,2100406.975
3287,0.473,2.656,1.327,213.319,1.861,2791066.744
3288,0.000,1.474,0.755,213.795,2.248,3371823.044
3289,9.156,1.131,0.590,217.599,2.299,3448016.731
3290,0.000,1.486,0.808,217.421,3.082,4622619.349
3291,1.420,0.612,0.338,217.137,2.989,4483425.735
3292,0.000,1.240,0.696,217.021,2.873,4309191.400
3293,3.862,0.827,0.470,218.289,2.794,4190325.132
3294,9.057,1.607,0.934,222.523,3.019,4528327.676
3295,2.885,1.981,1.194,223.699,3.897,5845254.942
3296,1.040,0.562,0.345,222.379,4.102,6153028.883
3297,0.000,0.667,0.415,221.055,3.758,5637171.476
3298,0.000,2.344,1.473,221.945,3.414,5120435.913
3299,0.000,2.496,1.589,222.919,3.556,5333928.194
3300,0.000,2.395,1.544,223.677,3.717,5575397.752
3301,0.000,3.377,2.205,225.501,3.830,5745720.476
3302,1.536,2.176,1.440,226.440,4.179,6267895.926
3303,6.787,0.289,0.194,227.775,4.332,6498241.467
3304,9.520,4.633,3.171,235.627,4.573,6858987.329
3305,6.728,8.596,6.066,234.282,6.247,9370613.739
3306,3.148,8.564,6.001,230.072,5.898,8847548.929
3307,0.000,7.582,5.223,225.153,4.919,7378872.161
3308,0.000,7.558,5.104,221.369,3.784,5676240.234
3309,0.000,8.163,5.404,218.470,2.899,4348266.612
3310,0.000,1.747,1.132,216.262,2.208,3312526.387
3311,0.000,0.000,0.000,214.592,1.670,2504728.134
3312,0.000,0.628,0.405,213.342,1.250,1874724.538
3313,0.484,0.402,0.259,212.658,0.922,1383400.697
3314,0.000,1.034,0.666,211.939,0.719,1078852.184
3315,5.367,3.015,1.936,214.066,0.509,762777.951
3316,0.000,5.273,3.397,213.142,0.924,1386096.949
3317,7.903,2.219,1.410,216.313,0.668,1002586.243
3318,0.000,0.000,0.000,214.999,1.314,1970611.430
3319,0.000,0.000,0.000,214.027,0.972,1458664.597
3320,0.000,0.000,0.000,213.321,0.706,1059424.481
3321,0.000,0.000,0.000,212.822,0.499,748095.524
3322,0.000,0.000,0.000,213.181,0.337,505337.193
3323,0.000,1.345,0.867,212.817,0.364,545908.886
3324,0.000,1.353,0.869,212.605,0.232,347787.892
3325,0.000,4.352,2.784,212.392,0.213,318907.129
3326,0.000,5.285,3.342,212.180,0.212,318588.222
3327,0.000,5.273,3.289,211.968,0.212,318269.634
3328,0.000,4.750,2.922,211.756,0.212,317951.364
3329,0.000,6.123,3.721,211.544,0.212,317633.413
3330,0.000,8.713,5.210,211.332,0.212,317315.780
3331,0.000,9.707,5.673,211.121,0.211,316998.464
3332,0.000,11.060,6.300,210.910,0.211,316681.465
3333,0.000,11.758,6.505,210.699,0.211,316364.784
3334,0.000,8.174,4.384,210.488,0.211,316048.419
3335,0.000,6.474,3.398,210.278,0.210,315732.371
3336,1.186,5.628,2.904,210.084,0.210,315416.638
3337,7.967,5.659,2.888,212.539,0.214,320658.447
3338,0.129,4.450,2.294,211.794,0.796,1194221.140
3339,2.644,8.927,4.551,212.242,0.580,869402.890
3340,4.893,7.215,3.623,213.490,0.626,938579.334
3341,0.000,8.728,4.369,212.643,0.848,1271743.659
3342,0.000,9.013,4.409,212.034,0.609,913315.154
3343,1.448,8.455,4.039,212.138,0.423,633819.565
3344,0.000,5.663,2.659,211.745,0.393,589882.866
3345,2.337,2.098,0.971,212.060,0.254,381699.434
3346,0.000,1.404,0.652,211.772,0.327,490939.125
3347,4.082,4.333,2.004,212.549,0.212,317658.134
3348,8.772,2.332,1.082,215.222,0.429,643582.882
3349,4.737,2.734,1.301,215.976,0.965,1447509.605
3350,2.147,2.020,0.971,215.684,1.079,1618006.320
3351,3.913,3.904,1.880,216.158,0.962,1443407.622
3352,4.068,4.793,2.315,216.642,1.015,1521765.554
3353,1.231,6.505,3.147,216.027,1.069,1603395.689
3354,4.556,4.185,1.998,216.804,0.882,1322558.133
3355,5.217,5.912,2.837,217.712,1.001,1501115.833
3356,1.102,8.167,3.929,216.967,1.149,1722896.336
3357,5.274,10.573,4.998,217.935,0.933,1399529.879
3358,6.782,8.896,4.167,219.262,1.094,1641135.069
3359,0.042,6.852,3.214,217.943,1.334,2001627.324
3360,0.000,8.592,3.958,216.950,0.992,1488721.976
3361,15.200,5.889,2.652,221.443,0.723,1083810.482
3362,2.592,5.671,2.662,220.711,1.660,2489256.209
3363,1.436,7.316,3.416,219.775,1.447,2170462.590
3364,6.558,6.805,3.133,220.887,1.190,1784446.688
3365,0.000,6.532,3.027,219.504,1.383,2074061.093
3366,0.000,5.542,2.524,218.477,1.027,1540761.184
3367,0.000,8.654,3.885,217.727,0.750,1124864.261
3368,0.000,10.393,4.560,217.193,0.534,800541.591
3369,0.000,12.410,5.298,216.828,0.365,547646.761
3370,1.137,12.718,5.254,216.611,0.234,350465.569
3371,0.000,8.638,3.468,216.395,0.217,324916.963
3372,2.857,5.058,1.985,216.581,0.216,324592.046
3373,1.317,4.477,1.757,216.623,0.305,457246.238
3374,0.000,5.569,2.174,216.406,0.273,409557.643
3375,0.000,6.712,2.582,216.190,0.216,324609.497
3376,5.223,8.580,3.243,217.025,0.216,324284.888
3377,7.276,8.927,3.385,218.676,0.447,670900.807
3378,0.000,8.241,3.163,217.917,0.759,1138943.484
3379,0.000,8.287,3.113,217.376,0.541,811575.167
3380,0.000,10.986,4.038,217.005,0.371,556304.681
3381,3.552,9.364,3.343,217.378,0.238,357270.426
3382,7.953,10.226,3.631,219.177,0.346,519678.219
3383,6.838,11.513,4.153,220.361,0.691,1037008.390
3384,0.000,7.028,2.550,219.460,0.901,1351126.615
3385,0.000,7.601,2.707,218.809,0.652,977421.833
3386,0.000,9.512,3.321,218.352,0.457,686008.560
3387,0.000,12.515,4.262,218.134,0.306,458782.588
3388,0.000,14.477,4.769,217.915,0.218,327200.334
3389,0.000,15.549,4.929,217.698,0.218,326873.133
3390,0.000,14.465,4.400,217.480,0.218,326546.260
3391,0.000,14.223,4.164,217.262,0.217,326219.714
3392,0.000,16.166,4.557,217.045,0.217,325893.494
3393,8.028,15.307,4.134,218.021,0.217,325567.601
3394,12.975,13.943,3.847,220.256,0.479,719010.888
3395,5.220,14.972,4.381,220.495,0.920,1379911.712
3396,0.000,16.080,4.691,219.573,0.921,1382133.560
3397,0.000,17.090,4.778,218.906,0.668,1001620.299
3398,0.000,17.394,4.646,218.436,0.470,704896.400
3399,0.000,17.519,4.468,218.218,0.316,473528.126
3400,0.000,18.611,4.530,217.999,0.218,327326.436
3401,0.000,18.743,4.341,217.781,0.218,326999.110
3402,0.000,16.711,3.682,217.564,0.218,326672.111
3403,0.000,11.482,2.420,217.346,0.218,326345.438
3404,0.000,12.687,2.594,217.129,0.217,326019.093
3405,0.000,9.855,1.948,216.912,0.217,325693.074
3406,4.901,7.558,1.456,216.958,0.217,325367.381
3407,2.281,8.108,1.620,216.841,0.275,411927.399
3408,9.484,10.175,2.041,217.690,0.239,358012.514
3409,12.683,10.284,2.223,219.312,0.451,676508.064
3410,1.640,9.879,2.351,218.851,0.757,1135380.958
3411,13.718,6.505,1.531,220.691,0.604,906556.402
3412,0.316,3.299,0.860,219.795,0.958,1437243.096
3413,0.000,4.466,1.157,219.085,0.710,1065228.734
3414,2.052,5.542,1.420,218.980,0.503,754520.668
3415,1.149,5.308,1.363,218.775,0.429,643667.608
3416,0.000,6.895,1.763,218.485,0.333,499634.691
3417,7.119,5.472,1.374,219.170,0.218,327727.068
3418,5.473,5.924,1.555,219.841,0.417,625619.057
3419,3.328,6.377,1.721,220.008,0.514,771096.085
3420,8.755,6.068,1.652,221.315,0.500,750008.744
3421,12.898,5.643,1.614,223.376,0.737,1105267.194
3422,2.702,6.474,1.995,222.868,1.140,1709563.936
3423,0.000,8.131,2.507,221.891,0.977,1466157.839
3424,0.000,9.972,3.009,221.179,0.712,1067858.432
3425,0.000,10.553,3.102,220.674,0.505,757260.640
3426,0.000,11.415,3.263,220.344,0.343,515070.031
3427,0.212,6.053,1.679,220.123,0.220,330515.263
3428,0.000,5.195,1.421,219.903,0.220,330184.747
3429,0.000,5.983,1.614,219.683,0.220,329854.563
3430,0.000,6.821,1.811,219.463,0.220,329524.708
3431,0.000,8.444,2.202,219.244,0.219,329195.183
3432,3.052,7.757,1.979,219.165,0.219,328865.988
3433,3.056,6.946,1.781,219.198,0.250,374692.068
3434,11.922,5.401,1.394,221.058,0.275,411822.648
3435,3.529,2.632,0.736,221.130,0.676,1014490.175
3436,0.000,0.105,0.030,220.488,0.641,962202.618
3437,0.000,1.092,0.311,220.038,0.450,674703.659
3438,1.888,5.920,1.681,220.061,0.300,450530.285
3439,5.154,3.931,1.114,220.688,0.273,409749.558
3440,0.133,3.526,1.026,220.312,0.406,609225.335
3441,14.661,4.247,1.226,223.038,0.273,409286.205
3442,11.679,3.319,1.046,224.965,0.868,1302500.433
3443,0.000,3.081,1.034,223.723,1.242,1862723.241
3444,0.780,3.693,1.230,223.002,0.918,1377474.713
3445,0.000,4.828,1.599,222.292,0.709,1064151.064
3446,1.684,3.112,1.018,222.207,0.503,754739.238
3447,3.562,2.250,0.737,222.659,0.434,651483.684
3448,0.000,3.179,1.058,222.176,0.484,725554.766
3449,0.000,2.742,0.905,221.924,0.327,490859.795
3450,0.000,3.799,1.245,221.702,0.222,332886.525
3451,0.000,2.621,0.850,221.481,0.222,332553.639
3452,0.000,2.274,0.733,221.259,0.221,332221.085
3453,10.396,1.412,0.452,223.116,0.221,331888.864
3454,5.094,1.248,0.424,223.752,0.678,1017395.486
3455,12.611,2.956,1.030,226.323,0.768,1152070.780
3456,3.764,2.203,0.815,226.097,1.283,1925107.148
3457,3.246,2.983,1.118,225.838,1.184,1775734.300
3458,0.242,0.749,0.283,224.831,1.077,1615279.335
3459,0.000,0.000,0.000,224.026,0.805,1207916.805
3460,0.000,0.000,0.000,223.447,0.578,867336.404
3461,0.000,0.000,0.000,223.046,0.401,601758.530
3462,0.000,0.000,0.000,222.823,0.263,394682.552
3463,0.000,0.000,0.000,222.601,0.223,334235.116
3464,0.000,0.000,0.000,222.378,0.223,333900.881
3465,0.000,0.000,0.000,222.156,0.222,333566.980
3466,0.000,0.000,0.000,221.933,0.222,333233.413
3467,1.184,0.000,0.000,221.712,0.222,332900.180
3468,0.000,0.000,0.000,221.490,0.222,332567.280
3469,0.000,0.000,0.000,221.268,0.221,332234.712
3470,0.000,0.000,0.000,221.047,0.221,331902.478
3471,4.636,0.000,0.000,222.213,0.221,331570.575
3472,0.000,0.000,0.000,221.687,0.526,788883.421
3473,1.065,0.000,0.000,221.979,0.360,540045.410
3474,0.000,0.000,0.000,221.605,0.374,561352.415
3475,0.000,0.000,0.000,221.384,0.242,362721.718
3476,0.000,0.000,0.000,221.162,0.221,332075.408
3477,0.000,0.000,0.000,220.941,0.221,331743.332
3478,0.000,0.000,0.000,220.720,0.221,331411.589
3479,0.000,0.000,0.000,220.499,0.221,331080.177
3480,0.000,0.000,0.000,220.279,0.220,330749.097
3481,0.000,0.000,0.000,220.059,0.220,330418.348
3482,0.000,0.000,0.000,219.839,0.220,330087.930
3483,0.000,0.000,0.000,219.619,0.220,329757.842
3484,0.000,0.000,0.000,219.399,0.220,329428.084
3485,0.000,0.000,0.000,219.180,0.219,329098.656
3486,7.747,0.000,0.000,221.600,0.219,328769.557
3487,0.000,0.000,0.000,220.800,0.800,1199467.577
3488,0.000,0.000,0.000,220.227,0.573,859688.242
3489,0.000,0.000,0.000,219.831,0.396,594736.258
3490,0.000,0.000,0.000,219.611,0.259,388149.531
3491,0.000,0.000,0.000,219.391,0.220,329416.629
3492,0.000,0.000,0.000,219.172,0.219,329087.212
3493,0.000,0.000,0.000,218.953,0.219,328758.125
3494,0.000,0.000,0.000,218.734,0.219,328429.367
3495,0.000,0.000,0.000,218.515,0.219,328100.938
3496,0.000,0.000,0.000,218.297,0.219,327772.837
3497,0.000,0.000,0.000,218.078,0.218,327445.064
3498,0.000,0.000,0.000,217.860,0.218,327117.619
3499,0.000,0.000,0.000,217.642,0.218,326790.501
3500,0.000,0.000,0.000,217.425,0.218,326463.711
3501,0.000,0.000,0.000,217.207,0.217,326137.247
3502,0.000,0.000,0.000,216.990,0.217,325811.110
3503,0.000,0.000,0.000,216.773,0.217,325485.299
3504,0.000,0.000,0.000,216.556,0.217,325159.813
3505,0.000,0.000,0.000,216.340,0.217,324834.653
3506,0.000,0.000,0.000,216.124,0.216,324509.819
3507,12.184,0.000,0.000,219.806,0.216,324185.309
3508,0.000,0.000,0.000,218.733,1.074,1610541.870
3509,0.000,0.000,0.000,217.947,0.786,1179323.245
3510,0.000,0.000,0.000,217.385,0.562,843049.616
3511,0.000,0.000,0.000,216.997,0.387,580833.009
3512,0.000,0.000,0.000,216.780,0.251,376380.801
3513,0.000,0.000,0.000,216.564,0.217,325170.661
3514,0.000,0.000,0.000,216.347,0.217,324845.490
3515,0.000,0.000,0.000,216.131,0.216,324520.645
3516,0.000,0.000,0.000,215.915,0.216,324196.124
3517,0.000,0.000,0.000,215.699,0.216,323871.928
3518,0.000,0.000,0.000,215.483,0.216,323548.056
3519,0.000,0.000,0.000,215.268,0.215,323224.508
3520,0.000,0.000,0.000,215.052,0.215,322901.284
3521,0.000,0.000,0.000,215.244,0.215,322578.382
3522,0.000,0.000,0.000,215.127,0.304,456556.614
3523,0.000,0.000,0.000,214.912,0.236,354709.993
3524,0.000,0.000,0.000,214.697,0.215,322367.672
3525,0.000,0.000,0.000,214.482,0.215,322045.304
3526,3.209,0.000,0.000,215.530,0.214,321723.259
3527,0.000,0.000,0.000,215.038,0.492,737996.742
3528,0.000,0.000,0.000,214.739,0.332,498199.395
3529,0.000,0.000,0.000,214.524,0.215,322108.379
3530,0.000,0.000,0.000,214.310,0.215,321786.270
3531,0.000,0.000,0.000,214.095,0.214,321464.484
3532,0.000,0.000,0.000,213.881,0.214,321143.019
3533,0.000,0.000,0.000,213.667,0.214,320821.876
3534,0.000,0.000,0.000,213.454,0.214,320501.055
3535,0.000,0.000,0.000,213.240,0.213,320180.554
3536,0.000,0.000,0.000,213.027,0.213,319860.373
3537,0.000,0.000,0.000,212.814,0.213,319540.513
3538,0.000,0.000,0.000,212.601,0.213,319220.972
3539,0.000,0.000,0.000,212.389,0.213,318901.751
3540,0.000,0.000,0.000,212.176,0.212,318582.849
3541,0.000,0.000,0.000,211.964,0.212,318264.267
3542,0.000,0.000,0.000,211.752,0.212,317946.002
3543,0.000,0.000,0.000,211.540,0.212,317628.056
3544,0.000,0.000,0.000,211.329,0.212,317310.428
3545,0.000,0.000,0.000,211.117,0.211,316993.118
3546,0.000,0.000,0.000,210.906,0.211,316676.125
3547,0.000,0.000,0.000,210.695,0.211,316359.449
3548,0.000,0.000,0.000,210.485,0.211,316043.089
3549,0.000,0.000,0.000,210.274,0.210,315727.046
3550,0.000,0.000,0.000,210.064,0.210,315411.319
3551,0.000,0.000,0.000,209.854,0.210,315095.908
3552,0.000,0.000,0.000,209.644,0.210,314780.812
3553,0.000,0.000,0.000,209.434,0.210,314466.031
3554,0.000,0.000,0.000,209.225,0.209,314151.565
3555,0.000,0.000,0.000,209.016,0.209,313837.413
3556,0.000,0.000,0.000,208.807,0.209,313523.576
3557,0.000,0.000,0.000,208.598,0.209,313210.052
3558,0.000,0.000,0.000,208.389,0.209,312896.842
3559,4.457,0.000,0.000,209.340,0.208,312583.945
3560,2.324,0.000,0.000,210.398,0.463,694621.306
3561,0.000,0.000,0.000,209.755,0.643,964338.115
3562,0.000,0.000,0.000,209.306,0.449,672825.595
3563,0.000,0.000,0.000,209.097,0.297,445525.188
3564,0.000,0.000,0.000,208.888,0.209,313645.859
3565,0.000,0.000,0.000,208.679,0.209,313332.213
3566,0.000,0.000,0.000,208.471,0.209,313018.881
3567,0.000,0.000,0.000,208.262,0.208,312705.862
3568,0.000,0.000,0.000,208.054,0.208,312393.156
3569,0.000,0.000,0.000,207.846,0.208,312080.763
3570,0.000,0.000,0.000,207.638,0.208,311768.682
3571,0.000,0.000,0.000,207.430,0.208,311456.914
3572,0.000,0.000,0.000,207.223,0.207,311145.457
3573,3.523,0.000,0.000,207.891,0.207,310834.311
3574,0.000,0.000,0.000,207.491,0.400,599366.354
3575,0.000,0.000,0.000,207.284,0.258,387685.398
3576,0.000,0.000,0.000,207.077,0.207,310926.145
3577,0.000,0.000,0.000,206.870,0.207,310615.219
3578,0.000,0.000,0.000,206.663,0.207,310304.603
3579,0.000,0.000,0.000,206.456,0.207,309994.299
3580,0.000,0.000,0.000,206.250,0.206,309684.304
3581,0.000,0.000,0.000,206.043,0.206,309374.620
3582,0.000,0.000,0.000,205.837,0.206,309065.246
3583,0.000,0.000,0.000,205.632,0.206,308756.180
3584,0.000,0.000,0.000,205.426,0.206,308447.424
3585,0.000,0.000,0.000,205.221,0.205,308138.977
3586,0.000,0.000,0.000,205.015,0.205,307830.838
3587,0.000,0.000,0.000,204.810,0.205,307523.007
3588,0.000,0.000,0.000,204.606,0.205,307215.484
3589,0.000,0.000,0.000,204.401,0.205,306908.268
3590,0.000,0.000,0.000,204.197,0.204,306601.360
3591,0.000,0.000,0.000,203.992,0.204,306294.759
3592,0.000,0.000,0.000,203.788,0.204,305988.464
3593,0.000,0.000,0.000,203.585,0.204,305682.476
3594,0.000,0.000,0.000,203.381,0.204,305376.793
3595,0.000,0.000,0.000,203.178,0.203,305071.416
3596,0.000,0.000,0.000,202.974,0.203,304766.345
3597,0.000,0.000,0.000,202.771,0.203,304461.579
3598,0.000,0.000,0.000,202.569,0.203,304157.117
3599,0.000,0.000,0.000,202.366,0.203,303852.960
3600,0.000,0.000,0.000,202.164,0.202,303549.107
3601,0.000,0.000,0.000,201.962,0.202,303245.558
3602,0.000,0.000,0.000,201.760,0.202,302942.312
3603,0.000,0.000,0.000,201.558,0.202,302639.370
3604,0.000,0.000,0.000,201.356,0.202,302336.731
3605,0.000,0.000,0.000,201.155,0.201,302034.394
3606,0.000,0.000,0.000,200.954,0.201,301732.359
3607,0.000,0.000,0.000,200.753,0.201,301430.627
3608,0.000,0.000,0.000,200.552,0.201,301129.196
3609,0.000,0.000,0.000,200.351,0.201,300828.067
3610,0.000,0.000,0.000,200.151,0.200,300527.239
3611,0.000,0.000,0.000,199.951,0.200,300226.712
3612,0.000,0.000,0.000,199.751,0.200,299926.485
3613,0.000,0.000,0.000,199.551,0.200,299626.559
3614,0.000,0.000,0.000,199.352,0.200,299326.932
3615,0.000,0.000,0.000,199.152,0.199,299027.605
3616,0.000,0.000,0.000,198.953,0.199,298728.578
3617,0.000,0.000,0.000,198.754,0.199,298429.849
3618,0.000,0.000,0.000,198.556,0.199,298131.419
3619,0.000,0.000,0.000,198.357,0.199,297833.288
3620,0.000,0.000,0.000,198.159,0.198,297535.454
3621,0.000,0.000,0.000,197.960,0.198,297237.919
3622,0.000,0.000,0.000,198.615,0.198,296940.681
3623,0.000,0.000,0.000,199.247,0.385,578114.049
3624,0.000,0.000,0.000,200.087,0.469,703827.326
3625,0.000,1.065,0.524,201.752,0.599,898116.554
3626,0.000,0.955,0.478,203.049,0.910,1364759.017
3627,0.000,0.772,0.393,203.989,1.140,1710233.661
3628,0.000,0.000,0.000,202.992,1.292,1937848.692
3629,0.000,0.000,0.000,201.975,1.018,1526604.089
3630,0.000,0.000,0.000,201.236,0.739,1108387.088
3631,0.000,0.000,0.000,200.735,0.522,782260.190
3632,0.000,0.000,0.000,200.379,0.357,534945.955
3633,0.000,1.400,0.725,202.495,0.223,335140.588
3634,0.000,1.275,0.671,204.400,0.710,1064612.086
3635,1.106,1.689,0.903,206.822,1.074,1611445.945
3636,0.000,0.000,0.000,205.269,1.552,2328483.684
3637,0.000,0.000,0.000,204.113,1.156,1734314.968
3638,0.000,0.000,0.000,203.266,0.847,1270945.271
3639,0.000,0.000,0.000,202.660,0.606,909598.728
3640,0.000,0.000,0.000,202.241,0.419,627830.163
3641,0.000,0.000,0.000,202.039,0.272,408132.339
3642,2.086,0.484,0.264,204.213,0.202,303058.569
3643,0.000,0.000,0.000,203.962,0.724,1086727.812
3644,0.000,0.000,0.000,203.347,0.615,922318.305
3645,0.000,0.000,0.000,202.921,0.425,637968.256
3646,0.000,0.000,0.000,202.719,0.278,416256.658
3647,0.000,0.000,0.000,203.426,0.203,304078.100
3648,3.977,0.425,0.239,206.686,0.403,603970.633
3649,0.000,0.000,0.000,205.621,1.066,1598692.085
3650,0.000,0.000,0.000,204.843,0.777,1165762.635
3651,0.000,0.000,0.000,204.291,0.552,828158.882
3652,0.000,0.000,0.000,203.915,0.377,564909.090
3653,0.000,0.000,0.000,203.711,0.240,359655.308
3654,0.000,0.000,0.000,203.507,0.204,305566.402
3655,0.000,0.000,0.000,203.304,0.204,305260.836
3656,0.000,0.000,0.000,203.851,0.203,304955.575
3657,0.000,0.382,0.221,205.458,0.368,552354.841
3658,0.000,1.088,0.636,207.509,0.668,1001657.980
3659,0.000,0.285,0.169,208.363,1.065,1597339.984
3660,4.395,0.000,0.000,209.796,1.199,1798362.333
3661,0.000,0.721,0.437,210.763,1.460,2190114.417
3662,5.297,1.287,0.788,214.680,1.619,2428599.271
3663,1.655,2.523,1.580,217.532,2.427,3640487.014
3664,1.265,4.052,2.582,221.419,3.001,4501056.731
3665,1.115,0.000,0.000,219.088,3.802,5703067.977
3666,0.000,0.000,0.000,215.853,3.236,4853621.475
3667,0.000,0.000,0.000,213.382,2.470,3705445.282
3668,0.000,0.000,0.000,211.509,1.873,2809948.230
3669,0.000,0.000,0.000,210.101,1.408,2111540.830
3670,0.000,0.000,0.000,209.057,1.045,1566863.276
3671,0.000,0.000,0.000,208.991,0.761,1142094.922
3672,0.000,0.000,0.000,208.396,0.694,1040584.075
3673,0.000,0.000,0.000,208.478,0.509,764245.520
3674,0.000,0.000,0.000,208.627,0.474,711300.530
3675,0.000,0.476,0.313,210.530,0.454,680909.075
3676,3.673,1.435,0.952,215.067,0.820,1229315.975
3677,0.000,0.000,0.000,213.302,1.764,2646711.022
3678,0.000,0.000,0.000,211.979,1.323,1984934.895
3679,0.000,0.000,0.000,211.000,0.979,1468829.016
3680,0.000,0.000,0.000,210.289,0.711,1066345.850
3681,5.460,0.000,0.000,213.500,0.502,752488.321
3682,2.464,3.163,2.163,219.302,1.155,1732905.515
3683,0.000,2.496,1.734,221.871,2.379,3568588.032
3684,2.376,5.546,3.890,229.001,2.891,4337221.710
3685,0.000,3.853,2.751,231.378,4.408,6611405.078
3686,1.987,3.818,2.754,234.410,4.878,7316925.552
3687,2.728,4.930,3.603,238.771,5.492,8238413.258
3688,0.000,2.496,1.851,237.658,6.399,9599118.679
3689,2.223,0.815,0.609,235.952,6.102,9153151.461
3690,4.705,4.005,3.021,240.369,5.674,8511417.358
3691,0.995,2.504,1.917,239.828,6.594,9890778.404
3692,0.000,0.000,0.000,235.502,6.423,9633755.305
3693,0.000,1.821,1.412,234.695,5.419,8127872.838
3694,0.000,2.188,1.707,234.647,5.189,7783402.578
3695,2.598,2.297,1.802,236.404,5.126,7689355.842
3696,0.000,6.053,4.793,241.534,5.461,8191165.589
3697,0.000,3.288,2.621,241.790,6.537,9805784.116
3698,0.000,0.000,0.000,235.414,6.542,9812557.871
3699,0.000,0.554,0.444,230.327,5.087,7630450.249
3700,0.000,5.460,4.372,226.411,3.916,5873982.243
3701,0.000,7.496,5.917,223.408,3.003,4504014.967
3702,0.216,1.209,0.936,221.246,2.290,3435518.183
3703,6.092,2.024,1.562,223.084,1.763,2644491.371
3704,13.489,3.120,2.415,228.968,2.116,3173767.632
3705,3.998,4.068,3.182,228.005,3.359,5038067.259
3706,7.101,3.323,2.585,229.143,3.095,4642908.425
3707,0.000,6.103,4.753,225.849,3.294,4941019.461
3708,3.256,7.722,5.918,225.242,2.518,3776846.207
3709,4.625,5.756,4.343,225.582,2.333,3499722.806
3710,0.000,7.632,5.711,223.225,2.356,3534728.776
3711,0.000,11.821,8.670,221.438,1.787,2680170.688
3712,3.353,12.219,8.686,221.920,1.342,2013692.297
3713,7.833,11.634,8.054,224.672,1.397,2095931.892
3714,0.000,8.716,5.935,222.721,1.952,2927362.421
3715,0.000,9.500,6.322,221.249,1.471,2206732.141
3716,0.000,7.812,5.070,220.153,1.096,1644717.133
3717,0.000,4.532,2.881,219.349,0.804,1206421.960
3718,0.000,5.304,3.333,218.772,0.576,864628.184
3719,0.905,5.292,3.279,218.802,0.399,598105.418
3720,0.000,5.234,3.205,218.448,0.354,531683.764
3721,0.000,10.323,6.236,218.229,0.226,338561.304
3722,0.000,12.246,7.198,218.011,0.218,327343.658
3723,0.000,11.365,6.467,217.793,0.218,327016.314
3724,0.000,11.739,6.483,217.575,0.218,326689.298
3725,6.188,12.371,6.623,219.436,0.218,326362.608
3726,0.000,10.756,5.676,218.761,0.675,1011887.291
3727,0.000,13.759,7.057,218.286,0.475,712849.025
3728,0.000,14.098,6.972,218.055,0.320,479675.600
3729,0.000,14.808,7.055,217.837,0.218,327082.091
3730,0.000,16.903,7.742,217.619,0.218,326755.008
3731,0.000,16.618,7.277,217.401,0.218,326428.253
3732,0.000,13.256,5.554,217.184,0.217,326101.825
3733,0.000,16.641,6.732,216.967,0.217,325775.723
3734,0.000,16.782,6.495,216.750,0.217,325449.948
3735,0.000,9.411,3.483,216.533,0.217,325124.498
3736,3.420,8.131,2.936,216.805,0.217,324799.373
3737,3.225,8.794,3.165,217.364,0.324,485757.356
3738,0.000,10.526,3.765,216.968,0.396,593290.128
3739,0.000,13.338,4.641,216.751,0.257,386077.996
3740,1.542,13.962,4.689,216.535,0.217,325126.929
3741,6.265,12.301,4.018,217.422,0.217,324801.803
3742,7.863,12.106,3.976,218.924,0.459,688885.256
3743,3.136,12.488,4.164,218.980,0.739,1107850.445
3744,0.000,11.680,3.840,218.280,0.700,1049533.807
3745,0.000,12.180,3.882,217.786,0.495,742025.285
3746,0.000,8.171,2.522,217.484,0.335,502245.249
3747,2.743,8.408,2.540,217.445,0.217,326226.114
3748,7.079,9.337,2.810,218.534,0.257,384893.321
3749,0.000,9.641,2.968,218.030,0.505,756830.041
3750,9.102,8.475,2.544,219.760,0.343,513861.861
3751,0.000,12.071,3.764,219.088,0.672,1008522.582
3752,0.000,13.209,3.989,218.614,0.474,710334.897
3753,3.294,11.907,3.472,219.024,0.319,477824.816
3754,0.000,10.413,3.012,218.666,0.358,537053.075
3755,0.000,10.881,3.062,218.448,0.229,342817.391
3756,2.637,10.027,2.742,218.326,0.218,327671.586
3757,1.090,7.098,1.929,218.108,0.240,359266.257
3758,0.000,7.156,1.925,217.890,0.218,327161.672
3759,21.261,4.216,1.113,221.475,0.218,326834.511
3760,6.718,6.349,1.939,221.978,1.054,1581673.893
3761,3.293,7.944,2.492,221.648,1.114,1671154.177
3762,4.051,8.167,2.563,221.622,0.991,1486056.819
3763,5.861,13.209,4.163,222.090,0.934,1401423.226
3764,8.003,10.581,3.343,223.023,0.987,1479767.480
3765,0.000,7.433,2.401,221.882,1.141,1711581.840
3766,0.000,7.870,2.493,221.043,0.839,1259094.853
3767,0.000,9.231,2.865,220.438,0.604,906230.942
3768,0.000,8.108,2.456,220.018,0.421,631072.954
3769,0.175,6.419,1.903,219.798,0.278,416525.511
3770,0.416,7.355,2.147,219.578,0.220,329696.931
3771,0.000,12.901,3.704,219.359,0.220,329367.235
3772,0.000,13.283,3.686,219.139,0.219,329037.867
3773,1.085,11.064,2.964,218.920,0.219,328708.829
3774,0.000,12.577,3.301,218.701,0.219,328380.121
3775,5.621,14.180,3.600,219.113,0.219,328051.740
3776,5.442,9.532,2.443,219.813,0.357,535946.417
3777,10.616,6.302,1.647,221.455,0.460,690656.197
3778,10.672,6.525,1.822,222.943,0.771,1156524.737
3779,0.000,3.487,1.033,221.895,1.048,1571763.840
3780,0.000,3.315,0.974,221.128,0.767,1150150.216
3781,5.984,5.483,1.596,221.902,0.548,821367.414
3782,4.437,8.233,2.463,222.242,0.667,1001074.429
3783,0.000,5.795,1.748,221.550,0.692,1037532.356
3784,0.000,8.900,2.644,221.061,0.489,733752.506
3785,7.279,11.002,3.193,222.332,0.331,496879.745
3786,8.426,9.652,2.864,223.668,0.561,840945.227
3787,0.000,6.572,2.012,222.864,0.804,1206474.195
3788,8.989,8.248,2.483,224.339,0.577,865828.778
3789,2.882,9.680,3.025,224.171,0.852,1277677.495
3790,3.066,10.873,3.375,224.129,0.765,1147204.241
3791,1.621,9.847,3.030,223.802,0.705,1058202.096
3792,4.769,5.940,1.800,224.315,0.584,875374.960
3793,0.000,2.332,0.718,223.669,0.647,969926.366
3794,0.000,2.905,0.889,223.214,0.455,681771.671
3795,0.229,4.918,1.494,222.991,0.305,457085.780
3796,1.185,3.764,1.130,222.768,0.223,334486.913
3797,7.009,4.465,1.339,223.690,0.223,334152.426
3798,3.424,7.075,2.196,224.022,0.474,711449.744
3799,0.000,0.000,0.000,223.525,0.498,746416.002
3800,0.000,0.000,0.000,223.227,0.338,507560.402
3801,0.000,0.000,0.000,223.004,0.223,334840.795
3802,0.000,6.334,1.980,222.781,0.223,334505.954
3803,0.000,7.184,2.209,222.558,0.223,334171.448
3804,4.346,5.323,1.606,222.881,0.223,333837.277
3805,0.000,2.991,0.916,222.563,0.342,513382.674
3806,0.000,7.550,2.295,222.341,0.223,333844.936
3807,0.889,7.546,2.248,222.118,0.222,333511.091
3808,0.000,2.866,0.842,221.896,0.222,333177.580
3809,0.000,3.307,0.965,221.674,0.222,332844.403
3810,0.054,7.379,2.134,221.453,0.222,332511.558
3811,2.743,6.642,1.885,221.371,0.221,332179.047
3812,0.000,2.523,0.718,221.150,0.252,378113.842
3813,2.273,0.725,0.205,220.966,0.221,331725.325
3814,5.999,1.599,0.458,221.629,0.229,343644.238
3815,3.030,5.234,1.558,221.898,0.415,622631.401
3816,0.000,1.860,0.558,221.474,0.424,636191.832
3817,0.000,4.918,1.467,221.253,0.281,420994.757
3818,0.000,7.254,2.136,221.031,0.221,331878.913
3819,0.000,3.814,1.102,220.810,0.221,331547.034
3820,0.000,4.235,1.212,220.590,0.221,331215.487
3821,0.000,6.575,1.860,220.369,0.221,330884.271
3822,5.419,6.560,1.824,220.841,0.220,330553.387
3823,2.557,3.931,1.118,221.020,0.373,558781.044
3824,0.000,5.596,1.605,220.659,0.362,542365.875
3825,0.000,10.577,2.989,220.438,0.232,347614.689
3826,0.000,8.151,2.240,220.218,0.220,330657.052
3827,4.145,6.357,1.710,220.392,0.220,330326.395
3828,0.000,0.000,0.000,220.172,0.307,460379.892
3829,0.000,0.406,0.111,219.952,0.220,330258.726
3830,0.000,2.032,0.554,219.732,0.220,329928.468
3831,0.000,3.674,0.997,219.513,0.220,329598.539
3832,0.000,1.673,0.450,219.293,0.220,329268.941
3833,0.000,1.829,0.490,219.074,0.219,328939.672
3834,1.910,0.000,0.000,218.855,0.219,328610.732
3835,0.000,0.000,0.000,218.636,0.219,328282.121
3836,0.000,0.000,0.000,218.417,0.219,327953.839
3837,0.000,0.000,0.000,218.199,0.218,327625.885
3838,0.000,0.000,0.000,217.981,0.218,327298.259
3839,0.000,0.000,0.000,217.763,0.218,326970.961
3840,0.000,0.000,0.000,217.545,0.218,326643.990
3841,0.397,0.000,0.000,217.372,0.218,326317.346
3842,4.399,3.795,1.045,220.222,0.227,340855.428
3843,1.008,5.226,1.604,223.190,0.892,1337929.999
3844,0.000,5.168,1.735,221.828,1.494,2240892.552
3845,7.844,7.468,2.482,222.665,1.143,1714954.684
3846,4.039,5.448,1.859,222.435,1.276,1914733.366
3847,0.937,1.225,0.421,221.505,1.175,1762684.247
3848,8.802,1.560,0.538,222.891,0.920,1379569.999
3849,4.769,5.039,1.815,223.024,1.174,1760897.252
3850,2.703,0.464,0.169,222.620,1.152,1728527.896
3851,0.000,0.562,0.207,221.607,1.013,1519497.164
3852,0.105,1.244,0.459,220.897,0.740,1109328.007
3853,3.406,0.480,0.176,221.316,0.533,799154.430
3854,3.028,3.179,1.187,221.602,0.575,861787.033
3855,1.626,0.000,0.000,221.480,0.587,880400.774
3856,0.000,0.000,0.000,220.970,0.510,764605.115
3857,3.825,0.000,0.000,222.716,0.347,520890.850
3858,0.000,0.000,0.000,222.035,0.681,1021349.434
3859,19.629,0.827,0.325,229.055,0.481,721302.346
3860,0.000,0.000,0.000,227.080,1.975,2962884.925
3861,0.000,0.000,0.000,225.590,1.491,2235850.654
3862,0.000,0.000,0.000,224.477,1.113,1668839.121
3863,0.000,0.000,0.000,223.659,0.818,1226645.250
3864,0.000,0.000,0.000,223.071,0.588,881809.080
3865,0.000,0.000,0.000,222.663,0.409,612911.842
3866,0.000,0.000,0.000,222.440,0.269,403246.895
3867,0.000,0.140,0.061,223.072,0.222,333660.548
3868,0.000,0.000,0.000,222.662,0.410,615174.816
3869,0.000,0.000,0.000,222.439,0.270,405009.945
3870,0.000,0.000,0.000,222.217,0.222,333659.172
3871,0.000,0.000,0.000,221.995,0.222,333325.512
3872,0.000,0.000,0.000,221.773,0.222,332992.187
3873,0.000,0.000,0.000,221.551,0.222,332659.195
3874,0.000,0.000,0.000,221.329,0.222,332326.535
3875,0.000,0.000,0.000,221.108,0.221,331994.209
3876,0.000,0.000,0.000,220.887,0.221,331662.215
3877,0.000,0.000,0.000,220.666,0.221,331330.552
3878,0.000,0.000,0.000,220.445,0.221,330999.222
3879,0.000,0.000,0.000,220.225,0.220,330668.223
3880,0.000,0.000,0.000,220.005,0.220,330337.554
3881,0.000,0.000,0.000,219.785,0.220,330007.217
3882,0.000,0.000,0.000,219.565,0.220,329677.210
3883,0.000,0.000,0.000,219.345,0.220,329347.533
3884,0.000,0.000,0.000,219.126,0.219,329018.185
3885,0.000,0.000,0.000,218.907,0.219,328689.167
3886,3.908,1.841,0.818,222.203,0.219,328360.478
3887,0.000,0.000,0.000,221.211,0.992,1487823.590
3888,0.000,0.000,0.000,220.488,0.723,1084516.434
3889,0.000,0.000,0.000,219.974,0.513,770012.838
3890,0.000,0.000,0.000,219.625,0.350,524775.943
3891,0.000,0.000,0.000,219.405,0.222,333567.000
3892,0.000,0.000,0.000,219.185,0.219,329107.350
3893,0.000,0.000,0.000,218.966,0.219,328778.243
3894,0.000,0.000,0.000,218.747,0.219,328449.464
3895,0.000,0.000,0.000,218.529,0.219,328121.015
3896,0.000,0.000,0.000,218.310,0.219,327792.894
3897,0.000,0.000,0.000,218.092,0.218,327465.101
3898,0.000,0.000,0.000,217.874,0.218,327137.636
3899,0.000,0.000,0.000,217.656,0.218,326810.498
3900,0.000,0.000,0.000,217.438,0.218,326483.688
3901,0.000,0.000,0.000,217.221,0.217,326157.204
3902,0.000,0.000,0.000,217.003,0.217,325831.047
3903,0.000,0.000,0.000,216.786,0.217,325505.216
3904,0.000,0.000,0.000,216.570,0.217,325179.711
3905,0.000,0.000,0.000,216.353,0.217,324854.531
3906,0.000,0.000,0.000,216.137,0.216,324529.676
3907,0.000,0.000,0.000,215.921,0.216,324205.147
3908,0.000,0.000,0.000,215.705,0.216,323880.941
3909,0.000,0.000,0.000,215.489,0.216,323557.060
3910,0.000,0.000,0.000,215.274,0.215,323233.503
3911,0.000,0.000,0.000,215.058,0.215,322910.270
3912,0.000,0.000,0.000,214.843,0.215,322587.360
3913,0.000,0.000,0.000,214.628,0.215,322264.772
3914,0.000,0.000,0.000,214.414,0.215,321942.508
3915,0.000,0.000,0.000,214.199,0.214,321620.565
3916,0.000,0.000,0.000,213.985,0.214,321298.944
3917,0.000,0.000,0.000,213.771,0.214,320977.646
3918,0.000,0.000,0.000,213.557,0.214,320656.668
3919,0.000,0.000,0.000,213.344,0.214,320336.011
3920,0.000,0.000,0.000,213.130,0.213,320015.675
3921,0.000,0.000,0.000,212.917,0.213,319695.660
3922,0.000,0.000,0.000,212.704,0.213,319375.964
3923,0.000,0.000,0.000,212.492,0.213,319056.588
3924,0.000,0.000,0.000,212.279,0.212,318737.531
3925,0.000,0.000,0.000,212.067,0.212,318418.794
3926,0.000,0.000,0.000,211.855,0.212,318100.375
3927,0.000,0.000,0.000,211.643,0.212,317782.275
3928,0.000,0.000,0.000,211.431,0.212,317464.492
3929,0.000,0.000,0.000,211.220,0.211,317147.028
3930,0.000,0.000,0.000,211.009,0.211,316829.881
3931,0.000,0.238,0.110,211.810,0.211,316513.051
3932,0.000,0.000,0.000,211.376,0.433,650177.039
3933,0.000,0.000,0.000,211.165,0.286,428560.132
3934,0.000,0.000,0.000,210.954,0.211,316747.899
3935,0.000,0.000,0.000,210.743,0.211,316431.151
3936,0.000,0.000,0.000,210.532,0.211,316114.720
3937,0.000,0.000,0.000,210.322,0.211,315798.605
3938,0.000,0.000,0.000,210.112,0.210,315482.806
3939,0.000,0.000,0.000,209.901,0.210,315167.324
3940,0.000,0.000,0.000,209.692,0.210,314852.156
3941,0.000,0.000,0.000,209.482,0.210,314537.304
3942,0.000,0.000,0.000,209.272,0.209,314222.767
3943,0.000,0.000,0.000,209.063,0.209,313908.544
3944,0.000,0.000,0.000,208.854,0.209,313594.635
3945,0.000,0.000,0.000,208.645,0.209,313281.041
3946,0.000,0.000,0.000,208.437,0.209,312967.760
3947,0.000,0.000,0.000,208.228,0.208,312654.792
3948,0.000,0.000,0.000,208.020,0.208,312342.137
3949,0.000,0.000,0.000,207.812,0.208,312029.795
3950,0.000,0.000,0.000,207.604,0.208,311717.765
3951,0.000,0.000,0.000,207.396,0.208,311406.047
3952,0.000,0.000,0.000,207.189,0.207,311094.641
3953,0.000,0.000,0.000,206.982,0.207,310783.547
3954,0.000,2.137,1.006,209.368,0.207,310472.763
3955,0.000,0.000,0.000,208.673,0.777,1166013.004
3956,0.000,0.000,0.000,208.102,0.571,856675.686
3957,0.000,0.000,0.000,207.710,0.392,588387.476
3958,0.000,0.000,0.000,207.502,0.253,379202.492
3959,0.000,0.000,0.000,207.295,0.208,311253.303
3960,0.000,0.000,0.000,207.087,0.207,310942.049
3961,0.000,0.000,0.000,206.880,0.207,310631.107
3962,0.000,0.000,0.000,206.673,0.207,310320.476
3963,0.000,0.000,0.000,206.467,0.207,310010.156
3964,0.000,0.000,0.000,206.260,0.206,309700.146
3965,0.000,0.000,0.000,206.054,0.206,309390.446
3966,0.000,0.000,0.000,205.848,0.206,309081.055
3967,0.000,0.000,0.000,205.642,0.206,308771.974
3968,0.000,0.000,0.000,205.436,0.206,308463.202
3969,0.000,0.000,0.000,205.231,0.205,308154.739
3970,0.000,0.000,0.000,205.026,0.205,307846.584
3971,0.000,0.000,0.000,204.821,0.205,307538.738
3972,0.000,0.000,0.000,204.616,0.205,307231.199
3973,0.000,0.000,0.000,204.411,0.205,306923.968
3974,0.000,0.000,0.000,204.207,0.204,306617.044
3975,0.000,0.000,0.000,204.003,0.204,306310.427
3976,0.000,0.000,0.000,203.799,0.204,306004.116
3977,0.000,0.000,0.000,203.595,0.204,305698.112
3978,0.000,0.000,0.000,203.391,0.204,305392.414
3979,0.000,0.000,0.000,203.188,0.203,305087.022
3980,0.000,0.000,0.000,202.985,0.203,304781.934
3981,0.000,0.000,0.000,202.782,0.203,304477.153
3982,0.000,0.000,0.000,202.579,0.203,304172.675
3983,0.000,0.000,0.000,202.376,0.203,303868.503
3984,0.000,0.000,0.000,202.174,0.202,303564.634
3985,0.000,0.000,0.000,201.972,0.202,303261.070
3986,0.000,0.000,0.000,201.770,0.202,302957.809
3987,0.000,0.000,0.000,201.568,0.202,302654.851
3988,0.000,0.000,0.000,201.367,0.202,302352.196
3989,0.000,0.000,0.000,201.165,0.201,302049.844
3990,0.000,0.000,0.000,200.964,0.201,301747.794
3991,0.000,0.000,0.000,200.763,0.201,301446.046
3992,0.000,0.000,0.000,200.562,0.201,301144.600
3993,0.000,0.000,0.000,200.362,0.201,300843.455
3994,0.000,0.000,0.000,200.161,0.200,300542.612
3995,0.000,0.000,0.000,199.961,0.200,300242.069
3996,0.000,0.000,0.000,199.761,0.200,299941.827
3997,0.000,0.000,0.000,199.561,0.200,299641.885
3998,0.000,0.000,0.000,199.362,0.200,299342.244
3999,0.000,0.000,0.000,199.163,0.199,299042.901
4000,0.000,0.000,0.000,198.963,0.199,298743.858
4001,0.000,0.000,0.000,198.764,0.199,298445.115
4002,0.000,0.000,0.000,198.566,0.199,298146.669
4003,0.000,0.000,0.000,198.367,0.199,297848.523
4004,0.000,0.000,0.000,198.169,0.198,297550.674
4005,0.000,0.000,0.000,197.971,0.198,297253.124
4006,0.000,0.000,0.000,197.773,0.198,296955.870
4007,0.000,0.000,0.000,197.575,0.198,296658.915
4008,0.000,0.000,0.000,197.377,0.198,296362.256
4009,0.000,0.000,0.000,197.180,0.197,296065.893
4010,0.000,0.000,0.000,196.983,0.197,295769.827
4011,0.000,0.000,0.000,196.868,0.197,295474.058
4012,0.000,0.000,0.000,196.698,0.215,322327.323
4013,0.309,0.000,0.000,197.049,0.203,303889.815
4014,2.899,0.000,0.000,198.941,0.317,475410.750
4015,0.000,0.000,0.000,198.263,0.678,1016481.605
4016,0.000,0.000,0.000,197.790,0.473,709664.653
4017,0.000,0.000,0.000,197.893,0.314,470430.622
4018,1.333,1.342,0.674,200.604,0.281,421210.067
4019,0.000,0.000,0.000,199.766,0.838,1256549.694
4020,1.964,0.000,0.000,200.011,0.598,897226.575
4021,0.000,0.511,0.264,201.291,0.597,895060.122
4022,0.000,5.682,2.975,207.103,0.823,1234929.779
4023,0.000,6.170,3.343,212.386,2.047,3070094.658
4024,0.000,6.501,3.642,217.137,3.154,4730900.322
4025,0.000,7.227,4.178,221.889,4.144,6216319.791
4026,0.000,8.018,4.784,226.763,5.135,7702080.650
4027,0.000,8.997,5.535,231.990,6.152,9228180.404
4028,0.000,7.145,4.531,234.418,7.247,10870808.481
4029,0.000,4.469,2.901,230.880,7.727,11590109.942
4030,0.000,0.000,0.000,223.986,6.894,10340316.864
4031,0.000,0.000,0.000,218.664,5.322,7983472.126
4032,0.000,0.000,0.000,214.567,4.097,6145215.206
4033,0.000,0.000,0.000,211.426,3.141,4711456.700
4034,0.000,0.000,0.000,209.031,2.395,3593206.878
4035,3.174,0.000,0.000,209.603,1.814,2721053.745
4036,7.590,0.000,0.000,211.542,1.886,2828252.707
4037,5.630,2.687,1.797,212.164,2.258,3386719.418
4038,2.322,2.905,1.950,211.016,2.340,3510580.708
4039,4.117,3.108,2.080,211.089,2.034,3050326.048
4040,5.436,0.335,0.224,211.874,1.996,2993270.723
4041,10.789,1.903,1.285,215.333,2.114,3171338.518
4042,1.605,0.000,0.000,213.353,2.821,4231444.988
4043,3.997,0.000,0.000,213.124,2.332,3497291.673
4044,0.000,0.000,0.000,210.897,2.227,3340653.573
4045,0.000,1.638,1.134,209.213,1.683,2524874.980
4046,0.000,3.327,2.293,207.954,1.259,1888648.511
4047,0.000,2.422,1.655,207.026,0.928,1392472.620
4048,0.000,1.357,0.922,206.356,0.670,1005536.098
4049,0.000,0.000,0.000,205.886,0.469,703806.204
4050,0.000,1.938,1.312,205.645,0.312,468537.398
4051,0.000,5.639,3.797,205.439,0.206,308467.313
4052,0.000,2.605,1.728,205.234,0.205,308158.845
4053,0.000,1.178,0.776,205.029,0.205,307850.686
4054,0.000,3.448,2.265,204.824,0.205,307542.836
4055,0.000,6.146,4.001,204.619,0.205,307235.293
4056,0.000,8.061,5.164,204.414,0.205,306928.058
4057,0.000,9.559,5.995,204.210,0.204,306621.130
4058,0.000,12.928,7.906,204.005,0.204,306314.508
4059,0.000,15.854,9.369,203.801,0.204,306008.194
4060,0.000,17.386,9.851,203.598,0.204,305702.186
4061,0.000,16.965,9.178,203.394,0.204,305396.484
4062,0.000,14.305,7.397,203.191,0.203,305091.087
4063,0.000,5.086,2.532,202.987,0.203,304785.996
4064,0.000,9.461,4.648,202.784,0.203,304481.210
4065,0.000,11.720,5.616,202.582,0.203,304176.729
4066,2.484,13.124,6.097,202.809,0.203,303872.552
4067,2.685,12.035,5.450,203.418,0.297,445304.161
4068,5.051,10.195,4.519,204.742,0.381,571740.207
4069,2.019,10.744,4.730,204.801,0.618,927493.396
4070,7.096,7.449,3.213,206.555,0.577,865689.124
4071,5.552,5.035,2.192,207.487,0.909,1363416.066
4072,0.000,5.612,2.466,206.427,1.060,1590043.677
4073,2.154,6.969,3.017,206.365,0.773,1159289.807
4074,0.000,7.098,3.044,205.659,0.705,1057752.875
4075,0.000,9.052,3.810,205.163,0.496,744264.788
4076,3.306,9.723,3.996,205.864,0.333,499824.864
4077,0.000,10.156,4.129,205.431,0.434,650565.398
4078,0.000,13.069,5.173,205.226,0.285,426900.662
4079,0.000,14.992,5.732,205.020,0.205,307838.270
4080,0.000,13.763,5.057,204.815,0.205,307530.432
4081,0.000,15.865,5.621,204.610,0.205,307222.902
4082,0.399,14.122,4.797,204.406,0.205,306915.679
4083,0.000,14.602,4.789,204.201,0.204,306608.763
4084,0.527,15.690,4.950,203.997,0.204,306302.154
4085,3.997,16.454,4.996,204.264,0.204,305995.852
4086,1.765,17.304,5.168,204.357,0.307,461119.592
4087,1.169,12.433,3.590,204.206,0.274,410754.890
4088,7.942,8.202,2.311,205.291,0.216,323876.041
4089,2.114,11.107,3.244,205.272,0.488,731335.720
4090,4.254,7.706,2.218,205.771,0.429,644173.817
4091,2.652,8.241,2.396,205.870,0.485,728221.279
4092,0.154,7.901,2.291,205.451,0.454,680355.371
4093,0.000,5.760,1.637,205.230,0.308,461278.164
4094,0.000,11.680,3.270,205.024,0.205,307844.281
4095,0.000,15.510,4.211,204.819,0.205,307536.436
4096,0.530,11.544,3.007,204.614,0.205,307228.900
4097,0.000,10.312,2.617,204.410,0.205,306921.671
4098,0.000,12.843,3.172,204.205,0.204,306614.749
4099,0.000,16.189,3.865,204.001,0.204,306308.135
4100,0.000,17.051,3.899,203.797,0.204,306001.826
4101,0.000,16.540,3.615,203.593,0.204,305695.825
4102,0.460,17.324,3.623,203.390,0.204,305390.129
4103,0.698,15.140,3.039,203.186,0.203,305084.739
4104,0.000,15.518,3.016,202.983,0.203,304779.654
4105,0.000,17.113,3.192,202.780,0.203,304474.874
4106,7.249,16.813,2.996,203.103,0.203,304170.399
4107,7.677,14.141,2.641,203.867,0.318,477147.201
4108,3.820,14.812,2.918,204.004,0.432,648174.614
4109,4.145,15.526,3.072,204.215,0.408,612045.787
4110,6.794,13.599,2.707,204.837,0.401,600806.805
4111,0.000,13.155,2.723,204.354,0.483,724877.349
4112,3.050,12.499,2.499,204.492,0.323,484450.663
4113,0.000,14.098,2.822,204.288,0.299,449066.340
4114,0.000,15.939,3.074,204.083,0.204,306431.289
4115,0.000,16.146,2.984,203.879,0.204,306124.857
4116,3.391,17.932,3.175,203.679,0.204,305818.732
4117,4.867,11.809,2.084,203.676,0.204,306593.978
4118,2.204,10.327,1.880,203.482,0.248,371454.581
4119,13.384,10.647,1.938,204.675,0.206,308318.649
4120,4.889,10.612,2.197,204.930,0.511,765987.381
4121,1.615,11.961,2.537,204.676,0.513,768965.424
4122,0.000,12.371,2.586,204.273,0.403,604310.132
4123,0.000,12.429,2.514,204.069,0.260,390475.770
4124,6.369,10.312,2.018,204.357,0.204,306104.108
4125,12.987,10.741,2.198,206.054,0.312,468128.746
4126,0.000,10.050,2.286,205.422,0.631,947111.375
4127,0.442,11.041,2.446,205.058,0.439,657972.491
4128,0.000,12.024,2.598,204.848,0.305,456983.982
4129,0.000,12.238,2.562,204.644,0.205,307272.598
4130,7.063,11.396,2.310,205.071,0.205,306965.325
4131,3.669,11.868,2.519,205.316,0.343,515176.305
4132,7.588,12.156,2.598,206.199,0.344,515488.014
4133,5.178,11.618,2.596,206.590,0.484,726120.507
4134,4.899,10.639,2.425,206.919,0.517,774794.045
4135,1.595,11.127,2.583,206.664,0.535,802747.735
4136,0.196,11.969,2.739,206.272,0.426,638281.822
4137,8.451,10.226,2.272,207.320,0.286,428769.677
4138,6.978,9.021,2.116,208.077,0.482,722817.913
4139,2.605,8.163,1.991,207.963,0.595,892477.438
4140,1.291,8.759,2.140,207.685,0.517,774868.609
4141,0.773,8.849,2.137,207.424,0.402,603228.855
4142,0.092,9.056,2.151,207.217,0.292,437272.312
4143,10.556,7.968,1.850,208.415,0.207,310825.872
4144,11.962,6.572,1.643,210.164,0.516,774114.257
4145,2.079,6.252,1.694,209.743,0.848,1271408.183
4146,0.483,7.535,2.041,209.140,0.702,1052830.798
4147,6.081,4.192,1.117,209.852,0.516,774285.400
4148,0.000,4.021,1.111,209.233,0.620,929712.181
4149,0.196,4.052,1.108,208.843,0.430,645672.106
4150,0.000,7.780,2.107,208.634,0.292,437570.538
4151,0.000,7.773,2.063,208.426,0.209,312951.409
4152,0.000,8.580,2.231,208.217,0.208,312638.457
4153,0.925,10.932,2.779,208.009,0.208,312325.819
4154,1.080,11.501,2.863,207.801,0.208,312013.493
4155,0.000,12.308,3.000,207.593,0.208,311701.480
4156,0.000,10.101,2.383,207.386,0.208,311389.778
4157,0.000,8.756,2.012,207.178,0.207,311078.388
4158,0.000,7.004,1.573,206.971,0.207,310767.310
4159,0.000,9.118,2.010,206.764,0.207,310456.543
4160,4.191,8.962,1.929,206.789,0.207,310146.086
4161,2.728,6.373,1.398,206.766,0.258,386408.771
4162,0.000,10.920,2.420,206.560,0.247,370418.545
4163,0.000,12.312,2.651,206.353,0.207,309839.490
4164,0.000,10.113,2.107,206.147,0.206,309529.650
4165,0.389,8.900,1.806,205.941,0.206,309220.121
4166,6.473,8.904,1.772,206.258,0.206,308910.901
4167,3.332,9.270,1.935,206.463,0.321,481466.527
4168,2.780,8.455,1.784,206.594,0.313,468839.431
4169,6.374,7.418,1.576,207.252,0.288,431943.913
4170,0.000,6.751,1.501,206.856,0.396,594692.036
4171,1.645,6.291,1.374,206.649,0.256,383833.334
4172,0.000,6.326,1.381,206.442,0.207,309973.714
4173,10.287,3.346,0.719,207.457,0.206,309663.740
4174,4.391,4.399,1.035,207.764,0.475,712316.851
4175,1.384,4.181,1.012,207.529,0.489,733653.529
4176,6.445,3.171,0.768,208.328,0.384,575926.186
4177,13.316,0.948,0.241,210.384,0.506,759556.418
4178,5.250,4.598,1.294,210.598,0.905,1358236.941
4179,0.488,4.216,1.217,209.806,0.900,1349367.035
4180,0.460,3.553,1.018,209.234,0.672,1008129.432
4181,0.000,3.643,1.038,208.741,0.493,739721.002
4182,1.229,2.005,0.566,208.672,0.332,497464.781
4183,1.070,3.073,0.870,208.463,0.264,395339.515
4184,0.000,4.212,1.193,208.255,0.208,312695.070
4185,0.000,7.215,2.020,208.047,0.208,312382.375
4186,0.000,5.043,1.386,207.839,0.208,312069.992
4187,0.000,1.638,0.444,207.631,0.208,311757.922
4188,0.486,0.000,0.000,207.423,0.208,311446.164
4189,0.000,0.000,0.000,207.216,0.207,311134.718
4190,1.394,0.000,0.000,207.219,0.207,310823.583
4191,5.492,0.339,0.094,208.803,0.253,380097.810
4192,2.302,1.330,0.396,210.221,0.601,901385.334
4193,1.169,1.533,0.482,210.283,0.860,1289559.836
4194,0.000,0.679,0.218,209.463,0.820,1230217.941
4195,3.967,0.000,0.000,209.842,0.587,879908.118
4196,0.000,0.000,0.000,209.225,0.617,925340.867
4197,0.000,0.000,0.000,208.796,0.428,642263.244
4198,0.000,0.000,0.000,208.588,0.281,421542.201
4199,0.000,0.000,0.000,208.379,0.209,312882.009
4200,0.000,0.000,0.000,208.171,0.208,312569.127
4201,0.000,0.000,0.000,207.963,0.208,312256.558
4202,0.000,0.000,0.000,207.755,0.208,311944.301
4203,0.000,0.000,0.000,207.547,0.208,311632.357
4204,0.000,0.000,0.000,207.340,0.208,311320.725
4205,0.000,0.000,0.000,207.132,0.207,311009.404
4206,0.000,0.000,0.000,206.925,0.207,310698.395
4207,0.000,0.000,0.000,206.718,0.207,310387.696
4208,1.295,0.000,0.000,206.881,0.207,310077.309
4209,0.000,0.000,0.000,206.674,0.288,431698.064
4210,0.000,0.000,0.000,206.468,0.207,310011.695
4211,0.000,0.000,0.000,206.261,0.206,309701.683
4212,0.000,0.000,0.000,206.055,0.206,309391.982
4213,0.000,0.000,0.000,205.849,0.206,309082.590
4214,0.000,0.000,0.000,205.643,0.206,308773.507
4215,0.000,0.000,0.000,205.438,0.206,308464.734
4216,0.000,0.000,0.000,205.232,0.205,308156.269
4217,0.000,0.000,0.000,205.027,0.205,307848.113
4218,0.000,0.000,0.000,204.822,0.205,307540.264
4219,0.000,0.000,0.000,204.617,0.205,307232.724
4220,0.000,0.000,0.000,204.412,0.205,306925.491
4221,0.000,0.000,0.000,204.208,0.204,306618.566
4222,0.000,0.000,0.000,204.004,0.204,306311.947
4223,0.000,0.000,0.000,203.800,0.204,306005.635
4224,0.000,0.000,0.000,203.596,0.204,305699.630
4225,0.000,0.000,0.000,203.392,0.204,305393.930
4226,0.000,0.000,0.000,203.189,0.203,305088.536
4227,0.000,0.000,0.000,202.986,0.203,304783.448
4228,0.955,0.000,0.000,203.241,0.203,304478.664
4229,0.000,0.000,0.000,203.030,0.304,455451.148
4230,3.768,0.133,0.045,204.366,0.203,304545.011
4231,6.099,0.000,0.000,205.909,0.541,812133.707
4232,2.953,0.000,0.000,206.742,0.827,1240222.910
4233,0.989,0.437,0.167,207.407,0.956,1433818.609
4234,0.000,0.000,0.000,206.359,1.048,1572327.965
4235,0.000,0.000,0.000,205.595,0.764,1145462.821
4236,0.000,0.000,0.000,205.053,0.542,812588.961
4237,5.867,0.000,0.000,206.607,0.369,553028.222
4238,0.000,0.000,0.000,205.950,0.657,984826.952
4239,0.000,0.000,0.000,205.492,0.458,687535.357
4240,0.000,0.000,0.000,205.287,0.304,455728.542
4241,0.000,0.000,0.000,205.081,0.205,307929.897
4242,0.000,0.000,0.000,204.876,0.205,307621.967
4243,5.238,0.000,0.000,206.028,0.205,307314.345
4244,0.000,0.000,0.000,205.524,0.503,754538.030
4245,0.000,0.000,0.000,205.186,0.339,507949.203
4246,0.000,0.000,0.000,204.981,0.210,315690.509
4247,0.000,0.000,0.000,204.776,0.205,307471.033
4248,0.000,0.000,0.000,204.571,0.205,307163.562
4249,0.000,0.000,0.000,204.366,0.205,306856.398
4250,0.000,0.000,0.000,204.162,0.204,306549.542
4251,0.000,0.000,0.000,203.958,0.204,306242.992
4252,0.000,0.406,0.168,204.729,0.204,305936.749
4253,0.000,0.000,0.000,204.552,0.418,627387.380
4254,0.226,0.000,0.000,204.403,0.325,487986.870
4255,0.000,1.248,0.529,205.953,0.239,358038.808
4256,0.000,2.235,0.970,208.242,0.590,885314.508
4257,0.000,0.000,0.000,207.202,1.040,1559901.116
4258,0.000,0.000,0.000,207.633,0.757,1136057.807
4259,0.000,0.000,0.000,207.704,0.799,1197771.132
4260,0.000,0.000,0.000,206.943,0.760,1140480.581
4261,0.000,0.000,0.000,206.404,0.539,809151.543
4262,0.000,0.000,0.000,206.037,0.367,550795.317
4263,0.000,0.000,0.000,205.831,0.233,349357.803
4264,0.000,0.000,0.000,205.625,0.206,308746.022
4265,0.000,0.000,0.000,205.419,0.206,308437.276
4266,0.000,0.000,0.000,205.214,0.205,308128.838
4267,0.000,0.000,0.000,205.009,0.205,307820.709
4268,0.000,0.000,0.000,204.804,0.205,307512.889
4269,0.000,0.000,0.000,204.599,0.205,307205.376
4270,0.000,0.000,0.000,204.394,0.205,306898.170
4271,0.000,0.000,0.000,204.190,0.204,306591.272
4272,0.000,0.000,0.000,203.986,0.204,306284.681
4273,0.000,0.000,0.000,203.782,0.204,305978.396
4274,0.000,0.000,0.000,203.578,0.204,305672.418
4275,0.000,0.000,0.000,203.374,0.204,305366.746
4276,0.000,0.000,0.000,203.171,0.203,305061.379
4277,0.000,0.000,0.000,202.968,0.203,304756.317
4278,0.000,0.000,0.000,202.765,0.203,304451.561
4279,0.000,0.000,0.000,202.562,0.203,304147.110
4280,0.000,0.000,0.000,202.359,0.203,303842.962
4281,0.000,0.000,0.000,202.157,0.202,303539.119
4282,0.000,0.000,0.000,201.955,0.202,303235.580
4283,0.000,0.000,0.000,201.753,0.202,302932.345
4284,0.000,0.000,0.000,201.551,0.202,302629.412
4285,0.000,0.000,0.000,201.350,0.202,302326.783
4286,0.000,0.000,0.000,201.148,0.201,302024.456
4287,0.000,0.000,0.000,200.947,0.201,301722.432
4288,0.000,0.000,0.000,200.746,0.201,301420.709
4289,0.000,0.000,0.000,200.545,0.201,301119.289
4290,0.000,0.000,0.000,200.345,0.201,300818.169
4291,0.000,0.000,0.000,200.145,0.200,300517.351
4292,0.000,0.000,0.000,199.944,0.200,300216.834
4293,0.000,0.000,0.000,199.744,0.200,299916.617
4294,0.000,0.000,0.000,199.545,0.200,299616.700
4295,0.000,0.000,0.000,199.345,0.200,299317.084
4296,0.000,0.000,0.000,199.146,0.199,299017.767
4297,0.000,0.000,0.000,198.947,0.199,298718.749
4298,0.000,0.000,0.000,198.748,0.199,298420.030
4299,0.000,0.000,0.000,198.549,0.199,298121.610
4300,0.000,0.000,0.000,198.350,0.199,297823.488
4301,0.000,0.000,0.000,198.152,0.198,297525.665
4302,0.000,0.000,0.000,197.954,0.198,297228.139
4303,0.000,0.000,0.000,197.756,0.198,296930.911
4304,0.000,0.000,0.000,197.558,0.198,296633.980
4305,0.000,0.000,0.000,197.361,0.198,296337.346
4306,0.000,0.000,0.000,197.163,0.197,296041.009
4307,0.000,0.000,0.000,196.966,0.197,295744.968
4308,0.000,0.000,0.000,196.769,0.197,295449.223
4309,0.000,0.000,0.000,196.572,0.197,295153.774
4310,0.000,0.000,0.000,196.376,0.197,294858.620
4311,0.000,0.000,0.000,196.179,0.196,294563.761
4312,0.000,0.000,0.000,195.983,0.196,294269.198
4313,0.000,0.000,0.000,195.787,0.196,293974.928
4314,0.000,0.000,0.000,195.592,0.196,293680.953
4315,0.000,0.000,0.000,195.396,0.196,293387.272
4316,0.000,0.000,0.000,195.201,0.195,293093.885
4317,0.000,0.000,0.000,195.005,0.195,292800.791
4318,0.000,0.000,0.000,194.810,0.195,292507.990
4319,0.000,0.000,0.000,194.616,0.195,292215.483
4320,0.000,0.000,0.000,194.421,0.195,291923.267
4321,0.000,0.000,0.000,194.226,0.194,291631.344
4322,0.000,0.000,0.000,194.032,0.194,291339.712
4323,0.000,0.000,0.000,193.838,0.194,291048.373
4324,0.000,0.000,0.000,193.644,0.194,290757.324
4325,0.000,0.000,0.000,193.451,0.194,290466.567
4326,0.000,0.000,0.000,193.257,0.193,290176.100
4327,0.000,0.000,0.000,193.064,0.193,289885.924
4328,0.000,0.000,0.000,192.871,0.193,289596.038
4329,0.000,0.000,0.000,192.678,0.193,289306.442
4330,0.000,0.000,0.000,192.485,0.193,289017.136
4331,0.000,0.000,0.000,192.293,0.192,288728.119
4332,0.000,0.000,0.000,192.101,0.192,288439.391
4333,0.000,0.000,0.000,192.155,0.192,288150.951
4334,0.731,0.000,0.000,193.050,0.246,369296.501
4335,0.000,0.000,0.000,192.619,0.431,646421.391
4336,0.000,0.000,0.000,192.427,0.280,419443.660
4337,0.000,0.187,0.087,193.216,0.192,288639.775
4338,0.000,0.000,0.000,192.808,0.408,612377.686
4339,0.000,0.000,0.000,192.615,0.262,392978.494
4340,0.000,0.000,0.000,192.423,0.193,288922.868
4341,0.000,0.000,0.000,192.230,0.192,288633.945
4342,0.000,0.000,0.000,192.038,0.192,288345.311
4343,0.000,0.000,0.000,191.846,0.192,288056.965
4344,0.000,0.000,0.000,191.654,0.192,287768.909
4345,0.000,0.000,0.000,191.462,0.192,287481.140
4346,0.000,0.035,0.017,192.147,0.191,287193.658
4347,0.000,0.324,0.155,193.348,0.384,576049.406
4348,0.000,0.000,0.000,193.387,0.592,887435.997
4349,0.000,1.677,0.821,195.617,0.543,815130.966
4350,0.000,0.082,0.041,196.079,0.978,1466340.189
4351,0.000,0.000,0.000,196.430,1.023,1533979.971
4352,0.000,0.000,0.000,195.387,1.044,1565293.962
4353,0.000,0.000,0.000,194.629,0.758,1136360.919
4354,0.000,0.628,0.321,196.055,0.535,801877.714
4355,0.000,0.000,0.000,195.309,0.792,1188172.578
4356,0.000,0.000,0.000,194.737,0.572,857612.760
4357,0.129,0.944,0.489,196.674,0.390,584707.348
4358,0.000,0.000,0.000,195.914,0.760,1139690.627
4359,0.000,0.000,0.000,195.378,0.537,804896.461
4360,0.000,0.000,0.000,195.015,0.363,543841.074
4361,0.000,0.000,0.000,194.820,0.227,340301.851
4362,0.000,0.000,0.000,194.625,0.195,292230.463
4363,0.000,0.000,0.000,194.431,0.195,291938.233
4364,0.000,0.000,0.000,194.236,0.194,291646.295
4365,0.000,0.000,0.000,194.647,0.194,291354.648
4366,0.000,2.305,1.223,197.911,0.327,490708.794
4367,0.000,6.353,3.437,204.415,0.989,1483774.547
4368,0.000,7.192,4.026,210.627,2.364,3545974.334
4369,0.000,2.679,1.552,211.257,3.675,5512140.024
4370,0.000,0.000,0.000,207.499,3.757,5635966.525
4371,0.000,0.000,0.000,204.624,2.875,4312307.576
4372,0.000,0.000,0.000,202.438,2.187,3279937.341
4373,0.000,0.000,0.000,200.788,1.650,2474772.221
4374,0.000,0.000,0.000,199.557,1.231,1846827.006
4375,0.000,0.000,0.000,198.652,0.905,1357113.233
4376,0.000,3.576,2.108,203.306,0.650,975219.903
4377,0.000,4.095,2.460,207.641,1.619,2427956.282
4378,1.749,4.411,2.702,212.354,2.517,3775249.792
4379,0.000,5.148,3.227,216.227,3.498,5247438.503
4380,0.000,2.215,1.416,216.168,4.295,6442602.744
4381,0.000,2.730,1.767,216.813,4.227,6340080.501
4382,0.000,3.019,1.979,217.766,4.313,6470077.111
4383,0.000,4.411,2.929,220.253,4.468,6701847.470
4384,0.000,4.906,3.306,222.938,4.960,7439911.335
4385,0.000,6.115,4.183,226.652,5.496,8243309.047
4386,0.000,6.146,4.271,229.790,6.258,9386438.734
4387,0.000,4.898,3.455,230.893,6.893,10339820.401
4388,0.000,2.484,1.774,228.885,7.081,10621231.529
4389,0.455,1.572,1.132,226.518,6.584,9876455.043
4390,0.000,0.819,0.595,223.549,6.009,9013057.626
4391,2.325,0.332,0.242,221.985,5.301,7951389.502
4392,0.000,0.000,0.000,217.083,4.902,7353167.450
4393,0.000,0.000,0.000,213.314,3.769,5653547.499
4394,0.000,0.000,0.000,210.620,2.885,4327925.860
4395,6.537,0.000,0.000,212.332,2.238,3357339.414
4396,0.000,0.016,0.012,211.845,2.560,3840369.082
4397,6.851,0.000,0.000,213.563,2.399,3598041.443
4398,0.000,0.000,0.000,210.841,2.722,4083599.867
4399,0.000,0.000,0.000,208.771,2.069,3103775.096
4400,0.000,0.000,0.000,208.499,1.560,2339593.206
4401,5.941,0.000,0.000,212.581,1.446,2168268.135
4402,1.950,2.898,2.234,217.485,2.290,3434369.140
4403,0.000,3.327,2.589,220.855,3.314,4971634.470
4404,0.000,2.913,2.282,223.013,4.002,6002689.593
4405,0.000,1.470,1.159,222.793,4.423,6633897.917
4406,3.086,1.318,1.044,224.358,4.320,6480164.828
4407,0.000,3.003,2.401,226.161,4.611,6916065.682
4408,0.000,3.276,2.633,228.041,4.954,7430307.025
4409,0.000,0.168,0.135,225.189,5.313,7970113.364
4410,7.618,1.045,0.848,229.018,4.632,6948434.433
4411,10.501,0.004,0.003,232.489,5.421,8131351.554
4412,2.508,5.370,4.491,238.155,6.131,9196582.294
4413,14.518,9.808,8.256,250.542,7.324,10985860.211
4414,5.232,7.901,6.704,243.950,9.996,14993575.159
4415,0.000,5.421,4.531,235.458,8.492,12738112.459
4416,0.000,9.446,7.783,228.888,6.570,9855668.255
4417,0.000,11.996,9.642,223.816,5.072,7607441.835
4418,0.000,13.334,10.383,219.914,3.903,5853905.207
4419,0.000,14.602,10.975,216.923,2.991,4486226.537
4420,0.000,15.748,11.387,214.643,2.280,3419516.994
4421,0.000,16.388,11.364,212.918,1.725,2587563.290
4422,0.000,17.191,11.413,211.626,1.292,1938719.060
4423,0.000,17.246,10.937,210.671,0.955,1432700.142
4424,0.000,16.711,10.123,209.978,0.692,1038084.886
4425,0.000,14.368,8.325,209.492,0.487,730364.408
4426,0.000,5.503,3.069,209.196,0.327,490421.777
4427,5.215,1.295,0.712,210.726,0.209,313794.448
4428,0.000,0.000,0.000,210.134,0.591,887212.338
4429,0.000,3.916,2.176,209.726,0.409,612852.887
4430,0.000,9.524,5.239,209.516,0.266,398931.688
4431,0.000,8.549,4.586,209.307,0.210,314274.257
4432,0.000,9.536,5.002,209.097,0.209,313959.982
4433,0.000,9.356,4.786,208.888,0.209,313646.023
4434,0.000,12.051,6.015,208.679,0.209,313332.376
4435,2.560,11.731,5.671,208.964,0.209,313019.044
4436,13.762,8.482,4.011,213.608,0.317,475538.548
4437,21.579,7.738,3.755,220.308,1.286,1928603.486
4438,7.240,8.038,4.107,220.423,2.707,4060266.913
4439,3.778,10.308,5.275,219.218,2.679,4019046.231
4440,0.000,10.027,5.054,216.857,2.362,3542531.641
4441,0.000,11.158,5.477,215.067,1.789,2684149.193
4442,0.000,9.430,4.495,213.724,1.343,2014689.910
4443,0.635,7.546,3.509,212.954,0.995,1492590.615
4444,1.014,9.902,4.524,212.534,0.773,1159657.133
4445,0.000,11.127,4.972,211.906,0.628,942273.526
4446,2.397,8.377,3.635,212.260,0.438,656342.202
4447,7.259,9.169,3.930,214.166,0.463,694787.028
4448,15.883,9.996,4.309,218.550,0.830,1245307.391
4449,7.050,10.889,4.874,219.212,1.742,2613739.294
4450,0.000,13.603,6.081,217.376,1.836,2753867.053
4451,0.000,14.637,6.312,215.997,1.380,2069777.523
4452,14.453,13.634,5.656,219.536,1.024,1536265.928
4453,14.726,9.672,4.119,222.560,1.751,2626306.520
4454,9.556,8.303,3.662,223.406,2.364,3546184.798
4455,5.006,9.032,4.046,222.616,2.498,3747404.976
4456,4.681,8.330,3.716,221.934,2.273,3408923.940
4457,2.134,7.933,3.525,220.586,2.071,3106027.746
4458,4.504,8.502,3.732,220.369,1.722,2583382.774
4459,0.000,9.454,4.131,218.747,1.623,2434364.638
4460,0.000,11.883,5.065,217.532,1.214,1821266.978
4461,23.537,11.431,4.722,224.038,0.895,1343128.341
4462,0.000,8.486,3.758,221.763,2.275,3412616.674
4463,0.000,5.756,2.492,220.040,1.723,2584535.946
4464,0.000,7.336,3.129,218.747,1.292,1938710.283
4465,0.000,10.331,4.322,217.791,0.957,1435043.494
4466,2.513,10.932,4.451,217.875,0.695,1042260.549
4467,7.761,9.134,3.654,219.575,0.662,992932.676
4468,4.753,9.473,3.833,220.054,0.985,1477297.004
4469,0.000,9.968,4.019,219.015,1.039,1558375.126
4470,2.064,10.409,4.088,218.873,0.759,1138767.053
4471,3.966,8.908,3.437,219.360,0.677,1015060.606
4472,3.550,7.976,3.064,219.665,0.733,1099290.218
4473,4.026,6.985,2.674,220.088,0.749,1123297.191
4474,7.902,6.521,2.499,221.600,0.791,1186498.508
4475,0.000,7.492,2.932,220.528,1.073,1609201.613
4476,1.165,7.391,2.836,220.082,0.786,1178871.156
4477,0.000,7.363,2.787,219.445,0.637,955488.171
4478,0.000,7.531,2.795,218.999,0.446,669127.208
4479,2.845,9.941,3.618,219.396,0.297,445841.810
4480,3.443,10.460,3.764,219.983,0.354,531332.633
4481,0.000,14.364,5.122,219.550,0.433,649253.674
4482,0.000,16.169,5.550,219.331,0.287,430538.007
4483,3.501,14.457,4.754,219.536,0.219,328996.406
4484,1.656,13.931,4.503,219.604,0.312,468709.513
4485,0.000,14.317,4.507,219.385,0.283,423849.821
4486,4.251,13.732,4.162,219.693,0.219,329077.570
4487,19.268,14.637,4.402,223.756,0.335,502933.374
4488,8.775,12.648,4.148,224.763,1.178,1767621.758
4489,5.668,8.627,2.884,224.853,1.350,2024376.363
4490,11.956,9.282,3.136,226.603,1.319,1978404.663
4491,0.000,8.545,3.015,224.950,1.653,2480199.699
4492,1.869,6.427,2.217,224.200,1.239,1859029.546
4493,0.000,6.096,2.090,223.176,1.024,1536227.376
4494,1.829,6.154,2.076,222.896,0.749,1122882.111
4495,1.529,8.467,2.841,222.649,0.637,955190.958
4496,0.000,11.954,3.957,222.116,0.532,798407.819
4497,0.000,13.595,4.361,221.751,0.365,547608.757
4498,0.000,14.469,4.477,221.530,0.235,352060.637
4499,0.000,12.523,3.729,221.308,0.222,332294.472
4500,0.517,7.472,2.153,221.087,0.221,331962.177
4501,2.000,4.867,1.380,220.866,0.221,331630.215
4502,0.000,1.178,0.335,220.645,0.221,331298.585
4503,0.112,0.979,0.277,220.424,0.221,330967.286
4504,0.141,0.004,0.001,220.204,0.220,330636.319
4505,0.204,0.468,0.132,219.984,0.220,330305.683
4506,0.000,1.919,0.543,219.764,0.220,329975.377
4507,1.926,0.761,0.214,219.544,0.220,329645.402
4508,0.000,4.341,1.237,219.324,0.220,329315.756
4509,10.143,0.000,0.000,220.822,0.219,328986.440
4510,0.000,1.607,0.486,220.225,0.597,895321.305
4511,0.000,5.347,1.611,219.810,0.415,622501.601
4512,2.507,4.138,1.229,219.896,0.273,409778.080
4513,2.937,7.351,2.197,220.130,0.287,430078.940
4514,0.350,6.029,1.803,219.907,0.320,479377.508
4515,4.401,4.079,1.204,220.222,0.220,329859.821
4516,0.000,3.943,1.186,219.917,0.337,506186.528
4517,0.000,4.438,1.322,219.697,0.220,329875.431
4518,0.000,2.995,0.882,219.477,0.220,329545.556
4519,2.026,3.748,1.095,219.258,0.219,329216.010
4520,6.021,3.783,1.110,219.928,0.219,328886.794
4521,6.189,0.000,0.000,220.935,0.415,622179.289
4522,8.163,0.000,0.000,222.301,0.586,878436.881
4523,0.000,0.000,0.000,221.466,0.836,1253577.427
4524,0.000,0.000,0.000,220.864,0.601,902071.241
4525,0.000,0.000,0.000,220.446,0.419,627972.134
4526,3.440,0.597,0.198,220.967,0.276,414250.475
4527,2.188,1.767,0.598,221.146,0.383,575142.765
4528,0.000,1.728,0.589,220.774,0.373,558753.678
4529,1.478,4.731,1.606,220.554,0.240,360422.377
4530,3.727,8.549,2.891,220.841,0.221,331044.239
4531,0.000,5.238,1.770,220.563,0.332,498144.469
4532,0.000,1.100,0.366,220.342,0.221,330844.238
4533,0.000,0.000,0.000,220.122,0.220,330513.393
4534,0.000,0.562,0.187,219.902,0.220,330182.880
4535,11.629,0.277,0.092,222.163,0.220,329852.697
4536,10.018,3.814,1.351,224.094,0.765,1148184.600
4537,0.000,3.077,1.138,222.954,1.140,1709901.499
4538,0.000,1.579,0.579,222.115,0.839,1258139.331
4539,0.000,2.835,1.036,221.512,0.604,905840.425
4540,0.000,3.354,1.216,221.091,0.421,631122.786
4541,0.000,3.311,1.190,220.870,0.278,416918.460
4542,0.000,3.491,1.244,220.649,0.221,331304.949
4543,0.000,1.872,0.661,220.428,0.221,330973.644
4544,0.000,0.000,0.000,220.208,0.220,330642.670
4545,0.000,0.000,0.000,219.988,0.220,330312.028
4546,0.000,0.000,0.000,219.768,0.220,329981.716
4547,0.000,0.000,0.000,219.548,0.220,329651.734
4548,0.000,0.000,0.000,219.329,0.220,329322.082
4549,0.000,0.000,0.000,219.604,0.219,328992.760
4550,0.000,2.024,0.725,220.871,0.328,492072.629
4551,0.000,3.884,1.427,220.315,0.556,834081.444
4552,4.329,3.615,1.315,221.129,0.383,574811.739
4553,0.000,0.000,0.000,220.617,0.512,767757.215
4554,0.000,0.000,0.000,220.268,0.349,523230.309
4555,0.000,0.000,0.000,220.048,0.222,332574.941
4556,0.000,2.660,0.980,219.828,0.220,330071.519
4557,0.000,3.650,1.342,219.608,0.220,329741.448
4558,0.000,2.262,0.824,219.388,0.220,329411.706
4559,0.000,1.330,0.482,219.169,0.219,329082.294
4560,0.000,1.392,0.502,218.950,0.219,328753.212
4561,0.000,0.710,0.255,218.731,0.219,328424.459
4562,0.000,0.827,0.297,218.512,0.219,328096.034
4563,1.093,0.944,0.338,218.293,0.219,327767.938
4564,6.610,5.686,2.043,219.431,0.218,327440.170
4565,0.551,0.000,0.000,219.068,0.516,774434.852
4566,0.000,0.000,0.000,218.682,0.386,578505.881
4567,0.000,0.000,0.000,218.464,0.250,375123.462
4568,0.000,0.000,0.000,218.245,0.218,327695.418
4569,0.000,0.000,0.000,218.027,0.218,327367.723
4570,0.000,0.000,0.000,217.809,0.218,327040.355
4571,0.000,0.000,0.000,217.591,0.218,326713.315
4572,0.000,0.000,0.000,217.373,0.218,326386.602
4573,0.000,0.000,0.000,217.156,0.217,326060.215
4574,0.000,0.000,0.000,216.939,0.217,325734.155
4575,0.000,0.000,0.000,216.722,0.217,325408.421
4576,0.000,0.000,0.000,216.505,0.217,325083.012
4577,0.000,0.000,0.000,216.289,0.217,324757.929
4578,0.000,0.000,0.000,216.072,0.216,324433.171
4579,0.000,0.000,0.000,215.856,0.216,324108.738
4580,0.000,0.000,0.000,215.641,0.216,323784.629
4581,0.000,0.000,0.000,215.425,0.216,323460.845
4582,0.000,0.000,0.000,215.209,0.215,323137.384
4583,0.000,0.000,0.000,215.421,0.215,322814.246
4584,0.000,0.000,0.000,215.206,0.309,463143.591
4585,0.000,0.000,0.000,214.990,0.215,322808.269
4586,0.000,0.000,0.000,214.775,0.215,322485.461
4587,0.000,0.000,0.000,214.561,0.215,322162.975
4588,0.000,0.000,0.000,214.346,0.215,321840.812
4589,0.000,0.000,0.000,214.132,0.214,321518.971
4590,0.000,0.000,0.000,213.918,0.214,321197.452
4591,0.000,0.000,0.000,213.704,0.214,320876.255
4592,0.000,0.000,0.000,213.490,0.214,320555.379
4593,0.000,0.000,0.000,213.276,0.213,320234.823
4594,0.000,0.000,0.000,213.063,0.213,319914.588
4595,0.000,0.000,0.000,212.850,0.213,319594.674
4596,0.000,0.000,0.000,212.637,0.213,319275.079
4597,0.000,0.000,0.000,212.425,0.213,318955.804
4598,0.000,0.000,0.000,212.212,0.212,318636.848
4599,0.000,0.000,0.000,212.000,0.212,318318.211
4600,0.000,0.000,0.000,211.788,0.212,317999.893
4601,0.000,0.000,0.000,211.576,0.212,317681.893
4602,0.000,0.000,0.000,211.365,0.212,317364.211
4603,0.000,0.000,0.000,211.153,0.211,317046.847
4604,0.000,0.000,0.000,210.942,0.211,316729.800
4605,0.000,0.000,0.000,210.731,0.211,316413.071
4606,0.000,0.000,0.000,210.520,0.211,316096.657
4607,0.000,0.000,0.000,210.310,0.211,315780.561
4608,0.000,0.000,0.000,210.100,0.210,315464.780
4609,0.000,0.000,0.000,209.889,0.210,315149.315
4610,0.000,0.000,0.000,209.680,0.210,314834.166
4611,0.000,0.000,0.000,209.470,0.210,314519.332
4612,0.000,0.000,0.000,209.260,0.209,314204.813
4613,0.000,0.000,0.000,209.051,0.209,313890.608
4614,0.000,0.000,0.000,208.842,0.209,313576.717
4615,0.000,0.000,0.000,208.633,0.209,313263.141
4616,0.000,0.000,0.000,208.425,0.209,312949.877
4617,0.000,0.000,0.000,208.216,0.208,312636.928
4618,0.000,0.000,0.000,208.008,0.208,312324.291
4619,0.000,0.000,0.000,207.800,0.208,312011.966
4620,0.000,0.000,0.000,207.592,0.208,311699.954
4621,0.000,0.000,0.000,207.385,0.208,311388.254
4622,0.000,0.000,0.000,207.177,0.207,311076.866
4623,0.000,0.000,0.000,206.970,0.207,310765.789
4624,5.024,0.000,0.000,208.366,0.207,310455.023
4625,0.000,0.000,0.000,207.807,0.559,839197.450
4626,0.000,0.000,0.000,207.424,0.383,574670.671
4627,0.000,0.000,0.000,207.216,0.246,368419.688
4628,0.000,0.000,0.000,207.009,0.207,310824.612
4629,0.000,0.000,0.000,206.802,0.207,310513.788
4630,0.000,0.000,0.000,206.595,0.207,310203.274
4631,0.000,0.000,0.000,206.389,0.207,309893.071
4632,0.000,0.000,0.000,206.182,0.206,309583.177
4633,0.000,0.000,0.000,205.976,0.206,309273.594
4634,0.000,0.000,0.000,205.770,0.206,308964.321
4635,0.000,0.000,0.000,205.564,0.206,308655.356
4636,0.000,0.000,0.000,205.359,0.206,308346.701
4637,0.000,0.000,0.000,205.154,0.205,308038.354
4638,0.000,0.000,0.000,204.948,0.205,307730.316
4639,0.000,0.000,0.000,204.743,0.205,307422.586
4640,0.000,0.000,0.000,204.539,0.205,307115.163
4641,0.000,0.000,0.000,204.334,0.205,306808.048
4642,0.000,0.000,0.000,204.130,0.204,306501.240
4643,0.000,0.000,0.000,203.926,0.204,306194.739
4644,0.000,0.000,0.000,203.722,0.204,305888.544
4645,0.000,0.000,0.000,203.518,0.204,305582.655
4646,0.000,0.000,0.000,203.315,0.204,305277.073
4647,0.000,0.000,0.000,203.111,0.203,304971.796
4648,0.000,0.000,0.000,202.908,0.203,304666.824
4649,0.000,0.000,0.000,202.705,0.203,304362.157
4650,0.000,0.000,0.000,202.502,0.203,304057.795
4651,0.000,0.000,0.000,202.300,0.203,303753.737
4652,0.000,0.000,0.000,202.098,0.202,303449.983
4653,0.000,0.000,0.000,201.896,0.202,303146.533
4654,0.000,0.000,0.000,201.694,0.202,302843.387
4655,0.000,0.000,0.000,201.492,0.202,302540.543
4656,0.000,0.000,0.000,201.291,0.201,302238.003
4657,0.000,0.000,0.000,201.089,0.201,301935.765
4658,0.000,0.000,0.000,200.888,0.201,301633.829
4659,0.000,0.000,0.000,200.687,0.201,301332.195
4660,0.000,0.000,0.000,200.487,0.201,301030.863
4661,0.000,0.000,0.000,200.286,0.200,300729.832
4662,0.000,0.000,0.000,200.086,0.200,300429.102
4663,0.000,0.000,0.000,199.886,0.200,300128.673
4664,0.000,0.000,0.000,199.686,0.200,299828.545
4665,0.000,0.000,0.000,199.486,0.200,299528.716
4666,0.000,0.000,0.000,199.287,0.199,299229.187
4667,0.000,0.000,0.000,199.087,0.199,298929.958
4668,0.000,0.000,0.000,198.888,0.199,298631.028
4669,0.000,0.000,0.000,198.689,0.199,298332.397
4670,0.000,0.000,0.000,198.491,0.199,298034.065
4671,0.000,0.000,0.000,198.292,0.198,297736.031
4672,0.000,0.000,0.000,198.094,0.198,297438.295
4673,0.000,0.000,0.000,197.896,0.198,297140.856
4674,0.000,0.000,0.000,197.698,0.198,296843.716
4675,0.000,0.000,0.000,197.500,0.198,296546.872
4676,0.728,0.000,0.000,197.501,0.198,296250.325
4677,0.000,0.000,0.000,197.840,0.241,361313.390
4678,0.000,0.000,0.000,198.103,0.315,472864.492
4679,0.000,0.000,0.000,197.809,0.318,476818.584
4680,0.000,0.000,0.000,197.611,0.198,296712.919
4681,0.000,0.000,0.000,197.413,0.198,296416.206
4682,0.000,0.000,0.000,197.216,0.197,296119.790
4683,0.000,0.000,0.000,197.019,0.197,295823.670
4684,0.000,0.000,0.000,196.822,0.197,295527.846
4685,0.000,0.000,0.000,196.625,0.197,295232.318
4686,0.000,0.000,0.000,196.428,0.197,294937.086
4687,0.000,0.000,0.000,196.232,0.196,294642.149
4688,0.000,0.000,0.000,196.035,0.196,294347.507
4689,0.000,0.000,0.000,195.839,0.196,294053.159
4690,0.000,0.000,0.000,195.644,0.196,293759.106
4691,0.000,0.000,0.000,195.448,0.196,293465.347
4692,0.000,0.000,0.000,195.252,0.195,293171.882
4693,0.000,0.000,0.000,195.057,0.195,292878.710
4694,0.000,0.000,0.000,194.862,0.195,292585.831
4695,0.000,0.000,0.000,194.667,0.195,292293.245
4696,0.000,0.000,0.000,194.473,0.195,292000.952
4697,0.000,0.000,0.000,194.278,0.194,291708.951
4698,0.000,0.000,0.000,194.084,0.194,291417.242
4699,0.000,0.000,0.000,193.890,0.194,291125.825
4700,0.000,0.000,0.000,193.696,0.194,290834.699
4701,0.000,0.000,0.000,193.502,0.194,290543.864
4702,0.000,0.000,0.000,193.309,0.194,290253.321
4703,0.000,0.000,0.000,193.115,0.193,289963.067
4704,0.000,0.000,0.000,192.922,0.193,289673.104
4705,0.000,0.000,0.000,192.729,0.193,289383.431
4706,0.000,0.000,0.000,192.537,0.193,289094.048
4707,0.000,0.000,0.000,192.344,0.193,288804.954
4708,0.000,0.000,0.000,192.152,0.192,288516.149
4709,0.000,0.000,0.000,191.960,0.192,288227.632
4710,0.000,0.000,0.000,191.768,0.192,287939.405
4711,0.000,0.000,0.000,191.576,0.192,287651.465
4712,0.000,0.000,0.000,191.384,0.192,287363.814
4713,0.000,0.000,0.000,191.193,0.191,287076.450
4714,0.000,0.000,0.000,191.002,0.191,286789.374
4715,0.000,0.000,0.000,190.811,0.191,286502.584
4716,0.000,0.000,0.000,190.620,0.191,286216.082
4717,0.000,0.000,0.000,190.429,0.191,285929.866
4718,0.000,0.000,0.000,190.239,0.190,285643.936
4719,0.000,0.000,0.000,190.049,0.190,285358.292
4720,0.000,0.000,0.000,189.859,0.190,285072.934
4721,0.000,0.000,0.000,189.669,0.190,284787.861
4722,0.000,0.000,0.000,189.479,0.190,284503.073
4723,0.000,0.000,0.000,189.290,0.189,284218.570
4724,0.000,0.000,0.000,189.100,0.189,283934.351
4725,0.000,0.000,0.000,188.911,0.189,283650.417
4726,0.000,0.000,0.000,188.722,0.189,283366.766
4727,0.000,0.000,0.000,188.534,0.189,283083.400
4728,0.000,0.000,0.000,188.345,0.189,282800.316
4729,0.000,0.000,0.000,188.157,0.188,282517.516
4730,0.000,0.000,0.000,187.969,0.188,282234.998
4731,0.000,0.000,0.000,187.781,0.188,281952.763
4732,0.000,0.000,0.000,187.593,0.188,281670.811
4733,0.000,0.000,0.000,187.405,0.188,281389.140
4734,0.000,0.000,0.000,187.218,0.187,281107.751
4735,0.000,0.000,0.000,187.031,0.187,280826.643
4736,0.000,0.000,0.000,186.844,0.187,280545.816
4737,0.000,0.000,0.000,186.657,0.187,280265.270
4738,0.000,0.000,0.000,186.470,0.187,279985.005
4739,0.000,0.086,0.034,186.988,0.186,279705.020
4740,0.000,0.632,0.257,188.209,0.341,512042.295
4741,0.000,0.612,0.255,189.238,0.552,828360.030
4742,0.000,0.125,0.053,189.769,0.721,1081213.051
4743,0.000,0.901,0.388,190.844,0.780,1169964.693
4744,0.000,0.725,0.319,191.644,0.959,1438288.898
4745,1.737,0.308,0.138,192.625,1.077,1615991.840
4746,1.770,2.870,1.314,195.554,1.236,1853652.241
4747,5.943,2.769,1.314,199.475,1.823,2733973.125
4748,0.000,3.721,1.851,201.444,2.628,3942085.251
4749,4.357,3.763,1.928,204.916,3.004,4505836.554
4750,8.344,1.958,1.045,207.891,3.710,5565666.158
4751,9.188,2.207,1.228,211.157,4.308,6461849.916
4752,0.000,1.755,1.017,209.558,4.969,7453822.405
4753,0.000,2.430,1.429,209.111,4.560,6840467.079
4754,0.000,3.377,2.018,209.877,4.405,6607500.332
4755,0.000,5.089,3.096,212.448,4.517,6774809.840
4756,0.000,5.179,3.218,214.763,5.025,7537991.691
4757,0.000,6.673,4.232,218.437,5.478,8216760.748
4758,0.000,7.133,4.625,222.090,6.229,9343828.659
4759,0.000,8.443,5.594,226.734,6.976,10464263.265
4760,0.000,4.746,3.215,226.288,7.941,11911899.513
4761,0.000,0.406,0.279,220.878,7.787,11679795.940
4762,0.000,1.872,1.295,218.511,6.540,9809706.864
4763,0.000,2.792,1.950,217.885,5.962,8943668.571
4764,6.350,0.226,0.160,217.763,5.768,8652631.278
4765,0.000,0.000,0.000,212.078,5.685,8527590.239
4766,0.000,0.000,0.000,207.700,4.378,6567029.511
4767,0.000,0.000,0.000,204.341,3.359,5037876.634
4768,0.000,0.000,0.000,201.778,2.563,3845221.796
4769,0.000,0.000,0.000,199.834,1.943,2915035.344
4770,0.366,0.000,0.000,199.056,1.460,2189574.150
4771,0.000,0.000,0.000,197.824,1.233,1848797.196
4772,2.924,0.000,0.000,200.371,0.905,1358076.617
4773,1.239,0.000,0.000,200.678,1.410,2114647.253
4774,0.000,3.003,2.192,205.106,1.422,2132277.332
4775,0.000,2.804,2.064,208.411,2.340,3509872.037
4776,0.000,5.257,3.902,214.283,3.011,4516622.631
4777,0.000,8.365,6.270,223.096,4.247,6371007.655
4778,0.000,11.813,8.960,234.769,6.130,9195681.883
4779,0.000,13.591,10.446,246.568,8.643,12964503.741
4780,0.000,15.405,11.993,258.572,11.183,16774762.652
4781,0.000,13.408,10.568,265.518,13.769,20652919.853
4782,0.000,12.269,9.767,269.609,15.241,22862004.549
4783,0.000,13.521,10.855,265.570,16.086,24128993.615
4784,0.000,13.580,10.784,250.428,15.142,22713138.305
4785,0.000,14.352,10.995,238.673,11.756,17633347.962
4786,0.000,16.201,11.948,229.559,9.114,13671194.395
4787,0.000,15.097,10.664,222.505,7.054,10580797.430
4788,0.200,10.472,7.106,217.161,5.447,8170370.531
4789,0.000,5.760,3.804,212.945,4.216,6324530.743
4790,6.237,5.663,3.684,212.814,3.234,4850647.735
4791,0.570,1.162,0.754,209.947,3.150,4724886.466
4792,0.000,1.852,1.200,207.483,2.464,3696529.652
4793,5.552,0.839,0.541,208.352,1.867,2801054.096
4794,4.884,2.215,1.441,208.779,2.004,3005915.887
4795,1.139,3.471,2.268,207.305,2.043,3064529.541
4796,2.174,4.391,2.849,206.719,1.664,2496171.973
4797,6.007,5.234,3.372,208.198,1.481,2221020.624
4798,0.000,6.392,4.113,206.446,1.751,2627123.503
4799,5.621,5.409,3.423,207.854,1.312,1967409.502
4800,0.275,5.581,3.524,206.420,1.567,2350263.641
4801,0.000,4.711,2.933,205.223,1.197,1795422.597
4802,4.996,4.130,2.540,206.692,0.879,1318927.791
4803,0.000,5.795,3.566,205.544,1.148,1722227.586
4804,0.000,2.430,1.472,204.702,0.841,1261998.604
4805,0.000,3.877,2.334,204.100,0.602,903101.337
4806,0.000,5.889,3.510,203.685,0.415,623242.727
4807,9.141,6.162,3.617,207.366,0.270,405034.187
4808,1.684,7.402,4.372,207.068,1.058,1587164.667
4809,13.943,8.174,4.755,212.325,0.939,1407818.894
4810,4.576,7.188,4.237,212.344,2.041,3061632.095
4811,0.000,7.960,4.656,210.353,1.991,2987204.708
4812,0.000,14.266,8.173,208.853,1.500,2249281.024
4813,0.000,15.436,8.515,207.737,1.116,1673781.290
4814,0.000,16.052,8.499,206.921,0.817,1224972.155
4815,0.000,16.992,8.621,206.337,0.583,874981.607
4816,17.728,7.855,3.809,212.490,0.401,602069.476
4817,2.483,3.490,1.759,211.744,1.702,2552286.949
4818,0.000,7.582,3.817,210.260,1.484,2225573.547
4819,0.000,9.559,4.718,209.156,1.104,1655772.196
4820,0.000,10.939,5.265,208.348,0.808,1211407.318
4821,4.544,10.113,4.728,209.391,0.577,864882.809
4822,5.409,10.198,4.721,210.547,0.753,1129083.382
4823,3.938,10.167,4.674,210.973,0.954,1430492.835
4824,0.814,8.319,3.778,210.260,0.994,1491305.440
4825,1.411,8.506,3.792,209.955,0.784,1176494.837
4826,0.000,5.405,2.369,209.291,0.664,996171.186
4827,2.936,5.058,2.186,209.792,0.465,697477.516
4828,0.000,6.026,2.601,209.270,0.522,783498.508
4829,2.355,6.560,2.787,209.677,0.355,531751.820
4830,4.853,10.004,4.219,210.844,0.391,586870.469
4831,0.000,10.850,4.550,210.249,0.595,892784.845
4832,0.000,10.861,4.426,209.838,0.411,617233.055
4833,0.000,14.169,5.610,209.628,0.268,402381.799
4834,0.000,17.780,6.781,209.419,0.210,314442.268
4835,0.000,18.977,6.903,209.209,0.209,314127.826
4836,0.000,19.375,6.699,209.000,0.209,313813.698
4837,0.000,19.715,6.473,208.791,0.209,313499.884
4838,0.000,20.042,6.243,208.582,0.209,313186.384
4839,0.000,18.603,5.493,208.374,0.209,312873.198
4840,2.077,16.696,4.691,208.165,0.208,312560.325
4841,1.454,15.085,4.118,207.957,0.208,312247.764
4842,10.342,15.089,4.003,209.378,0.208,311935.517
4843,10.502,12.250,3.386,211.013,0.566,849299.183
4844,11.269,10.374,3.000,212.612,0.873,1309052.212
4845,2.761,7.675,2.335,212.078,1.172,1757269.335
4846,0.724,7.515,2.282,211.243,1.001,1501605.643
4847,1.167,10.187,3.048,210.744,0.765,1146939.604
4848,11.048,9.578,2.812,212.603,0.602,902814.900
4849,7.422,8.635,2.665,213.384,0.958,1437171.931
4850,4.837,5.827,1.844,213.469,1.077,1615685.766
4851,5.878,5.273,1.694,213.860,1.043,1564789.044
4852,3.517,7.886,2.590,213.660,1.077,1614783.248
4853,8.544,8.451,2.777,214.812,0.980,1470121.601
4854,9.529,7.991,2.701,216.078,1.181,1771501.807
4855,16.243,7.691,2.687,218.984,1.407,2110533.455
4856,4.336,6.049,2.259,218.222,1.994,2990897.541
4857,0.000,7.340,2.757,216.448,1.774,2660746.883
4858,0.000,8.408,3.098,215.117,1.331,1996910.032
4859,0.000,8.151,2.938,214.131,0.986,1479195.761
4860,0.000,9.364,3.303,213.414,0.717,1075457.024
4861,4.985,9.278,3.193,214.210,0.507,760619.124
4862,0.000,8.611,2.975,213.580,0.630,945306.872
4863,2.540,7.679,2.593,213.792,0.440,659258.403
4864,0.000,9.196,3.089,213.358,0.434,651298.339
4865,0.000,8.650,2.836,213.145,0.287,430087.831
4866,3.869,7.765,2.488,213.423,0.213,319717.460
4867,0.000,9.231,2.969,213.169,0.321,481584.808
4868,2.573,5.671,1.780,213.119,0.213,319753.345
4869,0.000,5.382,1.692,212.906,0.249,373224.011
4870,0.000,5.195,1.610,212.693,0.213,319358.660
4871,1.925,8.857,2.708,212.480,0.213,319039.301
4872,0.000,10.027,3.034,212.268,0.212,318720.262
4873,0.000,10.050,2.961,212.055,0.212,318401.542
4874,11.665,10.187,2.923,213.932,0.212,318083.140
4875,6.039,5.667,1.718,214.650,0.671,1007090.255
4876,4.663,2.746,0.853,214.973,0.777,1165674.258
4877,0.000,4.973,1.580,214.177,0.796,1194043.389
4878,0.000,4.341,1.362,213.608,0.569,853275.782
4879,1.405,5.441,1.687,213.547,0.392,587555.126
4880,5.308,6.295,1.942,214.463,0.326,489487.585
4881,0.000,6.490,2.038,213.987,0.476,714170.691
4882,0.849,4.009,1.238,213.867,0.320,479286.921
4883,1.075,5.121,1.573,213.653,0.241,361848.393
4884,0.000,3.916,1.195,213.440,0.214,320479.775
4885,0.000,5.199,1.571,213.226,0.213,320159.295
4886,0.000,4.660,1.389,213.013,0.213,319839.136
4887,0.000,2.983,0.879,212.800,0.213,319519.297
4888,0.000,2.075,0.606,212.587,0.213,319199.777
4889,0.000,1.556,0.452,212.374,0.213,318880.577
4890,1.824,2.227,0.645,212.162,0.212,318561.697
4891,0.451,3.998,1.165,211.950,0.212,318243.135
4892,0.000,4.458,1.290,211.738,0.212,317924.892
4893,0.000,6.100,1.744,211.526,0.212,317606.967
4894,0.000,6.041,1.700,211.315,0.212,317289.360
4895,0.000,7.492,2.075,211.103,0.211,316972.071
4896,0.000,7.652,2.078,210.892,0.211,316655.099
4897,0.000,7.652,2.037,210.681,0.211,316338.444
4898,0.000,7.289,1.902,210.471,0.211,316022.105
4899,3.643,5.261,1.347,210.517,0.210,315706.083
4900,0.000,0.062,0.016,210.306,0.267,400011.780
4901,0.000,0.324,0.084,210.096,0.210,315459.629
4902,0.237,0.000,0.000,209.886,0.210,315144.170
4903,7.295,0.000,0.000,210.665,0.210,314829.026
4904,9.147,0.000,0.000,212.149,0.427,640913.809
4905,3.020,0.000,0.000,212.122,0.701,1051613.861
4906,0.000,0.000,0.000,211.480,0.643,963979.724
4907,0.000,0.000,0.000,211.031,0.449,673115.608
4908,0.000,0.000,0.000,211.279,0.298,446320.385
4909,0.000,0.000,0.000,211.345,0.312,467717.610
4910,3.397,3.050,0.943,214.184,0.274,410767.730
4911,0.444,3.073,1.028,214.474,0.882,1323395.736
4912,4.528,4.173,1.422,214.752,0.894,1340467.851
4913,1.177,3.475,1.201,214.159,0.903,1353957.078
4914,0.643,2.668,0.920,213.608,0.720,1079819.994
4915,0.455,2.562,0.881,213.180,0.546,819639.373
4916,0.000,0.335,0.115,212.780,0.400,600380.904
4917,0.000,0.000,0.000,212.567,0.260,390221.148
4918,0.000,0.000,0.000,212.355,0.213,318850.880
4919,0.000,0.000,0.000,212.142,0.212,318532.029
4920,0.000,0.000,0.000,211.930,0.212,318213.497
4921,0.000,0.000,0.000,211.718,0.212,317895.284
4922,8.832,2.648,0.906,213.351,0.212,317577.389
4923,2.134,0.000,0.000,213.312,0.617,926048.975
4924,0.000,0.000,0.000,212.756,0.557,834839.732
4925,1.990,0.000,0.000,212.920,0.382,572908.235
4926,7.578,0.772,0.281,214.654,0.366,548767.433
4927,5.065,0.000,0.000,215.414,0.695,1042867.821
4928,0.364,0.000,0.000,214.711,0.811,1215861.493
4929,0.000,0.000,0.000,214.107,0.604,905838.451
4930,0.000,0.000,0.000,213.688,0.419,628677.787
4931,0.000,0.000,0.000,213.475,0.275,412570.346
4932,0.000,0.000,0.000,213.261,0.213,320211.891
4933,0.000,0.000,0.000,213.048,0.213,319891.679
4934,0.000,0.000,0.000,212.835,0.213,319571.787
4935,0.000,0.000,0.000,212.622,0.213,319252.215
4936,0.000,1.291,0.501,213.205,0.213,318932.963
4937,0.000,2.184,0.861,212.818,0.388,581270.619
4938,0.000,1.408,0.552,212.605,0.250,375342.555
4939,0.000,0.000,0.000,212.393,0.213,318907.683
4940,0.000,0.000,0.000,212.180,0.212,318588.775
4941,0.000,0.000,0.000,211.968,0.212,318270.186
4942,9.125,0.000,0.000,214.247,0.212,317951.916
4943,0.000,0.000,0.000,213.488,0.760,1139819.120
4944,0.000,0.000,0.000,212.947,0.541,810795.752
4945,0.000,0.000,0.000,212.578,0.369,554235.788
4946,0.000,0.000,0.000,212.365,0.236,354197.201
4947,0.000,0.000,0.000,212.153,0.212,318547.614
4948,4.562,0.000,0.000,213.160,0.212,318229.066
4949,0.000,0.000,0.000,212.680,0.480,720467.325
4950,0.000,0.000,0.000,212.416,0.323,483761.987
4951,0.000,0.000,0.000,212.204,0.212,318624.658
4952,0.000,0.000,0.000,211.992,0.212,318306.034
4953,0.000,0.000,0.000,211.780,0.212,317987.728
4954,0.000,0.000,0.000,211.568,0.212,317669.740
4955,0.000,0.000,0.000,211.356,0.212,317352.070
4956,0.000,0.000,0.000,211.145,0.211,317034.718
4957,0.000,0.000,0.000,210.934,0.211,316717.683
4958,0.000,0.000,0.000,210.723,0.211,316400.966
4959,0.000,0.000,0.000,210.512,0.211,316084.565
4960,3.115,0.000,0.000,211.860,0.211,315768.480
4961,0.000,0.000,0.000,211.307,0.553,829800.113
4962,0.000,0.000,0.000,210.928,0.379,568503.232
4963,0.000,0.000,0.000,210.717,0.243,364770.405
4964,0.000,0.000,0.000,210.507,0.211,316076.180
4965,0.000,0.000,0.000,210.296,0.211,315760.103
4966,0.000,0.000,0.000,210.086,0.210,315444.343
4967,0.000,0.000,0.000,209.876,0.210,315128.899
4968,0.000,0.000,0.000,209.666,0.210,314813.770
4969,0.000,0.000,0.000,209.456,0.210,314498.956
4970,0.000,0.000,0.000,209.247,0.209,314184.457
4971,0.000,0.000,0.000,209.038,0.209,313870.273
4972,0.000,0.000,0.000,208.829,0.209,313556.403
4973,0.000,0.000,0.000,208.620,0.209,313242.846
4974,0.000,0.000,0.000,208.411,0.209,312929.603
4975,0.000,0.000,0.000,208.203,0.208,312616.674
4976,0.000,0.000,0.000,207.995,0.208,312304.057
4977,0.000,0.000,0.000,207.787,0.208,311991.753
4978,0.000,0.000,0.000,207.579,0.208,311679.761
4979,0.000,0.000,0.000,207.371,0.208,311368.082
4980,0.000,0.000,0.000,207.164,0.207,311056.713
4981,0.000,0.000,0.000,206.957,0.207,310745.657
4982,0.000,0.000,0.000,206.750,0.207,310434.911
4983,0.000,0.000,0.000,206.543,0.207,310124.476
4984,0.000,0.000,0.000,206.336,0.207,309814.352
4985,0.000,0.000,0.000,206.130,0.206,309504.537
4986,0.000,0.000,0.000,205.924,0.206,309195.033
4987,0.000,0.000,0.000,205.718,0.206,308885.838
4988,0.000,0.000,0.000,205.512,0.206,308576.952
4989,0.000,0.000,0.000,205.307,0.206,308268.375
4990,0.000,0.000,0.000,205.101,0.205,307960.107
4991,0.000,0.000,0.000,204.896,0.205,307652.147
4992,0.000,0.000,0.000,204.691,0.205,307344.494
4993,0.000,0.000,0.000,204.487,0.205,307037.150
4994,0.000,0.000,0.000,204.282,0.204,306730.113
4995,0.000,0.000,0.000,204.078,0.204,306423.383
4996,0.000,0.000,0.000,203.874,0.204,306116.959
4997,0.000,0.000,0.000,203.670,0.204,305810.842
4998,0.000,0.000,0.000,203.466,0.204,305505.031
4999,0.000,0.000,0.000,203.263,0.203,305199.526
5000,0.000,0.000,0.000,203.060,0.203,304894.327
5001,0.000,0.000,0.000,202.857,0.203,304589.433
5002,0.000,0.000,0.000,202.654,0.203,304284.843
5003,0.000,0.308,0.132,203.407,0.203,303980.558
5004,0.000,0.000,0.000,202.994,0.413,619141.838
5005,5.155,0.000,0.000,205.482,0.268,401610.804
5006,3.812,0.413,0.187,207.564,0.795,1192152.660
5007,0.000,0.000,0.000,206.365,1.198,1797730.084
5008,0.000,0.000,0.000,205.484,0.881,1321102.697
5009,0.000,0.000,0.000,204.851,0.633,949414.462
5010,0.000,0.000,0.000,204.412,0.440,659578.684
5011,0.000,0.000,0.000,204.208,0.289,433587.742
5012,0.000,0.000,0.000,204.003,0.204,306311.415
5013,0.000,0.000,0.000,203.799,0.204,306005.104
5014,0.000,0.000,0.000,203.596,0.204,305699.099
5015,0.000,0.000,0.000,203.392,0.204,305393.400
5016,0.000,0.000,0.000,203.189,0.203,305088.006
5017,0.000,0.000,0.000,202.985,0.203,304782.918
5018,0.000,0.000,0.000,202.782,0.203,304478.135
5019,0.000,0.000,0.000,202.580,0.203,304173.657
5020,0.000,0.000,0.000,202.377,0.203,303869.484
5021,0.000,0.000,0.000,202.175,0.202,303565.614
5022,0.000,0.000,0.000,201.973,0.202,303262.048
5023,0.000,0.000,0.000,201.771,0.202,302958.786
5024,0.000,0.000,0.000,201.569,0.202,302655.828
5025,0.000,0.000,0.000,201.367,0.202,302353.172
5026,0.000,0.000,0.000,201.166,0.201,302050.819
5027,0.000,0.000,0.000,200.965,0.201,301748.768
5028,0.000,0.000,0.000,200.764,0.201,301447.019
5029,0.000,0.000,0.000,200.563,0.201,301145.572
5030,0.000,0.000,0.000,200.362,0.201,300844.426
5031,0.000,0.000,0.000,200.162,0.200,300543.582
5032,0.000,0.000,0.000,199.962,0.200,300243.038
5033,0.000,0.000,0.000,199.762,0.200,299942.795
5034,0.000,0.000,0.000,199.562,0.200,299642.853
5035,0.000,0.000,0.000,199.363,0.200,299343.210
5036,0.000,0.000,0.000,199.163,0.199,299043.867
5037,0.000,0.000,0.000,198.964,0.199,298744.823
5038,0.000,0.000,0.000,198.765,0.199,298446.078
5039,0.000,0.000,0.000,198.566,0.199,298147.632
5040,0.000,0.000,0.000,198.368,0.199,297849.484
5041,0.000,0.000,0.000,198.169,0.198,297551.635
5042,0.000,0.000,0.000,197.971,0.198,297254.083
5043,0.000,0.000,0.000,197.773,0.198,296956.829
5044,0.000,0.000,0.000,197.575,0.198,296659.872
5045,0.000,0.000,0.000,197.378,0.198,296363.212
5046,0.000,0.000,0.000,197.181,0.197,296066.849
5047,0.000,0.000,0.000,196.983,0.197,295770.782
5048,0.000,0.000,0.000,196.786,0.197,295475.011
5049,0.000,0.000,0.000,196.590,0.197,295179.536
5050,0.000,0.000,0.000,196.393,0.197,294884.357
5051,0.000,0.000,0.000,196.197,0.196,294589.473
5052,0.000,0.000,0.000,196.000,0.196,294294.883
5053,0.000,0.000,0.000,195.804,0.196,294000.588
5054,0.000,0.000,0.000,195.609,0.196,293706.588
5055,0.000,0.000,0.000,195.413,0.196,293412.881
5056,0.000,0.000,0.000,195.218,0.195,293119.468
5057,0.000,0.000,0.000,195.022,0.195,292826.349
5058,0.000,0.000,0.000,194.827,0.195,292533.522
5059,0.000,0.000,0.000,194.632,0.195,292240.989
5060,0.000,0.000,0.000,194.438,0.195,291948.748
5061,0.000,0.000,0.000,194.243,0.194,291656.799
5062,0.000,0.000,0.000,194.049,0.194,291365.142
5063,0.000,0.000,0.000,193.855,0.194,291073.777
5064,0.000,0.000,0.000,193.661,0.194,290782.703
5065,0.000,0.000,0.000,193.468,0.194,290491.921
5066,0.000,0.000,0.000,193.274,0.193,290201.429
5067,0.000,0.000,0.000,193.081,0.193,289911.227
5068,0.000,0.000,0.000,192.888,0.193,289621.316
5069,0.000,0.000,0.000,192.695,0.193,289331.695
5070,0.000,0.000,0.000,192.502,0.193,289042.363
5071,0.000,0.000,0.000,192.310,0.193,288753.321
5072,0.000,0.000,0.000,192.117,0.192,288464.567
5073,0.000,0.000,0.000,191.925,0.192,288176.103
5074,0.000,0.000,0.000,191.733,0.192,287887.927
5075,0.000,0.000,0.000,191.542,0.192,287600.039
5076,0.000,0.000,0.000,191.350,0.192,287312.439
5077,0.000,0.000,0.000,191.159,0.191,287025.126
5078,0.000,0.000,0.000,190.968,0.191,286738.101
5079,0.000,0.000,0.000,190.777,0.191,286451.363
5080,0.000,0.000,0.000,190.586,0.191,286164.912
5081,0.000,0.000,0.000,190.395,0.191,285878.747
5082,0.000,0.000,0.000,190.205,0.190,285592.868
5083,0.000,0.000,0.000,190.015,0.190,285307.275
5084,0.000,0.000,0.000,189.825,0.190,285021.968
5085,0.000,0.000,0.000,189.635,0.190,284736.946
5086,0.000,1.162,0.541,191.215,0.190,284452.209
5087,0.000,1.954,0.928,193.557,0.579,868349.513
5088,0.000,3.081,1.497,196.465,1.037,1555497.247
5089,0.000,0.000,0.000,195.734,1.620,2429705.180
5090,0.000,0.000,0.000,194.891,1.402,2102845.112
5091,0.000,0.000,0.000,193.731,1.160,1739318.341
5092,0.000,0.000,0.000,192.883,0.848,1271417.901
5093,0.108,0.000,0.000,192.879,0.604,906540.808
5094,0.000,2.636,1.339,196.064,0.547,819947.692
5095,0.000,3.299,1.715,199.296,1.191,1786126.238
5096,0.000,1.618,0.863,200.419,1.845,2767670.348
5097,0.000,0.000,0.000,199.507,2.036,3053552.503
5098,0.000,1.002,0.547,200.183,1.779,2667763.758
5099,0.000,1.868,1.034,201.638,1.871,2806066.320
5100,0.000,1.427,0.803,202.452,2.135,3201884.181
5101,0.000,0.000,0.000,201.527,2.257,3385852.073
5102,0.000,0.000,0.000,200.185,1.997,2996084.442
5103,0.000,0.784,0.453,200.915,1.646,2468951.345
5104,0.000,0.000,0.000,199.627,1.750,2625627.007
5105,0.000,1.193,0.699,201.045,1.411,2116430.307
5106,0.000,0.519,0.308,201.543,1.667,2500481.013
5107,0.000,2.543,1.523,204.131,1.721,2580821.325
5108,0.000,3.689,2.244,207.495,2.234,3351022.119
5109,0.000,3.483,2.156,210.051,2.918,4377076.980
5110,3.163,3.931,2.474,214.209,3.425,5137067.691
5111,5.693,0.854,0.550,215.463,4.284,6425545.501
5112,0.000,2.878,1.893,216.081,4.504,6755644.245
5113,0.000,2.941,1.958,216.757,4.584,6876240.287
5114,0.000,4.867,3.280,219.679,4.677,7015817.058
5115,0.000,7.644,5.229,225.457,5.265,7896912.945
5116,0.000,4.161,2.899,225.972,6.480,9720473.607
5117,0.000,0.367,0.258,221.825,6.538,9807256.088
5118,0.922,0.000,0.000,218.459,5.570,8355522.622
5119,0.000,0.000,0.000,214.949,4.774,7161668.227
5120,1.035,0.000,0.000,211.723,3.947,5920747.620
5121,1.930,0.000,0.000,210.015,3.182,4773113.083
5122,3.255,0.000,0.000,211.007,2.751,4126953.870
5123,0.000,0.000,0.000,209.650,2.914,4371692.964
5124,0.000,0.125,0.091,209.265,2.561,3841214.770
5125,0.000,0.000,0.000,206.844,2.421,3631622.278
5126,0.000,1.630,1.202,206.271,1.834,2750266.166
5127,0.000,2.305,1.698,204.618,1.653,2478888.716
5128,0.000,1.938,1.419,203.384,1.234,1851298.704
5129,0.000,4.037,2.940,202.476,0.908,1361860.729
5130,0.000,3.689,2.659,201.823,0.653,980181.260
5131,0.877,3.221,2.300,201.847,0.455,682553.345
5132,2.945,1.307,0.926,203.039,0.406,608548.373
5133,1.436,3.701,2.628,203.206,0.613,920059.818
5134,0.000,3.923,2.766,202.610,0.596,893419.956
5135,0.000,4.083,2.849,202.200,0.410,615206.988
5136,0.000,4.516,3.117,201.998,0.266,398282.534
5137,0.000,6.665,4.547,201.796,0.202,302996.882
5138,0.000,6.439,4.316,201.594,0.202,302693.885
5139,3.274,5.682,3.745,202.593,0.202,302391.191
5140,23.600,4.306,2.814,213.923,0.465,698164.939
5141,0.554,2.044,1.383,211.306,2.904,4355449.671
5142,0.000,2.016,1.359,209.033,2.274,3410356.215
5143,0.000,8.529,5.719,207.314,1.719,2578573.549
5144,0.000,13.404,8.789,206.027,1.287,1929864.573
5145,0.000,12.804,8.102,205.078,0.949,1423952.994
5146,0.000,9.769,5.976,204.391,0.686,1029423.305
5147,0.000,2.847,1.697,203.910,0.481,721771.407
5148,0.000,0.000,0.000,203.621,0.321,481884.105
5149,0.104,0.000,0.000,203.417,0.204,305431.607
5150,0.000,1.743,1.032,203.214,0.203,305126.176
5151,0.000,1.993,1.174,203.011,0.203,304821.049
5152,2.595,2.402,1.408,203.520,0.203,304516.228
5153,5.484,1.490,0.873,205.616,0.359,539224.614
5154,2.777,3.896,2.306,206.105,0.767,1149755.006
5155,0.551,3.982,2.348,205.534,0.820,1230078.824
5156,4.699,4.477,2.617,206.992,0.640,960409.639
5157,7.249,5.148,3.009,209.321,0.907,1360525.580
5158,0.000,5.877,3.450,207.955,1.365,2048219.158
5159,0.000,4.224,2.442,206.944,1.011,1516813.510
5160,0.000,1.946,1.113,206.209,0.735,1102397.902
5161,0.000,1.346,0.765,205.689,0.519,779234.445
5162,4.731,5.167,2.929,207.386,0.351,527247.584
5163,7.733,3.561,2.016,210.058,0.671,1006534.706
5164,2.977,4.079,2.335,210.154,1.205,1807952.780
5165,0.000,6.408,3.656,208.981,1.173,1759253.011
5166,0.000,7.488,4.202,208.120,0.861,1291983.804
5167,0.000,9.060,4.985,207.501,0.618,927594.055
5168,0.000,10.054,5.401,207.072,0.429,643450.205
5169,0.000,14.020,7.335,206.865,0.281,421898.075
5170,0.000,15.970,8.051,206.659,0.207,310298.110
5171,0.000,15.280,7.382,206.452,0.207,309987.812
5172,0.000,16.403,7.610,206.245,0.206,309677.824
5173,0.000,17.870,7.937,206.039,0.206,309368.146
5174,4.236,18.088,7.660,206.749,0.206,309058.778
5175,3.173,14.418,5.926,207.334,0.407,610983.484
5176,0.000,16.396,6.579,206.852,0.483,723972.330
5177,0.000,18.069,6.941,206.565,0.323,484569.815
5178,0.000,19.617,7.182,206.358,0.207,309847.372
5179,0.000,18.092,6.285,206.152,0.206,309537.524
5180,0.000,14.368,4.757,205.946,0.206,309227.987
5181,5.157,11.092,3.535,206.538,0.206,308918.759
5182,14.483,9.816,3.138,209.672,0.381,571877.158
5183,6.746,5.983,2.034,210.397,1.017,1525859.079
5184,0.777,8.213,2.856,209.479,1.123,1685160.386
5185,3.150,7.106,2.429,209.429,0.868,1302067.189
5186,2.026,9.418,3.217,209.151,0.804,1205573.926
5187,0.000,10.120,3.412,208.462,0.689,1033919.916
5188,0.448,10.136,3.327,208.089,0.484,726618.485
5189,1.117,9.910,3.175,208.012,0.349,523854.677
5190,11.104,9.875,3.104,210.257,0.279,418598.388
5191,2.517,9.918,3.256,210.137,0.747,1121217.021
5192,0.000,11.400,3.702,209.469,0.668,1002062.289
5193,5.799,13.003,4.097,210.388,0.468,702126.731
5194,14.443,10.780,3.406,213.235,0.617,926031.540
5195,19.080,7.675,2.576,216.908,1.191,1786090.674
5196,5.561,7.371,2.697,216.509,1.946,2919200.300
5197,2.992,8.521,3.147,215.544,1.806,2708329.147
5198,3.476,9.317,3.417,214.973,1.540,2310731.398
5199,1.568,10.413,3.794,214.045,1.362,2043230.772
5200,0.000,9.598,3.431,212.940,1.105,1658093.778
5201,0.000,8.775,3.058,212.130,0.810,1214464.926
5202,3.888,8.654,2.947,212.557,0.579,868513.270
5203,0.000,9.208,3.134,211.936,0.620,930705.846
5204,1.710,8.190,2.721,211.937,0.432,647338.648
5205,12.866,8.627,2.834,214.767,0.379,568837.665
5206,4.138,7.800,2.701,214.906,0.950,1424460.150
5207,0.000,8.284,2.876,213.978,0.928,1391955.058
5208,7.775,9.489,3.223,215.313,0.672,1007427.009
5209,11.273,8.736,3.025,217.366,0.913,1369705.140
5210,0.000,11.883,4.278,216.054,1.313,1969148.734
5211,0.000,13.506,4.712,215.082,0.972,1457872.736
5212,0.000,14.684,4.943,214.375,0.706,1059155.520
5213,0.000,15.518,5.024,213.877,0.499,748234.077
5214,0.000,13.966,4.339,213.550,0.337,505793.258
5215,9.494,12.250,3.668,215.044,0.214,320325.385
5216,8.017,10.183,3.146,216.335,0.589,883334.013
5217,1.314,8.876,2.812,215.830,0.821,1231686.601
5218,4.410,6.903,2.154,216.216,0.658,987337.294
5219,0.000,5.772,1.819,215.525,0.692,1037264.471
5220,0.000,4.664,1.448,215.037,0.488,731555.394
5221,18.107,3.190,0.978,218.923,0.329,493179.825
5222,2.350,8.018,2.728,218.398,1.132,1698105.459
5223,6.450,7.348,2.481,219.088,0.965,1447761.899
5224,0.000,5.655,1.944,218.022,1.065,1598117.322
5225,0.000,7.511,2.544,217.243,0.780,1169407.398
5226,9.500,12.811,4.254,219.082,0.557,835090.781
5227,0.121,11.840,4.019,218.203,0.910,1365117.429
5228,0.000,7.480,2.463,217.538,0.665,998232.358
5229,5.685,6.876,2.220,218.464,0.468,701805.160
5230,0.000,8.779,2.882,217.844,0.620,930618.335
5231,14.850,10.054,3.225,221.027,0.433,649219.778
5232,5.212,9.266,3.165,221.298,1.082,1623212.112
5233,3.045,8.748,3.004,221.001,1.091,1635953.265
5234,15.600,8.861,3.025,224.073,0.975,1461775.833
5235,2.441,5.671,2.062,223.149,1.599,2399206.225
5236,0.597,5.671,2.057,221.968,1.345,2017780.852
5237,6.013,7.480,2.682,222.572,1.035,1551973.271
5238,15.375,10.764,3.907,225.699,1.117,1675286.312
5239,0.000,6.014,2.296,223.945,1.754,2630884.379
5240,7.405,6.224,2.339,224.744,1.317,1976114.501
5241,10.123,6.291,2.412,226.254,1.443,2163879.291
5242,0.000,6.458,2.557,224.530,1.724,2586507.555
5243,0.000,4.926,1.917,223.235,1.294,1941728.276
5244,3.431,4.828,1.855,223.279,0.959,1438876.187
5245,2.926,6.716,2.590,223.219,0.918,1377655.397
5246,0.000,7.929,3.048,222.364,0.855,1282345.488
5247,0.000,5.764,2.170,221.748,0.617,924784.400
5248,0.291,5.320,1.972,221.399,0.431,645962.197
5249,0.530,4.883,1.788,221.178,0.304,455650.601
5250,0.000,6.806,2.467,220.957,0.221,331767.008
5251,0.000,7.188,2.560,220.736,0.221,331435.241
5252,0.638,7.184,2.511,220.515,0.221,331103.806
5253,0.171,3.280,1.129,220.295,0.221,330772.702
5254,0.000,3.459,1.182,220.074,0.220,330441.929
5255,0.000,7.621,2.579,219.854,0.220,330111.487
5256,0.000,9.937,3.297,219.634,0.220,329781.376
5257,0.000,5.889,1.903,219.415,0.220,329451.594
5258,1.695,3.830,1.219,219.195,0.219,329122.143
5259,2.162,7.738,2.464,219.049,0.219,328793.021
5260,3.222,2.742,0.867,219.210,0.235,352437.865
5261,0.926,2.937,0.941,219.063,0.302,453715.904
5262,0.000,8.564,2.738,218.844,0.235,352229.026
5263,0.000,9.017,2.819,218.625,0.219,328266.246
5264,2.326,6.228,1.901,218.496,0.219,327937.979
5265,3.237,0.000,0.000,218.646,0.238,356931.018
5266,0.000,0.000,0.000,218.428,0.299,449074.388
5267,2.713,0.000,0.000,218.401,0.218,327641.287
5268,0.000,0.000,0.000,218.182,0.260,390498.646
5269,0.000,0.000,0.000,217.964,0.218,327273.536
5270,0.000,0.000,0.000,217.746,0.218,326946.263
5271,0.000,0.000,0.000,217.528,0.218,326619.317
5272,0.000,0.000,0.000,217.311,0.218,326292.697
5273,0.000,0.000,0.000,217.094,0.217,325966.405
5274,2.366,0.000,0.000,217.282,0.217,325640.438
5275,0.000,0.000,0.000,217.065,0.306,458984.135
5276,0.000,0.000,0.000,216.848,0.217,325597.071
5277,0.000,0.000,0.000,216.631,0.217,325271.474
5278,0.000,0.000,0.000,216.414,0.217,324946.202
5279,0.000,0.000,0.000,216.198,0.216,324621.256
5280,0.000,0.000,0.000,215.982,0.216,324296.635
5281,0.000,0.000,0.000,215.766,0.216,323972.338
5282,5.500,0.008,0.003,217.340,0.216,323648.366
5283,0.000,0.000,0.000,216.914,0.609,914134.213
5284,0.000,0.000,0.000,216.450,0.464,696478.935
5285,0.000,0.000,0.000,216.234,0.311,466313.699
5286,0.000,0.000,0.000,216.017,0.216,324350.443
5287,0.000,0.000,0.000,215.801,0.216,324026.093
5288,0.000,0.000,0.000,215.586,0.216,323702.067
5289,0.000,0.000,0.000,215.416,0.216,323378.365
5290,0.000,0.000,0.000,215.533,0.226,338282.396
5291,0.000,0.000,0.000,215.318,0.288,432396.862
5292,0.000,0.000,0.000,215.102,0.215,322976.508
5293,0.000,0.000,0.000,214.887,0.215,322653.531
5294,0.000,0.000,0.000,214.672,0.215,322330.878
5295,0.000,0.000,0.000,214.458,0.215,322008.547
5296,0.000,0.000,0.000,214.243,0.214,321686.538
5297,0.000,0.000,0.000,214.029,0.214,321364.852
5298,0.000,0.000,0.000,213.815,0.214,321043.487
5299,0.000,0.000,0.000,213.601,0.214,320722.444
5300,0.000,0.000,0.000,213.388,0.214,320401.721
5301,0.000,0.000,0.000,213.174,0.213,320081.319
5302,0.000,0.000,0.000,212.961,0.213,319761.238
5303,0.000,0.000,0.000,212.748,0.213,319441.477
5304,0.000,0.000,0.000,212.535,0.213,319122.035
5305,0.000,0.000,0.000,212.323,0.213,318802.913
5306,0.000,0.000,0.000,212.110,0.212,318484.110
5307,0.000,0.000,0.000,211.898,0.212,318165.626
5308,0.000,0.000,0.000,211.686,0.212,317847.461
5309,0.000,0.000,0.000,211.475,0.212,317529.613
5310,0.000,0.000,0.000,211.263,0.211,317212.084
5311,0.000,0.000,0.000,211.052,0.211,316894.872
5312,0.000,0.000,0.000,210.841,0.211,316577.977
5313,4.671,0.000,0.000,211.710,0.211,316261.399
5314,0.000,0.000,0.000,211.261,0.448,672178.463
5315,0.000,0.000,0.000,211.051,0.297,445666.186
5316,0.000,0.000,0.000,210.840,0.211,316575.897
5317,0.000,0.000,0.000,210.629,0.211,316259.321
5318,2.267,2.012,0.737,212.882,0.211,315943.062
5319,6.239,0.367,0.141,215.245,0.752,1128634.014
5320,0.000,0.000,0.000,214.025,1.220,1829741.099
5321,0.000,0.000,0.000,213.126,0.899,1348574.099
5322,0.000,0.000,0.000,212.477,0.649,973342.463
5323,0.000,0.000,0.000,212.023,0.454,680740.332
5324,0.000,0.000,0.000,211.812,0.302,452589.137
5325,0.000,0.000,0.000,211.600,0.212,317717.376
5326,0.000,0.000,0.000,211.388,0.212,317399.659
5327,0.000,0.000,0.000,211.177,0.211,317082.259
5328,0.000,0.000,0.000,210.966,0.211,316765.177
5329,0.000,0.000,0.000,210.755,0.211,316448.412
5330,0.000,0.000,0.000,210.544,0.211,316131.963
5331,0.000,0.000,0.000,210.333,0.211,315815.831
5332,0.000,0.000,0.000,210.123,0.210,315500.015
5333,0.000,0.000,0.000,209.913,0.210,315184.515
5334,0.000,0.000,0.000,209.703,0.210,314869.331
5335,0.000,0.000,0.000,209.493,0.210,314554.461
5336,0.000,0.000,0.000,209.284,0.209,314239.907
5337,0.000,0.000,0.000,209.074,0.209,313925.667
5338,0.000,0.000,0.000,208.865,0.209,313611.741
5339,0.000,0.000,0.000,208.657,0.209,313298.130
5340,0.000,0.000,0.000,208.448,0.209,312984.832
5341,0.000,0.000,0.000,208.239,0.208,312671.847
5342,0.000,0.000,0.000,208.031,0.208,312359.175
5343,0.000,0.000,0.000,207.823,0.208,312046.816
5344,0.000,0.000,0.000,207.615,0.208,311734.769
5345,0.000,0.000,0.000,207.408,0.208,311423.034
5346,0.000,0.000,0.000,207.200,0.207,311111.611
5347,0.000,0.000,0.000,206.993,0.207,310800.499
5348,0.000,0.000,0.000,206.786,0.207,310489.699
5349,0.000,0.000,0.000,206.579,0.207,310179.209
5350,0.000,0.000,0.000,206.373,0.207,309869.030
5351,0.000,0.000,0.000,206.166,0.206,309559.161
5352,0.000,0.000,0.000,205.960,0.206,309249.602
5353,0.000,0.000,0.000,205.754,0.206,308940.352
5354,0.000,0.000,0.000,205.549,0.206,308631.412
5355,0.000,0.000,0.000,205.343,0.206,308322.781
5356,0.000,0.000,0.000,205.138,0.205,308014.458
5357,0.000,0.000,0.000,204.932,0.205,307706.443
5358,0.000,0.000,0.000,204.728,0.205,307398.737
5359,0.000,0.000,0.000,204.523,0.205,307091.338
5360,0.000,0.000,0.000,204.318,0.205,306784.247
5361,0.000,0.000,0.000,204.114,0.204,306477.463
5362,0.000,0.000,0.000,203.910,0.204,306170.985
5363,0.000,0.000,0.000,203.706,0.204,305864.814
5364,0.000,0.000,0.000,203.502,0.204,305558.949
5365,0.000,0.000,0.000,203.299,0.204,305253.390
5366,0.000,0.000,0.000,203.095,0.203,304948.137
5367,0.000,0.000,0.000,202.892,0.203,304643.189
5368,0.000,0.000,0.000,202.689,0.203,304338.546
5369,0.000,0.000,0.000,202.487,0.203,304034.207
5370,0.000,0.000,0.000,202.284,0.202,303730.173
5371,0.000,0.000,0.000,202.082,0.202,303426.443
5372,0.000,0.000,0.000,201.880,0.202,303123.016
5373,0.000,0.000,0.000,201.678,0.202,302819.893
5374,0.000,0.000,0.000,201.476,0.202,302517.073
5375,0.000,0.000,0.000,201.275,0.201,302214.556
5376,0.000,0.000,0.000,201.074,0.201,301912.342
5377,0.000,0.000,0.000,200.873,0.201,301610.429
5378,0.000,0.000,0.000,200.672,0.201,301308.819
5379,0.000,0.000,0.000,200.471,0.201,301007.510
5380,0.000,0.000,0.000,200.271,0.200,300706.503
5381,0.000,0.000,0.000,200.070,0.200,300405.796
5382,0.000,0.000,0.000,199.870,0.200,300105.390
5383,0.000,0.000,0.000,199.670,0.200,299805.285
5384,0.000,0.000,0.000,199.471,0.200,299505.480
5385,0.000,0.000,0.000,199.271,0.199,299205.974
5386,0.000,0.000,0.000,199.072,0.199,298906.768
5387,0.000,0.000,0.000,198.873,0.199,298607.861
5388,0.000,0.000,0.000,198.674,0.199,298309.254
5389,0.000,0.000,0.000,198.475,0.199,298010.944
5390,0.000,0.000,0.000,198.277,0.198,297712.933
5391,0.000,0.000,0.000,198.079,0.198,297415.220
5392,0.000,0.000,0.000,197.880,0.198,297117.805
5393,0.000,0.000,0.000,197.683,0.198,296820.687
5394,0.000,0.000,0.000,197.485,0.198,296523.867
5395,0.000,0.000,0.000,197.287,0.197,296227.343
5396,0.000,0.000,0.000,197.090,0.197,295931.115
5397,0.000,0.000,0.000,196.893,0.197,295635.184
5398,0.000,0.000,0.000,196.696,0.197,295339.549
5399,0.000,0.000,0.000,196.499,0.197,295044.210
5400,0.000,0.000,0.000,196.303,0.196,294749.165
5401,0.000,0.000,0.000,196.107,0.196,294454.416
5402,0.000,0.000,0.000,195.911,0.196,294159.962
5403,0.000,0.000,0.000,195.715,0.196,293865.802
5404,0.000,0.000,0.000,195.519,0.196,293571.936
5405,0.000,0.000,0.000,195.323,0.196,293278.364
5406,0.000,0.000,0.000,195.128,0.195,292985.086
5407,0.000,0.000,0.000,194.933,0.195,292692.101
5408,0.000,0.000,0.000,194.738,0.195,292399.409
5409,0.000,0.000,0.000,194.543,0.195,292107.009
5410,0.000,0.000,0.000,194.349,0.195,291814.902
5411,0.000,0.000,0.000,194.154,0.194,291523.087
5412,0.000,0.000,0.000,193.960,0.194,291231.564
5413,0.000,0.000,0.000,193.766,0.194,290940.333
5414,0.000,0.000,0.000,193.572,0.194,290649.392
5415,0.000,0.000,0.000,193.379,0.194,290358.743
5416,0.000,0.000,0.000,193.186,0.193,290068.384
5417,0.000,0.000,0.000,192.992,0.193,289778.316
5418,0.000,0.000,0.000,192.799,0.193,289488.537
5419,0.000,0.000,0.000,192.607,0.193,289199.049
5420,0.000,0.000,0.000,192.414,0.193,288909.850
5421,0.000,0.000,0.000,192.222,0.192,288620.940
5422,0.000,0.000,0.000,192.029,0.192,288332.319
5423,0.000,0.000,0.000,191.837,0.192,288043.987
5424,0.000,0.000,0.000,191.645,0.192,287755.943
5425,0.000,0.000,0.000,191.454,0.192,287468.187
5426,0.000,0.000,0.000,191.262,0.191,287180.719
5427,0.000,0.000,0.000,191.071,0.191,286893.538
5428,0.000,0.000,0.000,190.880,0.191,286606.644
5429,0.000,0.000,0.000,190.713,0.191,286320.038
5430,0.000,0.000,0.000,190.523,0.196,294004.937
5431,0.000,0.000,0.000,190.332,0.191,285783.917
5432,0.000,0.000,0.000,190.142,0.190,285498.133
5433,0.000,0.000,0.000,189.952,0.190,285212.635
5434,0.000,0.000,0.000,189.762,0.190,284927.422
5435,0.000,0.000,0.000,189.572,0.190,284642.495
5436,0.000,0.000,0.000,189.382,0.190,284357.852
5437,5.129,0.000,0.000,191.354,0.189,284073.494
5438,7.231,0.168,0.071,194.283,0.665,996996.793
5439,0.000,0.000,0.000,193.031,1.252,1877672.733
5440,0.000,0.000,0.000,192.111,0.919,1378995.290
5441,0.000,0.000,0.000,191.451,0.660,990112.474
5442,0.000,0.000,0.000,190.993,0.458,686869.381
5443,2.678,0.000,0.000,192.078,0.300,450425.187
5444,0.000,0.803,0.360,193.449,0.482,723162.182
5445,0.000,0.000,0.000,193.430,0.727,1090483.860
5446,0.000,0.000,0.000,192.764,0.666,999173.654
5447,0.000,0.000,0.000,192.301,0.463,694363.340
5448,0.000,0.000,0.000,192.048,0.304,456696.287
5449,0.000,0.000,0.000,191.855,0.192,288071.285
5450,0.000,0.000,0.000,191.664,0.192,287783.214
5451,0.000,0.000,0.000,191.472,0.192,287495.431
5452,0.000,0.000,0.000,191.280,0.191,287207.935
5453,0.000,0.000,0.000,191.089,0.191,286920.727
5454,0.000,0.000,0.000,190.898,0.191,286633.806
5455,0.000,0.000,0.000,190.707,0.191,286347.173
5456,0.410,0.000,0.000,191.136,0.191,286060.825
5457,0.000,0.000,0.000,191.287,0.327,490359.331
5458,0.000,0.000,0.000,191.035,0.303,454950.748
5459,0.000,0.000,0.000,190.844,0.191,286552.826
5460,0.000,1.100,0.514,192.381,0.191,286266.273
5461,0.000,0.885,0.422,193.851,0.571,855953.524
5462,0.000,0.000,0.000,193.538,0.837,1255849.037
5463,0.000,1.092,0.532,195.088,0.712,1067640.165
5464,0.693,0.000,0.000,194.459,0.996,1494198.528
5465,0.000,0.000,0.000,193.658,0.801,1201475.966
5466,0.000,0.000,0.000,193.090,0.568,852296.146
5467,0.000,0.000,0.000,192.703,0.387,580020.741
5468,0.000,0.000,0.000,192.510,0.245,367730.695
5469,0.000,0.000,0.000,192.318,0.193,288765.549
5470,0.000,0.000,0.000,192.126,0.192,288476.784
5471,0.000,0.000,0.000,191.933,0.192,288188.307
5472,0.000,0.000,0.000,191.741,0.192,287900.119
5473,0.000,0.000,0.000,191.550,0.192,287612.218
5474,0.000,0.000,0.000,191.358,0.192,287324.606
5475,2.331,0.460,0.229,193.362,0.191,287037.282
5476,0.133,0.000,0.000,193.137,0.674,1011054.386
5477,0.000,0.000,0.000,192.569,0.568,851945.211
5478,0.112,2.324,1.185,195.692,0.386,579575.595
5479,2.462,1.732,0.902,198.658,1.017,1525349.225
5480,0.000,0.000,0.000,197.045,1.613,2419095.149
5481,0.000,0.000,0.000,195.843,1.201,1802207.117
5482,0.000,0.000,0.000,194.963,0.881,1321119.139
5483,0.000,0.000,0.000,194.332,0.631,945955.118
5484,0.000,0.000,0.000,193.896,0.436,653411.700
5485,0.000,0.000,0.000,193.703,0.284,425312.267
5486,0.000,0.000,0.000,193.509,0.194,290554.325
5487,0.000,0.000,0.000,193.536,0.194,290263.771
5488,0.000,0.000,0.000,193.343,0.242,362639.913
5489,0.000,0.000,0.000,193.149,0.193,290013.835
5490,0.000,0.000,0.000,192.956,0.193,289723.821
5491,0.000,0.000,0.000,192.763,0.193,289434.098
5492,0.000,0.421,0.226,193.987,0.193,289144.663
5493,0.000,4.762,2.587,199.494,0.504,756306.571
5494,11.530,5.686,3.176,209.838,1.659,2489167.129
5495,6.491,6.786,4.019,217.555,3.879,5818173.950
5496,0.171,3.791,2.344,217.916,5.520,8280247.171
5497,0.000,5.105,3.213,219.726,5.543,8315171.848
5498,0.000,10.210,6.551,227.074,5.885,8828113.135
5499,0.000,10.881,7.185,234.029,7.446,11169097.679
5500,0.000,11.396,7.730,237.037,8.920,13379910.966
5501,5.975,7.605,5.225,230.652,9.526,14288841.728
5502,0.000,3.779,2.573,222.587,8.065,12097853.717
5503,1.010,0.000,0.000,216.873,6.235,9352518.312
5504,0.000,0.000,0.000,211.951,4.922,7383182.648
5505,0.553,0.000,0.000,208.453,3.783,5675242.409
5506,1.063,0.768,0.519,206.045,2.958,4437353.477
5507,0.000,2.718,1.838,203.672,2.373,3559156.344
5508,0.000,2.964,1.990,201.877,1.795,2692752.561
5509,0.000,4.532,3.019,200.532,1.345,2017041.000
5510,0.000,7.952,5.234,199.539,0.993,1490069.288
5511,0.000,8.806,5.676,198.819,0.719,1079114.576
5512,0.000,7.398,4.660,198.314,0.506,758653.039
5513,0.000,4.637,2.864,197.974,0.339,508776.097
5514,0.000,5.866,3.580,197.776,0.209,313955.056
5515,0.000,7.621,4.580,197.579,0.198,296664.686
5516,0.000,7.215,4.250,197.381,0.198,296368.021
5517,3.479,6.345,3.667,198.270,0.197,296071.653
5518,4.739,6.919,3.968,199.909,0.436,654144.341
5519,3.633,7.870,4.487,200.749,0.741,1112157.017
5520,0.000,9.571,5.395,199.878,0.871,1306409.655
5521,27.875,8.206,4.511,210.952,0.624,936115.401
5522,3.594,4.801,2.785,209.540,3.005,4507676.077
5523,0.154,2.652,1.533,206.968,2.639,3958807.790
5524,0.000,1.775,1.019,204.950,2.018,3027659.295
5525,0.000,4.454,2.546,203.431,1.519,2279021.159
5526,0.000,7.995,4.517,202.300,1.130,1695165.967
5527,1.732,8.986,4.971,202.205,0.827,1239841.387
5528,0.582,2.235,1.213,201.696,0.751,1126127.952
5529,0.000,1.626,0.879,201.112,0.584,875785.122
5530,0.000,2.902,1.562,200.711,0.401,600971.245
5531,0.000,7.695,4.111,200.511,0.258,386698.562
5532,0.000,9.134,4.782,200.310,0.201,300766.363
5533,0.000,11.969,6.118,200.110,0.200,300465.597
5534,15.272,12.453,6.167,205.228,0.200,300165.131
5535,2.588,6.813,3.433,204.853,1.370,2054750.113
5536,0.112,7.507,3.747,203.663,1.233,1848791.938
5537,0.000,10.374,5.079,202.747,0.916,1374094.904
5538,2.919,11.708,5.577,203.147,0.660,989803.680
5539,6.601,10.596,4.945,204.801,0.693,1039919.106
5540,10.444,6.895,3.205,207.499,1.003,1504073.763
5541,0.000,10.705,5.075,205.957,1.542,2312498.263
5542,0.000,13.970,6.438,204.809,1.148,1722085.770
5543,3.033,14.309,6.355,204.994,0.841,1261645.688
5544,0.000,13.295,5.754,204.167,0.827,1241203.217
5545,0.000,10.214,4.268,203.576,0.591,886720.377
5546,0.000,8.167,3.322,203.169,0.407,610305.180
5547,0.000,9.220,3.670,202.966,0.263,394782.664
5548,0.000,11.365,4.416,202.763,0.203,304448.662
5549,0.183,10.199,3.845,202.560,0.203,304144.213
5550,0.000,13.155,4.833,202.357,0.203,303840.069
5551,6.084,13.272,4.709,203.346,0.202,303536.229
5552,10.131,12.745,4.513,205.609,0.464,696195.578
5553,15.236,10.709,3.873,208.890,0.908,1361462.768
5554,0.100,11.766,4.475,207.343,1.575,2362924.733
5555,10.074,12.211,4.504,208.988,1.181,1771388.173
5556,1.830,11.758,4.421,208.023,1.489,2232861.546
5557,7.309,13.108,4.822,208.845,1.222,1833258.932
5558,0.000,9.543,3.522,207.496,1.349,2023642.757
5559,0.000,10.432,3.754,206.498,0.998,1497511.592
5560,4.826,10.643,3.726,207.057,0.725,1087210.214
5561,15.525,12.784,4.470,210.388,0.794,1190980.926
5562,2.144,7.936,2.918,209.514,1.473,2209547.834
5563,0.000,6.685,2.434,208.287,1.227,1840651.253
5564,0.000,9.750,3.488,207.384,0.903,1355182.060
5565,5.853,11.119,3.877,208.284,0.651,976596.615
5566,0.150,10.417,3.644,207.528,0.795,1193156.941
5567,0.000,14.165,4.824,206.952,0.576,863538.640
5568,2.891,13.943,4.574,207.277,0.396,593355.843
5569,7.730,13.276,4.272,208.752,0.414,620353.501
5570,6.660,13.369,4.357,209.716,0.685,1027159.668
5571,4.282,12.437,4.074,209.937,0.843,1265123.257
5572,7.842,10.908,3.549,211.036,0.839,1258422.498
5573,0.000,8.717,2.889,210.009,1.027,1541161.895
5574,4.645,9.403,3.046,210.403,0.748,1122382.006
5575,5.660,10.031,3.261,211.019,0.782,1172905.543
5576,11.031,9.883,3.239,212.900,0.864,1296499.758
5577,5.088,9.840,3.354,212.992,1.225,1837867.321
5578,0.000,10.117,3.459,211.800,1.193,1788960.498
5579,0.000,12.897,4.294,210.922,0.877,1316062.741
5580,0.000,13.763,4.429,210.291,0.632,947281.817
5581,4.074,13.007,4.035,210.811,0.440,659711.944
5582,5.500,10.967,3.376,211.594,0.501,752138.445
5583,0.000,12.496,3.874,210.973,0.621,931784.946
5584,5.479,12.020,3.606,211.789,0.432,647861.651
5585,0.000,13.958,4.210,211.230,0.559,838049.132
5586,0.000,12.948,3.763,210.847,0.383,574905.497
5587,0.000,12.726,3.574,210.636,0.246,369732.236
5588,0.331,13.603,3.694,210.425,0.211,315953.856
5589,0.058,10.694,2.809,210.215,0.210,315637.902
5590,0.000,9.976,2.548,210.005,0.210,315322.264
5591,3.130,10.261,2.553,209.935,0.210,315006.942
5592,0.208,11.158,2.776,209.725,0.241,360854.594
5593,1.184,7.968,1.928,209.515,0.210,314587.073
5594,3.767,7.917,1.896,209.539,0.210,314272.486
5595,5.104,6.938,1.683,209.999,0.261,390865.910
5596,6.458,7.234,1.802,210.860,0.357,534886.029
5597,2.982,6.045,1.560,210.950,0.493,740141.556
5598,5.528,5.070,1.319,211.579,0.460,690687.268
5599,11.999,2.941,0.789,213.473,0.546,819460.191
5600,3.471,2.258,0.657,213.329,0.910,1365575.678
5601,1.004,4.247,1.259,212.728,0.826,1239362.144
5602,0.438,5.179,1.529,212.185,0.642,962528.858
5603,0.000,4.138,1.209,211.715,0.470,704556.479
5604,0.000,4.259,1.231,211.487,0.314,471045.468
5605,0.000,3.062,0.875,211.275,0.211,317229.925
5606,0.000,5.858,1.661,211.064,0.211,316912.695
5607,0.000,9.446,2.637,210.853,0.211,316595.783
5608,0.000,10.698,2.913,210.642,0.211,316279.187
5609,0.000,8.272,2.190,210.431,0.211,315962.908
5610,0.234,7.250,1.878,210.221,0.210,315646.945
5611,0.000,6.252,1.592,210.011,0.210,315331.298
5612,0.000,5.811,1.456,209.801,0.210,315015.966
5613,11.637,6.626,1.635,211.315,0.210,314700.950
5614,4.240,7.835,2.092,211.584,0.589,883313.033
5615,3.171,6.739,1.822,211.639,0.595,893235.808
5616,3.988,6.170,1.680,211.907,0.555,832342.943
5617,0.000,1.868,0.516,211.346,0.561,841997.514
5618,4.638,1.708,0.469,211.926,0.385,578020.336
5619,0.146,1.579,0.447,211.497,0.461,690987.295
5620,0.296,2.449,0.691,211.269,0.314,470704.635
5621,0.000,2.824,0.794,211.057,0.211,316902.985
5622,0.000,1.911,0.533,210.846,0.211,316586.082
5623,0.000,1.852,0.514,210.635,0.211,316269.496
5624,2.578,4.224,1.167,210.515,0.211,315953.227
5625,16.644,5.557,1.548,213.439,0.230,345346.154
5626,8.153,0.000,0.000,214.449,0.900,1349975.130
5627,0.000,0.000,0.000,213.380,1.070,1604544.703
5628,0.000,0.000,0.000,212.598,0.782,1172883.621
5629,0.000,0.784,0.255,212.040,0.558,836266.638
5630,0.000,1.661,0.539,211.658,0.383,573783.973
5631,0.000,1.778,0.574,211.446,0.246,369125.999
5632,0.000,2.141,0.688,211.235,0.211,317169.347
5633,0.000,0.000,0.000,211.024,0.211,316852.178
5634,2.989,0.000,0.000,211.088,0.211,316535.326
5635,15.415,1.813,0.590,214.451,0.271,407045.851
5636,17.691,5.499,1.947,218.215,0.997,1495841.566
5637,9.684,5.417,2.073,219.261,1.773,2659386.348
5638,19.715,5.066,2.002,223.238,1.951,2925985.454
5639,0.000,4.286,1.825,220.464,2.773,4159915.219
5640,0.000,3.444,1.450,218.353,2.111,3166417.369
5641,0.000,4.274,1.784,216.759,1.594,2391567.362
5642,0.000,2.831,1.168,215.568,1.192,1787262.594
5643,0.000,1.408,0.577,214.690,0.877,1315983.036
5644,0.000,0.784,0.320,214.058,0.632,948463.062
5645,0.000,0.542,0.221,213.617,0.441,661875.486
5646,0.000,0.000,0.000,213.403,0.292,438415.102
5647,0.000,0.000,0.000,213.190,0.213,320105.051
5648,0.000,0.000,0.000,212.977,0.213,319784.946
5649,0.000,0.000,0.000,212.764,0.213,319465.161
5650,0.910,0.000,0.000,212.551,0.213,319145.696
5651,0.000,0.000,0.000,212.338,0.213,318826.551
5652,0.000,0.000,0.000,212.126,0.212,318507.724
5653,0.000,0.000,0.000,211.914,0.212,318189.216
5654,0.000,0.000,0.000,211.702,0.212,317871.027
5655,0.000,0.000,0.000,211.490,0.212,317553.156
5656,0.000,0.000,0.000,211.279,0.211,317235.603
5657,0.000,0.000,0.000,211.068,0.211,316918.367
5658,0.000,0.000,0.000,210.857,0.211,316601.449
5659,3.166,0.000,0.000,211.527,0.211,316284.847
5660,0.000,0.000,0.000,211.583,0.404,606747.974
5661,5.905,0.000,0.000,213.100,0.364,546508.845
5662,3.869,1.638,0.703,213.718,0.646,968710.189
5663,0.000,0.000,0.000,212.989,0.729,1094234.535
5664,0.000,0.000,0.000,212.472,0.517,775110.700
5665,0.000,0.000,0.000,212.121,0.351,526272.502
5666,0.000,0.000,0.000,211.909,0.222,332257.020
5667,0.000,0.000,0.000,211.697,0.212,317863.527
5668,0.000,0.000,0.000,211.485,0.212,317545.663
5669,0.000,0.000,0.000,211.274,0.211,317228.117
5670,0.000,0.000,0.000,211.063,0.211,316910.889
5671,0.000,0.000,0.000,210.852,0.211,316593.978
5672,0.000,0.000,0.000,210.641,0.211,316277.384
5673,0.000,0.000,0.000,210.430,0.211,315961.107
5674,0.000,0.000,0.000,210.220,0.210,315645.146
5675,0.000,0.000,0.000,210.009,0.210,315329.501
5676,0.000,0.000,0.000,209.799,0.210,315014.171
5677,0.000,0.000,0.000,209.590,0.210,314699.157
5678,0.000,0.000,0.000,209.380,0.210,314384.458
5679,0.000,0.000,0.000,209.171,0.209,314070.074
5680,0.000,0.000,0.000,208.961,0.209,313756.003
5681,0.000,0.000,0.000,208.753,0.209,313442.247
5682,0.000,0.000,0.000,208.544,0.209,313128.805
5683,0.000,0.000,0.000,208.335,0.209,312815.676
5684,0.000,0.000,0.000,208.127,0.208,312502.861
5685,0.000,0.000,0.000,207.919,0.208,312190.358
5686,0.000,0.000,0.000,207.711,0.208,311878.168
5687,0.000,0.000,0.000,207.503,0.208,311566.289
5688,0.000,0.000,0.000,207.296,0.208,311254.723
5689,0.000,0.000,0.000,207.088,0.207,310943.468
5690,0.000,0.000,0.000,206.881,0.207,310632.525
5691,0.000,0.000,0.000,206.674,0.207,310321.892
5692,0.000,0.000,0.000,206.468,0.207,310011.570
5693,0.000,0.000,0.000,206.261,0.206,309701.559
5694,0.000,0.000,0.000,206.055,0.206,309391.857
5695,0.000,0.000,0.000,205.849,0.206,309082.465
5696,0.000,0.000,0.000,205.643,0.206,308773.383
5697,0.000,0.000,0.000,205.437,0.206,308464.610
5698,0.000,0.000,0.000,205.232,0.205,308156.145
5699,0.000,0.000,0.000,205.027,0.205,307847.989
5700,0.000,0.000,0.000,204.822,0.205,307540.141
5701,0.000,0.000,0.000,204.617,0.205,307232.601
5702,0.000,0.000,0.000,204.412,0.205,306925.368
5703,0.000,0.000,0.000,204.208,0.204,306618.443
5704,0.000,0.000,0.000,204.004,0.204,306311.824
5705,0.000,0.000,0.000,203.800,0.204,306005.513
5706,0.000,0.000,0.000,203.596,0.204,305699.507
5707,0.000,0.000,0.000,203.392,0.204,305393.807
5708,0.000,0.000,0.000,203.189,0.203,305088.414
5709,0.000,0.000,0.000,202.986,0.203,304783.325
5710,0.000,0.000,0.000,202.783,0.203,304478.542
5711,0.000,0.000,0.000,202.580,0.203,304174.063
5712,0.000,0.000,0.000,202.377,0.203,303869.889
5713,0.000,0.000,0.000,202.175,0.202,303566.019
5714,0.000,0.000,0.000,201.973,0.202,303262.453
5715,0.000,0.000,0.000,201.771,0.202,302959.191
5716,0.000,0.000,0.000,201.569,0.202,302656.232
5717,0.000,0.000,0.000,201.367,0.202,302353.576
5718,0.000,0.000,0.000,201.166,0.201,302051.222
5719,0.000,0.000,0.000,200.965,0.201,301749.171
5720,0.000,0.000,0.000,200.764,0.201,301447.422
5721,0.000,0.000,0.000,200.563,0.201,301145.974
5722,0.000,0.000,0.000,200.363,0.201,300844.828
5723,0.000,0.000,0.000,200.162,0.200,300543.983
5724,0.000,0.000,0.000,199.962,0.200,300243.439
5725,0.000,0.000,0.000,199.762,0.200,299943.196
5726,0.000,0.000,0.000,199.562,0.200,299643.253
5727,0.000,0.000,0.000,199.363,0.200,299343.609
5728,0.000,0.000,0.000,199.163,0.199,299044.266
5729,0.000,0.000,0.000,198.964,0.199,298745.222
5730,0.000,0.000,0.000,198.765,0.199,298446.476
5731,0.000,0.000,0.000,198.567,0.199,298148.030
5732,0.000,0.000,0.000,198.368,0.199,297849.882
5733,0.000,0.000,0.000,198.170,0.198,297552.032
5734,0.000,0.000,0.000,197.971,0.198,297254.480
5735,0.000,0.000,0.000,197.774,0.198,296957.225
5736,0.000,0.000,0.000,197.576,0.198,296660.268
5737,0.000,0.000,0.000,197.378,0.198,296363.608
5738,0.000,0.000,0.000,197.181,0.197,296067.244
5739,0.000,0.000,0.000,196.984,0.197,295771.177
5740,0.000,0.000,0.000,196.787,0.197,295475.406
5741,0.000,0.000,0.000,196.590,0.197,295179.931
5742,0.000,0.000,0.000,196.393,0.197,294884.751
5743,0.000,0.000,0.000,196.197,0.196,294589.866
5744,0.000,0.000,0.000,196.001,0.196,294295.276
5745,0.000,0.000,0.000,195.805,0.196,294000.981
5746,0.000,0.000,0.000,195.609,0.196,293706.980
5747,0.000,0.000,0.000,195.413,0.196,293413.273
5748,0.000,0.000,0.000,195.218,0.195,293119.860
5749,0.000,0.000,0.000,195.023,0.195,292826.740
5750,0.000,0.000,0.000,194.828,0.195,292533.913
5751,0.000,0.000,0.000,194.633,0.195,292241.379
5752,0.000,0.000,0.000,194.438,0.195,291949.138
5753,0.000,0.000,0.000,194.244,0.194,291657.188
5754,0.000,0.000,0.000,194.049,0.194,291365.531
5755,0.000,0.000,0.000,193.855,0.194,291074.166
5756,0.000,0.000,0.000,193.662,0.194,290783.092
5757,0.000,0.000,0.000,193.468,0.194,290492.308
5758,0.000,0.000,0.000,193.274,0.193,290201.816
5759,0.000,0.000,0.000,193.081,0.193,289911.614
5760,0.000,0.000,0.000,192.888,0.193,289621.703
5761,0.000,0.000,0.000,192.695,0.193,289332.081
5762,0.000,0.000,0.000,192.502,0.193,289042.749
5763,0.000,0.000,0.000,192.310,0.193,288753.706
5764,0.000,0.000,0.000,192.118,0.192,288464.953
5765,0.000,0.000,0.000,191.926,0.192,288176.488
5766,0.000,0.000,0.000,191.734,0.192,287888.311
5767,0.000,0.000,0.000,191.542,0.192,287600.423
5768,0.000,0.000,0.000,191.350,0.192,287312.822
5769,0.000,0.000,0.000,191.159,0.191,287025.510
5770,0.000,0.000,0.000,190.968,0.191,286738.484
5771,0.000,0.000,0.000,190.777,0.191,286451.746
5772,0.000,0.000,0.000,190.586,0.191,286165.294
5773,0.000,0.000,0.000,190.395,0.191,285879.128
5774,0.000,0.000,0.000,190.205,0.190,285593.249
5775,0.000,0.000,0.000,190.015,0.190,285307.656
5776,0.000,0.000,0.000,189.825,0.190,285022.348
5777,0.000,0.000,0.000,189.635,0.190,284737.326
5778,0.000,0.000,0.000,189.445,0.190,284452.589
5779,0.000,0.000,0.000,189.256,0.189,284168.136
5780,0.000,0.000,0.000,189.067,0.189,283883.968
5781,0.000,0.000,0.000,188.878,0.189,283600.084
5782,0.000,0.000,0.000,188.689,0.189,283316.484
5783,0.000,0.000,0.000,188.500,0.189,283033.168
5784,0.000,0.000,0.000,188.312,0.189,282750.134
5785,0.000,0.000,0.000,188.123,0.188,282467.384
5786,0.000,0.000,0.000,187.935,0.188,282184.917
5787,0.000,0.000,0.000,187.747,0.188,281902.732
5788,0.000,0.000,0.000,187.559,0.188,281620.829
5789,0.000,0.000,0.000,187.372,0.188,281339.208
5790,0.000,0.000,0.000,187.185,0.187,281057.869
5791,0.000,0.000,0.000,186.997,0.187,280776.811
5792,0.000,0.000,0.000,186.810,0.187,280496.034
5793,8.188,0.885,0.385,190.750,0.187,280215.538
5794,0.000,0.000,0.000,189.656,1.094,1641647.183
5795,0.000,0.000,0.000,188.860,0.796,1193965.638
5796,0.000,0.000,0.000,188.296,0.563,844860.553
5797,0.000,0.000,0.000,187.915,0.382,572645.019
5798,0.000,0.000,0.000,187.727,0.240,360403.248
5799,0.000,0.000,0.000,187.539,0.188,281590.291
5800,0.000,0.000,0.000,187.352,0.188,281308.700
5801,0.000,0.000,0.000,187.164,0.187,281027.392
5802,0.000,0.000,0.000,186.977,0.187,280746.364
5803,0.000,0.000,0.000,186.790,0.187,280465.618
5804,0.000,5.160,2.364,191.534,0.187,280185.152
5805,0.000,1.599,0.765,192.907,1.271,1906956.343
5806,0.000,0.000,0.000,192.591,1.516,2273446.927
5807,0.000,0.000,0.000,191.203,1.389,2082965.938
5808,0.221,0.000,0.000,191.184,1.026,1538360.585
5809,0.000,0.000,0.000,190.668,0.964,1446074.208
5810,2.438,0.000,0.000,192.118,0.793,1189478.978
5811,0.000,5.616,2.859,197.454,1.055,1581933.364
5812,0.000,8.607,4.544,204.672,2.171,3256896.988
5813,0.000,10.475,5.785,212.601,3.702,5552734.679
5814,0.000,9.376,5.426,218.293,5.389,8083574.381
5815,6.680,8.393,5.044,225.254,6.584,9876007.493
5816,7.351,4.286,2.698,222.514,8.058,12087516.187
5817,6.029,3.019,1.924,218.053,7.399,11097913.834
5818,7.198,2.714,1.738,215.217,6.360,9540295.052
5819,3.720,1.677,1.082,211.374,5.679,8518958.335
5820,0.880,1.392,0.901,207.033,4.777,7165300.964
5821,2.738,0.000,0.000,204.621,3.765,5647546.343
5822,0.125,0.394,0.256,201.505,3.178,4766376.580
5823,0.000,1.860,1.208,199.070,2.435,3653201.713
5824,1.971,2.219,1.434,198.201,1.843,2764515.820
5825,0.000,1.786,1.152,196.605,1.595,2392837.038
5826,4.009,4.493,2.885,197.386,1.188,1781601.252
5827,2.934,2.371,1.517,197.518,1.303,1954384.564
5828,0.000,1.576,1.008,196.242,1.276,1913422.269
5829,0.000,1.915,1.220,195.304,0.939,1407911.913
5830,2.267,1.556,0.987,195.727,0.676,1013698.393
5831,2.990,2.367,1.502,196.465,0.713,1068930.329
5832,2.299,2.531,1.606,196.762,0.819,1228144.247
5833,0.308,1.942,1.230,196.083,0.828,1241891.084
5834,4.598,2.948,1.860,197.678,0.623,933814.560
5835,6.028,3.104,1.962,199.673,0.917,1375926.087
5836,0.000,3.518,2.234,198.373,1.300,1950485.080
5837,0.000,6.938,4.366,197.414,0.958,1437495.002
5838,0.522,10.795,6.670,196.970,0.692,1037446.625
5839,0.000,7.297,4.387,196.432,0.538,806909.415
5840,0.000,7.114,4.196,196.068,0.364,545757.382
5841,10.443,9.649,5.586,200.154,0.228,342142.428
5842,8.502,12.145,7.039,202.779,1.138,1706818.981
5843,7.772,12.776,7.328,204.524,1.660,2489773.626
5844,35.151,12.312,6.967,217.726,1.988,2982183.869
5845,29.586,11.064,6.635,226.445,4.837,7255353.884
5846,9.427,12.671,7.908,224.243,6.700,10049550.231
5847,4.812,10.011,6.171,220.350,6.160,9239662.184
5848,1.990,9.036,5.485,216.025,5.248,7871872.128
5849,4.928,6.486,3.862,214.025,4.241,6361670.615
5850,2.991,6.302,3.733,211.633,3.746,5618996.327
5851,0.739,8.034,4.715,208.800,3.164,4746706.794
5852,3.515,6.435,3.705,207.859,2.486,3729039.068
5853,6.350,6.860,3.919,208.406,2.224,3336016.342
5854,6.117,7.839,4.471,208.781,2.289,3433709.028
5855,4.280,7.098,4.029,208.320,2.317,3475034.033
5856,0.000,6.735,3.795,206.160,2.160,3240487.204
5857,8.148,7.687,4.256,207.974,1.630,2445260.087
5858,5.843,6.454,3.581,208.474,1.974,2961634.985
5859,0.000,5.756,3.190,206.444,2.030,3044661.467
5860,0.499,5.924,3.234,205.124,1.529,2292762.725
5861,2.134,8.841,4.759,204.817,1.183,1774931.904
5862,2.874,11.037,5.841,204.916,1.061,1591926.973
5863,4.911,14.013,7.265,205.831,1.029,1542850.870
5864,6.987,13.022,6.606,207.359,1.175,1762755.106
5865,6.291,9.200,4.611,208.307,1.457,2185435.872
5866,2.967,8.580,4.284,207.826,1.611,2416726.149
5867,2.847,11.021,5.433,207.445,1.451,2176396.510
5868,10.518,13.018,6.294,210.009,1.313,1969350.043
5869,0.450,12.847,6.222,208.353,1.823,2734180.556
5870,0.000,15.631,7.330,206.948,1.404,2106258.213
5871,1.887,15.241,6.856,206.554,1.041,1561706.492
5872,4.349,13.802,6.007,207.095,0.900,1350494.072
5873,8.061,12.893,5.508,208.752,0.965,1448061.839
5874,5.627,10.573,4.514,209.305,1.276,1913787.572
5875,3.389,9.313,3.959,209.059,1.344,2015640.071
5876,4.829,8.896,3.743,209.370,1.236,1853461.902
5877,3.305,5.608,2.353,209.175,1.250,1875523.629
5878,0.000,7.180,3.011,208.022,1.154,1730694.256
5879,0.000,12.344,5.079,207.175,0.846,1269413.737
5880,0.000,11.532,4.593,206.569,0.606,909695.459
5881,1.665,11.817,4.565,206.639,0.419,629195.650
5882,10.701,8.826,3.332,209.330,0.381,571957.385
5883,2.233,9.641,3.747,209.070,0.920,1379793.984
5884,5.016,9.649,3.696,209.722,0.809,1213963.752
5885,3.960,9.485,3.629,209.975,0.899,1349133.979
5886,3.290,10.776,4.100,210.026,0.902,1352723.057
5887,25.618,9.118,3.428,216.490,0.860,1289470.458
5888,12.078,13.252,5.494,218.074,2.229,3342952.417
5889,9.322,13.615,5.743,218.544,2.524,3785779.406
5890,8.879,10.066,4.261,218.832,2.574,3861298.777
5891,2.834,10.912,4.669,217.171,2.584,3876739.078
5892,1.099,13.338,5.612,215.357,2.166,3249143.558
5893,6.156,13.974,5.702,215.555,1.714,2571083.713
5894,0.000,13.989,5.656,213.850,1.705,2557103.668
5895,0.568,15.401,6.000,212.742,1.277,1915291.904
5896,0.230,16.173,6.065,211.827,0.980,1470304.485
5897,3.189,15.304,5.504,211.973,0.726,1089348.597
5898,2.227,16.111,5.661,211.862,0.706,1058415.718
5899,5.714,14.555,4.961,212.713,0.629,942908.835
5900,8.745,12.422,4.211,214.202,0.763,1144932.744
5901,3.502,10.858,3.745,214.081,1.038,1557469.285
5902,3.251,12.453,4.258,213.966,0.959,1438988.716
5903,7.905,9.964,3.359,215.109,0.882,1322458.376
5904,3.633,9.278,3.188,214.977,1.081,1620970.249
5905,3.419,6.256,2.141,214.867,0.999,1498930.384
5906,0.000,3.842,1.319,213.944,0.923,1384241.651
5907,0.000,5.963,2.027,213.276,0.668,1001405.305
5908,0.000,8.822,2.952,212.808,0.469,702871.259
5909,0.000,8.779,2.870,212.586,0.313,470092.927
5910,17.630,8.467,2.705,216.200,0.213,318879.272
5911,14.513,10.335,3.588,218.975,1.054,1581341.878
5912,3.476,7.734,2.828,218.329,1.613,2418912.975
5913,2.016,7.632,2.784,217.469,1.418,2127670.805
5914,4.034,8.280,2.992,217.400,1.177,1766175.019
5915,6.635,7.024,2.537,218.112,1.110,1665531.484
5916,0.087,7.344,2.696,216.921,1.215,1822569.306
5917,4.865,5.659,2.039,217.352,0.901,1351954.218
5918,0.000,7.387,2.690,216.407,0.944,1416616.638
5919,0.000,9.879,3.528,215.723,0.685,1027445.489
5920,8.382,8.412,2.927,217.456,0.483,723969.508
5921,0.104,10.378,3.699,216.672,0.812,1218740.945
5922,14.056,11.770,4.084,219.790,0.588,882632.044
5923,17.853,13.911,5.054,223.497,1.223,1834249.850
5924,6.869,7.948,3.050,223.515,1.987,2980724.872
5925,2.190,6.104,2.371,222.223,1.940,2909596.355
5926,3.650,7.117,2.750,221.691,1.604,2406130.197
5927,1.671,6.911,2.667,220.746,1.436,2153827.556
5928,0.000,7.812,2.984,219.569,1.177,1765041.735
5929,3.322,7.780,2.912,219.648,0.867,1299988.740
5930,5.084,6.993,2.607,220.257,0.833,1249357.127
5931,13.155,10.417,3.912,223.098,0.916,1373610.007
5932,4.055,11.875,4.629,222.811,1.490,2234699.909
5933,11.428,7.387,2.845,224.784,1.376,2063456.201
5934,1.426,5.862,2.338,223.458,1.759,2638124.060
5935,0.000,4.349,1.719,222.042,1.416,2124304.376
5936,0.000,4.672,1.826,220.988,1.054,1580749.198
5937,6.323,6.618,2.555,222.074,0.771,1156852.368
5938,8.325,8.939,3.496,223.591,0.959,1439088.766
5939,9.305,6.716,2.667,225.161,1.243,1863905.711
5940,2.115,7.515,3.060,224.279,1.537,2305984.156
5941,0.000,5.866,2.364,222.986,1.293,1939099.552
5942,0.000,2.859,1.134,222.028,0.958,1436745.543
5943,0.000,3.319,1.307,221.332,0.697,1044985.169
5944,0.000,3.042,1.188,220.839,0.493,739487.753
5945,4.806,2.512,0.973,221.921,0.334,501275.369
5946,9.351,3.966,1.561,224.200,0.522,782930.548
5947,0.000,4.532,1.843,223.227,0.973,1459632.860
5948,2.247,3.483,1.400,223.205,0.709,1063214.902
5949,0.296,2.336,0.940,222.642,0.654,980853.819
5950,0.000,1.966,0.787,222.162,0.480,719863.152
5951,0.000,3.705,1.476,221.924,0.324,486420.200
5952,3.636,6.240,2.461,222.343,0.222,332885.900
5953,3.978,5.569,2.198,223.175,0.363,544201.188
5954,0.864,3.050,1.208,222.940,0.496,743660.709
5955,0.505,9.294,3.668,222.698,0.394,591129.063
5956,0.000,13.361,5.158,222.475,0.291,436313.739
5957,0.000,11.911,4.438,222.253,0.222,333712.723
5958,0.926,12.656,4.569,222.030,0.222,333379.011
5959,0.000,7.301,2.562,221.808,0.222,333045.632
5960,2.369,4.633,1.595,221.756,0.222,332712.586
5961,1.737,2.149,0.741,221.672,0.259,388384.453
5962,2.283,3.272,1.132,221.708,0.252,377618.252
5963,2.558,1.969,0.684,221.913,0.278,417110.079
5964,3.501,0.000,0.000,222.506,0.315,472890.830
5965,0.000,0.000,0.000,222.105,0.401,601556.702
5966,0.000,0.000,0.000,221.883,0.263,394214.780
5967,0.000,0.000,0.000,221.662,0.222,332825.151
5968,0.000,0.000,0.000,221.440,0.222,332492.326
5969,0.000,0.000,0.000,221.218,0.221,332159.834
5970,0.000,0.000,0.000,220.997,0.221,331827.674
5971,0.000,0.000,0.000,220.776,0.221,331495.846
5972,0.000,0.019,0.007,221.093,0.221,331164.351
5973,0.000,0.000,0.000,221.167,0.339,508184.095
5974,5.745,0.000,0.000,223.325,0.305,457311.851
5975,0.000,0.000,0.000,222.833,0.744,1116229.677
5976,0.000,0.000,0.000,222.248,0.586,878936.209
5977,0.000,0.000,0.000,221.841,0.407,610401.361
5978,0.000,0.000,0.000,221.619,0.267,401019.348
5979,0.000,2.020,0.779,222.836,0.222,332428.458
5980,0.000,2.492,0.985,222.298,0.538,806981.074
5981,0.000,0.905,0.355,221.929,0.370,554349.268
5982,0.000,0.585,0.229,221.707,0.238,357371.556
5983,0.000,0.000,0.000,221.485,0.222,332560.487
5984,7.213,0.468,0.183,224.349,0.221,332227.926
5985,3.590,0.000,0.000,225.258,0.900,1350138.609
5986,0.000,0.012,0.005,224.277,1.050,1574956.000
5987,1.415,2.005,0.848,223.949,0.784,1176001.683
5988,0.000,3.494,1.480,223.287,0.662,992707.110
5989,0.271,4.805,2.016,222.907,0.466,699396.898
5990,0.000,1.646,0.683,222.633,0.333,499307.815
5991,0.000,2.383,0.984,222.410,0.223,333949.184
5992,2.494,1.564,0.642,222.517,0.222,333615.235
5993,5.160,3.397,1.404,223.725,0.295,441972.026
5994,1.487,2.009,0.841,223.662,0.537,805462.219
5995,0.000,2.289,0.960,223.189,0.473,709897.112
5996,0.000,5.047,2.103,222.966,0.319,478993.431
5997,0.000,3.650,1.501,222.743,0.223,334449.526
5998,0.000,0.909,0.370,222.521,0.223,334115.077
5999,0.000,0.000,0.000,222.298,0.223,333780.962
6000,0.000,0.000,0.000,222.076,0.222,333447.181
6001,0.000,0.000,0.000,221.854,0.222,333113.733
6002,0.000,0.000,0.000,221.632,0.222,332780.620
6003,0.000,0.000,0.000,221.410,0.222,332447.839
6004,0.000,0.000,0.000,221.189,0.221,332115.391
6005,0.000,0.000,0.000,220.968,0.221,331783.276
6006,0.000,0.000,0.000,220.747,0.221,331451.493
6007,2.291,0.632,0.257,222.026,0.221,331120.041
6008,0.000,0.086,0.036,221.475,0.550,825721.225
6009,0.000,0.000,0.000,221.096,0.379,568680.329
6010,0.000,0.000,0.000,220.875,0.246,368263.813
6011,0.000,0.000,0.000,220.654,0.221,331312.735
6012,0.000,0.000,0.000,220.434,0.221,330981.422
6013,0.000,0.000,0.000,220.213,0.220,330650.441
6014,0.000,0.000,0.000,219.993,0.220,330319.790
6015,0.000,0.000,0.000,219.773,0.220,329989.470
6016,0.000,0.000,0.000,219.553,0.220,329659.481
6017,3.359,0.573,0.239,221.507,0.220,329329.821
6018,0.000,0.000,0.000,220.810,0.697,1046209.782
6019,0.000,0.000,0.000,220.316,0.494,740269.737
6020,0.000,0.000,0.000,220.025,0.334,501712.277
6021,0.000,0.000,0.000,219.805,0.220,330037.453
6022,0.000,0.000,0.000,219.585,0.220,329707.415
6023,0.000,0.000,0.000,219.366,0.220,329377.708
6024,0.000,0.000,0.000,219.146,0.219,329048.330
6025,0.000,0.000,0.000,218.927,0.219,328719.282
6026,0.000,0.000,0.000,218.708,0.219,328390.562
6027,0.000,0.000,0.000,218.489,0.219,328062.172
6028,0.000,0.000,0.000,218.271,0.218,327734.110
6029,0.000,0.000,0.000,218.053,0.218,327406.375
6030,0.000,0.000,0.000,217.835,0.218,327078.969
6031,0.000,0.000,0.000,217.617,0.218,326751.890
6032,0.000,0.000,0.000,217.399,0.218,326425.138
6033,0.000,0.000,0.000,217.182,0.217,326098.713
6034,0.000,0.000,0.000,216.965,0.217,325772.614
6035,0.000,0.000,0.000,216.748,0.217,325446.842
6036,0.000,0.000,0.000,216.531,0.217,325121.395
6037,0.000,0.000,0.000,216.314,0.217,324796.274
6038,0.000,0.000,0.000,216.098,0.216,324471.477
6039,0.000,0.000,0.000,215.882,0.216,324147.006
6040,0.000,0.000,0.000,215.666,0.216,323822.859
6041,0.000,0.000,0.000,215.450,0.216,323499.036
6042,0.000,0.000,0.000,215.235,0.215,323175.537
6043,0.000,0.000,0.000,215.020,0.215,322852.361
6044,10.734,0.000,0.000,218.418,0.215,322529.509
6045,0.000,0.000,0.000,217.408,1.010,1514620.613
6046,0.000,0.000,0.000,216.672,0.736,1104142.407
6047,0.000,0.000,0.000,216.149,0.523,784046.667
6048,0.000,0.000,0.000,215.793,0.356,534449.175
6049,0.000,0.000,0.000,215.577,0.227,339840.238
6050,0.000,0.000,0.000,215.362,0.216,323366.167
6051,0.000,0.000,0.000,215.147,0.215,323042.800
6052,0.000,0.000,0.000,214.931,0.215,322719.758
6053,0.000,0.000,0.000,214.716,0.215,322397.038
6054,0.000,0.000,0.000,214.502,0.215,322074.641
6055,0.000,0.000,0.000,214.287,0.215,321752.566
6056,0.000,0.000,0.000,214.073,0.214,321430.814
6057,0.000,0.000,0.000,213.859,0.214,321109.383
6058,0.000,0.000,0.000,213.645,0.214,320788.273
6059,0.000,0.000,0.000,213.431,0.214,320467.485
6060,0.000,0.000,0.000,213.218,0.213,320147.018
6061,0.000,0.000,0.000,213.005,0.213,319826.871
6062,0.000,0.000,0.000,212.792,0.213,319507.044
6063,0.000,0.000,0.000,212.579,0.213,319187.537
6064,0.000,0.000,0.000,212.366,0.213,318868.349
6065,0.000,0.000,0.000,212.154,0.212,318549.481
6066,0.000,0.000,0.000,211.942,0.212,318230.931
6067,0.000,0.000,0.000,211.730,0.212,317912.700
6068,0.000,0.000,0.000,211.518,0.212,317594.788
6069,0.000,0.000,0.000,211.307,0.212,317277.193
6070,0.000,0.000,0.000,211.095,0.211,316959.916
6071,0.000,0.000,0.000,210.884,0.211,316642.956
6072,0.000,0.000,0.000,210.673,0.211,316326.313
6073,0.000,0.000,0.000,210.463,0.211,316009.987
6074,0.000,0.000,0.000,210.252,0.210,315693.977
6075,0.000,0.000,0.000,210.042,0.210,315378.283
6076,0.000,0.000,0.000,209.832,0.210,315062.904
6077,0.000,0.000,0.000,209.622,0.210,314747.841
6078,0.000,0.000,0.000,209.412,0.210,314433.094
6079,0.000,0.000,0.000,209.203,0.209,314118.660
6080,0.000,0.000,0.000,208.994,0.209,313804.542
6081,0.000,0.000,0.000,208.785,0.209,313490.737
6082,0.000,0.000,0.000,208.576,0.209,313177.247
6083,0.000,0.000,0.000,208.367,0.209,312864.069
6084,0.000,0.000,0.000,208.159,0.208,312551.205
6085,0.000,0.000,0.000,207.951,0.208,312238.654
6086,0.000,0.000,0.000,207.743,0.208,311926.415
6087,0.000,0.000,0.000,207.535,0.208,311614.489
6088,0.000,0.000,0.000,207.328,0.208,311302.874
6089,0.000,0.000,0.000,207.120,0.207,310991.572
6090,0.000,0.000,0.000,206.913,0.207,310680.580
6091,0.000,0.000,0.000,206.706,0.207,310369.899
6092,0.000,0.000,0.000,206.500,0.207,310059.529
6093,0.000,0.000,0.000,206.293,0.206,309749.470
6094,0.000,0.000,0.000,206.087,0.206,309439.721
6095,0.000,0.000,0.000,205.881,0.206,309130.281
6096,0.000,0.000,0.000,205.675,0.206,308821.150
6097,0.000,0.000,0.000,205.469,0.206,308512.329
6098,0.000,0.000,0.000,205.264,0.205,308203.817
6099,0.000,0.000,0.000,205.058,0.205,307895.613
6100,0.000,0.000,0.000,204.853,0.205,307587.718
6101,0.000,0.000,0.000,204.649,0.205,307280.130
6102,0.000,0.000,0.000,204.444,0.205,306972.850
6103,0.000,0.000,0.000,204.239,0.204,306665.877
6104,0.000,0.000,0.000,204.035,0.204,306359.211
6105,0.000,0.000,0.000,203.831,0.204,306052.852
6106,0.000,0.000,0.000,203.627,0.204,305746.799
6107,0.000,0.000,0.000,203.424,0.204,305441.052
6108,0.000,1.197,0.542,204.955,0.203,305135.611
6109,0.000,2.968,1.371,208.029,0.585,877264.022
6110,0.279,0.000,0.000,208.019,1.207,1810536.795
6111,0.000,0.000,0.000,206.868,1.151,1726284.256
6112,0.000,0.000,0.000,206.024,0.844,1265596.647
6113,0.000,0.000,0.000,205.420,0.604,906341.217
6114,0.000,0.000,0.000,205.003,0.417,626202.806
6115,0.000,0.000,0.000,204.798,0.272,407775.588
6116,0.000,0.000,0.000,204.593,0.205,307196.764
6117,0.000,0.000,0.000,204.388,0.205,306889.567
6118,0.142,0.000,0.000,204.885,0.204,306582.677
6119,0.000,0.000,0.000,204.527,0.358,537551.303
6120,0.000,0.000,0.000,204.925,0.226,338539.481
6121,0.000,0.753,0.370,206.578,0.337,505561.917
6122,0.000,0.538,0.268,207.766,0.647,970329.819
6123,0.000,0.819,0.414,209.021,0.854,1281655.849
6124,0.000,0.000,0.000,209.095,1.077,1615133.072
6125,0.000,0.000,0.000,209.362,1.039,1559213.310
6126,0.000,0.000,0.000,208.317,1.045,1566925.769
6127,0.000,0.000,0.000,207.556,0.761,1141899.629
6128,0.000,0.000,0.000,207.016,0.540,810459.542
6129,0.000,0.000,0.000,206.648,0.368,552016.497
6130,0.000,2.480,1.298,209.790,0.234,350511.064
6131,0.000,2.504,1.338,212.650,0.943,1414663.138
6132,0.000,2.395,1.306,214.909,1.519,2278597.068
6133,0.000,1.665,0.925,216.088,1.963,2944022.416
6134,0.000,3.487,1.968,218.908,2.169,3253258.288
6135,0.000,4.547,2.621,222.338,2.736,4104179.124
6136,0.000,5.105,3.012,225.789,3.438,5156384.508
6137,0.000,0.000,0.000,222.804,4.144,6215612.988
6138,0.000,0.000,0.000,219.370,3.434,5150941.601
6139,0.000,0.000,0.000,216.744,2.626,3938283.788
6140,0.000,0.000,0.000,214.749,1.995,2992490.146
6141,0.000,0.000,0.000,213.246,1.503,2254850.475
6142,0.000,0.000,0.000,212.126,1.120,1679570.824
6143,0.000,0.000,0.000,211.306,0.821,1230931.909
6144,0.000,0.000,0.000,210.718,0.587,881072.689
6145,0.000,0.000,0.000,210.313,0.406,608261.551
6146,0.000,0.000,0.000,210.103,0.264,395547.838
6147,0.000,0.000,0.000,209.893,0.210,315154.318
6148,0.000,0.000,0.000,209.683,0.210,314839.164
6149,0.000,0.000,0.000,209.473,0.210,314524.325
6150,0.000,0.000,0.000,209.264,0.209,314209.800
6151,0.000,0.000,0.000,209.054,0.209,313895.590
6152,0.000,0.000,0.000,208.845,0.209,313581.695
6153,0.000,0.000,0.000,208.637,0.209,313268.113
6154,0.000,0.000,0.000,208.428,0.209,312954.845
6155,0.000,0.000,0.000,208.219,0.208,312641.890
6156,0.000,0.000,0.000,208.011,0.208,312329.248
6157,0.000,0.000,0.000,207.803,0.208,312016.919
6158,0.000,0.000,0.000,207.595,0.208,311704.902
6159,0.000,0.000,0.000,207.388,0.208,311393.197
6160,0.000,0.000,0.000,207.180,0.207,311081.804
6161,0.000,0.000,0.000,206.973,0.207,310770.722
6162,0.000,0.000,0.000,206.766,0.207,310459.952
6163,0.000,0.000,0.000,206.560,0.207,310149.492
6164,0.000,0.000,0.000,206.353,0.207,309839.342
6165,0.000,0.000,0.000,206.147,0.206,309529.503
6166,5.841,0.000,0.000,209.214,0.206,309219.973
6167,1.352,0.000,0.000,209.954,0.926,1389155.176
6168,0.000,0.000,0.000,208.918,1.035,1553034.623
6169,0.000,0.000,0.000,208.726,0.754,1131273.635
6170,0.000,1.919,1.199,211.883,0.659,987829.253
6171,0.000,4.052,2.564,216.811,1.300,1949837.193
6172,0.000,3.155,2.030,219.803,2.331,3496125.442
6173,0.000,0.000,0.000,216.867,2.936,4403563.754
6174,0.000,0.000,0.000,214.630,2.237,3355086.024
6175,0.000,0.000,0.000,212.939,1.692,2537353.087
6176,0.000,0.000,0.000,211.672,1.266,1899601.011
6177,0.000,0.000,0.000,210.737,0.935,1402233.926
6178,0.000,0.000,0.000,210.061,0.676,1014367.055
6179,0.000,0.000,0.000,211.262,0.475,711910.270
6180,2.696,0.168,0.110,213.928,0.686,1029119.933
6181,5.468,0.000,0.000,216.053,1.220,1829480.419
6182,0.000,0.000,0.000,214.419,1.635,2451959.177
6183,0.000,0.000,0.000,213.196,1.222,1833548.835
6184,0.777,0.000,0.000,214.427,0.901,1351267.747
6185,0.000,0.051,0.034,215.233,1.119,1678441.121
6186,3.751,0.000,0.000,217.547,1.244,1865756.964
6187,4.714,0.000,0.000,220.153,1.701,2550876.960
6188,0.000,0.000,0.000,218.479,2.222,3332259.293
6189,2.059,0.000,0.000,219.204,1.801,2701138.946
6190,0.000,2.983,2.114,222.950,1.908,2861917.235
6191,0.000,7.917,5.665,232.169,2.680,4019795.149
6192,0.000,9.980,7.249,242.222,4.656,6983866.971
6193,0.000,12.745,9.407,250.204,6.815,10223118.916
6194,0.000,13.467,10.009,241.684,8.519,12779035.110
6195,0.000,12.987,9.314,235.091,6.593,9889610.619
6196,0.000,12.492,8.656,230.001,5.091,7635937.552
6197,0.000,12.987,8.707,226.082,3.919,5878150.519
6198,0.000,1.938,1.256,223.077,3.005,4507154.514
6199,0.000,0.733,0.473,220.785,2.292,3437855.433
6200,0.000,0.959,0.617,219.049,1.736,2603879.875
6201,0.326,0.000,0.000,217.907,1.302,1953456.587
6202,0.000,0.000,0.000,216.908,0.999,1498982.719
6203,0.000,0.000,0.000,216.180,0.728,1091791.867
6204,0.000,0.000,0.000,215.664,0.516,774260.417
6205,0.000,1.923,1.235,215.313,0.351,526663.224
6206,2.995,2.375,1.517,216.135,0.222,333614.673
6207,1.101,2.855,1.824,216.230,0.443,665206.474
6208,0.222,6.154,3.912,215.925,0.413,619154.449
6209,0.000,8.061,5.044,215.709,0.294,441437.303
6210,0.096,7.375,4.518,215.493,0.216,323563.733
6211,1.230,7.246,4.355,215.393,0.215,323240.169
6212,4.244,6.731,3.981,216.735,0.241,360801.185
6213,4.090,5.351,3.142,218.011,0.558,836632.820
6214,12.618,4.563,2.668,222.861,0.787,1180775.404
6215,1.295,2.527,1.506,221.648,1.803,2704002.347
6216,1.483,4.426,2.629,220.836,1.484,2226698.279
6217,6.865,3.970,2.339,222.671,1.255,1882017.229
6218,0.000,6.868,4.072,221.064,1.607,2410842.934
6219,12.366,6.314,3.677,225.362,1.202,1803703.215
6220,0.000,3.428,2.025,223.265,2.097,3145429.905
6221,0.000,4.684,2.742,221.681,1.585,2376834.483
6222,0.000,8.705,5.033,220.496,1.185,1777406.656
6223,0.000,9.805,5.541,219.623,0.873,1309929.474
6224,2.747,6.552,3.608,220.147,0.630,945373.721
6225,4.486,6.579,3.589,221.321,0.695,1042247.241
6226,0.000,8.607,4.673,220.419,0.902,1353217.693
6227,0.000,5.819,3.089,219.766,0.653,979367.416
6228,0.000,6.010,3.142,219.307,0.459,687840.342
6229,0.456,8.381,4.313,219.130,0.307,460525.291
6230,1.975,7.437,3.749,219.252,0.228,342291.479
6231,2.077,10.007,4.979,219.638,0.294,441151.965
6232,1.483,8.447,4.121,219.838,0.352,528088.618
6233,0.000,6.458,3.097,219.495,0.345,518145.489
6234,8.603,9.083,4.283,221.918,0.219,329242.582
6235,1.955,9.824,4.664,221.825,0.801,1200853.942
6236,0.000,13.389,6.237,221.095,0.730,1094382.685
6237,0.000,14.204,6.386,220.577,0.519,777901.308
6238,5.895,12.745,5.519,222.167,0.354,531121.552
6239,9.776,13.147,5.639,224.706,0.653,980223.597
6240,8.346,10.815,4.665,226.286,1.162,1742867.610
6241,11.247,11.489,4.984,228.543,1.459,2188871.508
6242,9.864,10.276,4.526,229.947,1.906,2858275.020
6243,11.394,9.071,4.043,231.652,2.164,3246291.492
6244,7.255,8.206,3.732,231.677,2.489,3733688.924
6245,5.820,8.093,3.702,231.261,2.445,3666794.448
6246,0.096,6.915,3.164,228.991,2.303,3454474.805
6247,0.000,6.267,2.818,227.238,1.754,2630573.339
6248,0.000,5.799,2.565,225.920,1.318,1976958.756
6249,2.743,6.026,2.625,225.851,0.978,1467214.269
6250,11.603,6.669,2.891,228.769,0.913,1370001.449
6251,2.342,3.959,1.766,228.060,1.505,2258147.152
6252,0.000,5.004,2.230,226.760,1.300,1949443.321
6253,4.644,5.944,2.614,227.352,0.964,1446051.036
6254,0.000,10.296,4.541,226.307,1.045,1566883.618
6255,0.000,11.142,4.783,225.542,0.765,1147803.423
6256,0.000,10.308,4.296,224.995,0.547,820995.236
6257,0.000,10.237,4.153,224.617,0.377,566159.142
6258,2.838,12.511,4.940,224.868,0.245,367461.205
6259,9.718,9.539,3.693,227.401,0.329,493402.742
6260,0.000,10.386,4.106,226.564,0.837,1255235.876
6261,4.269,9.836,3.784,227.210,0.603,905046.092
6262,4.404,7.905,3.025,227.796,0.696,1044205.755
6263,0.331,7.843,3.003,227.116,0.776,1163646.205
6264,1.498,9.520,3.577,226.968,0.577,865609.511
6265,6.064,11.579,4.275,228.175,0.495,742742.091
6266,8.283,9.340,3.451,229.790,0.712,1067470.500
6267,3.731,8.677,3.262,229.839,1.018,1526911.241
6268,1.729,8.689,3.253,229.352,0.980,1469506.055
6269,7.295,8.412,3.106,230.576,0.823,1235223.972
6270,0.000,6.802,2.549,229.532,1.044,1565869.884
6271,3.739,5.858,2.156,229.813,0.765,1148077.675
6272,0.000,7.020,2.594,229.035,0.778,1167643.224
6273,0.000,12.324,4.471,228.476,0.558,837607.408
6274,0.000,15.179,5.330,228.089,0.387,580252.626
6275,0.000,14.656,4.943,227.861,0.253,379588.977
6276,0.000,11.891,3.857,227.634,0.228,341792.245
6277,0.000,11.669,3.668,227.406,0.228,341450.453
6278,0.042,11.450,3.490,227.179,0.227,341109.002
6279,2.712,10.955,3.241,227.110,0.227,340767.893
6280,22.604,11.365,3.328,231.579,0.262,392800.261
6281,0.000,12.671,4.181,230.319,1.260,1889875.039
6282,6.006,10.717,3.419,230.840,0.934,1400808.652
6283,0.000,10.183,3.279,229.840,1.000,1499551.184
6284,8.134,8.432,2.643,231.045,0.731,1096502.560
6285,5.745,7.508,2.423,231.505,0.947,1420926.922
6286,0.000,6.291,2.062,230.505,1.000,1499886.520
6287,3.290,6.521,2.102,230.579,0.731,1096983.345
6288,2.178,4.411,1.426,230.415,0.699,1048543.418
6289,0.000,4.376,1.417,229.801,0.614,921548.906
6290,8.952,6.189,1.982,231.547,0.431,646098.571
6291,1.387,7.901,2.629,231.131,0.766,1149590.600
6292,4.000,7.691,2.527,231.502,0.627,939787.055
6293,0.000,5.792,1.910,230.842,0.660,989894.924
6294,2.455,7.168,2.328,230.981,0.466,699698.868
6295,1.932,8.424,2.726,231.007,0.449,673229.636
6296,1.668,8.295,2.657,231.006,0.406,609487.071
6297,0.000,8.057,2.551,230.648,0.358,537013.364
6298,0.438,2.523,0.782,230.418,0.231,346740.494
6299,2.107,0.000,0.000,230.231,0.230,345626.486
6300,0.000,2.044,0.640,230.001,0.240,359765.834
6301,1.930,0.464,0.145,229.777,0.230,345001.420
6302,0.000,4.228,1.331,229.547,0.231,346724.666
6303,1.514,8.518,2.652,229.318,0.230,344321.163
6304,6.154,5.815,1.788,230.075,0.229,343976.842
6305,0.246,0.000,0.000,229.687,0.446,669045.672
6306,3.174,0.265,0.084,230.063,0.312,468687.496
6307,0.718,4.407,1.417,229.876,0.363,543895.741
6308,0.000,4.430,1.415,229.646,0.273,409682.346
6309,3.643,5.811,1.834,229.840,0.230,344469.688
6310,0.000,3.019,0.960,229.611,0.323,483768.576
6311,3.196,2.118,0.668,229.697,0.230,344415.836
6312,0.000,0.000,0.000,229.467,0.299,448302.410
6313,0.000,0.000,0.000,229.238,0.229,344201.126
6314,0.000,0.000,0.000,229.009,0.229,343856.925
6315,0.000,0.000,0.000,228.780,0.229,343513.068
6316,0.000,0.000,0.000,228.551,0.229,343169.555
6317,0.000,0.000,0.000,228.322,0.229,342826.385
6318,0.000,0.000,0.000,228.094,0.228,342483.559
6319,1.717,0.000,0.000,228.492,0.228,342141.075
6320,0.000,0.799,0.263,228.616,0.365,548240.600
6321,2.027,1.349,0.449,228.784,0.344,516201.442
6322,0.000,0.000,0.000,228.532,0.333,498793.382
6323,2.479,0.000,0.000,228.485,0.229,342797.538
6324,0.000,3.241,1.103,228.257,0.268,402422.426
6325,1.832,1.751,0.591,228.048,0.228,342384.866
6326,13.284,1.884,0.639,230.810,0.232,348503.816
6327,0.000,0.491,0.179,229.925,0.886,1328570.584
6328,0.000,0.000,0.000,229.282,0.642,963298.883
6329,0.000,0.000,0.000,228.830,0.452,678459.943
6330,0.550,0.000,0.000,228.602,0.304,456358.483
6331,0.000,0.000,0.000,228.373,0.229,342902.390
6332,0.000,0.000,0.000,228.145,0.228,342559.488
6333,0.000,0.000,0.000,227.916,0.228,342216.928
6334,0.000,0.000,0.000,227.689,0.228,341874.711
6335,0.000,0.000,0.000,227.461,0.228,341532.837
6336,0.000,0.000,0.000,227.233,0.227,341191.304
6337,0.000,0.000,0.000,227.006,0.227,340850.113
6338,0.000,0.000,0.000,226.779,0.227,340509.262
6339,0.000,0.000,0.000,226.552,0.227,340168.753
6340,0.000,0.000,0.000,226.326,0.227,339828.584
6341,9.653,0.000,0.000,229.277,0.226,339488.756
6342,0.000,0.000,0.000,228.793,0.925,1387747.257
6343,0.000,0.000,0.000,228.023,0.770,1154444.346
6344,0.000,0.000,0.000,227.868,0.551,826988.831
6345,0.000,0.000,0.000,227.400,0.468,702434.168
6346,0.000,0.000,0.000,227.173,0.316,474567.774
6347,0.000,0.000,0.000,226.946,0.227,340759.607
6348,0.000,0.000,0.000,226.719,0.227,340418.847
6349,0.000,0.000,0.000,226.492,0.227,340078.429
6350,0.000,0.000,0.000,226.266,0.226,339738.350
6351,0.000,0.000,0.000,226.039,0.226,339398.612
6352,0.000,0.000,0.000,225.813,0.226,339059.213
6353,0.000,0.000,0.000,225.588,0.226,338720.154
6354,0.000,0.000,0.000,225.362,0.226,338381.434
6355,0.000,0.000,0.000,225.137,0.225,338043.052
6356,0.000,0.000,0.000,224.912,0.225,337705.009
6357,0.000,0.000,0.000,224.687,0.225,337367.304
6358,0.000,0.000,0.000,224.462,0.225,337029.937
6359,0.000,0.000,0.000,224.237,0.224,336692.907
6360,0.000,0.000,0.000,224.013,0.224,336356.214
6361,0.000,0.000,0.000,223.789,0.224,336019.858
6362,0.000,0.000,0.000,223.565,0.224,335683.838
6363,0.000,0.000,0.000,223.342,0.224,335348.154
6364,8.418,0.000,0.000,225.608,0.223,335012.806
6365,0.000,0.000,0.000,224.837,0.771,1156280.338
6366,0.000,0.000,0.000,224.286,0.552,827368.101
6367,0.000,0.000,0.000,223.905,0.381,570891.086
6368,2.021,0.000,0.000,224.054,0.247,370913.470
6369,0.000,0.000,0.000,223.831,0.306,458560.626
6370,0.000,0.000,0.000,223.607,0.224,335745.857
6371,0.000,0.000,0.000,223.383,0.224,335410.111
6372,0.000,0.000,0.000,223.160,0.223,335074.701
6373,0.000,0.000,0.000,222.937,0.223,334739.626
6374,0.046,0.234,0.097,223.585,0.223,334404.887
6375,3.835,1.392,0.589,226.590,0.414,621541.564
6376,0.000,0.000,0.000,225.564,1.026,1538517.533
6377,5.092,0.000,0.000,226.836,0.750,1125454.774
6378,0.000,0.000,0.000,225.855,0.980,1470580.437
6379,0.000,0.000,0.000,225.140,0.715,1072612.943
6380,0.000,0.000,0.000,224.632,0.508,762272.738
6381,0.000,0.000,0.000,224.300,0.347,520281.743
6382,0.000,0.000,0.000,224.076,0.224,336449.841
6383,0.000,0.000,0.000,223.852,0.224,336113.391
6384,0.000,0.000,0.000,223.628,0.224,335777.278
6385,0.000,0.000,0.000,223.404,0.224,335441.500
6386,0.000,0.000,0.000,223.181,0.223,335106.059
6387,0.000,0.000,0.000,222.957,0.223,334770.953
6388,0.000,0.000,0.000,222.734,0.223,334436.182
6389,0.000,0.000,0.000,222.512,0.223,334101.746
6390,0.000,0.000,0.000,222.289,0.223,333767.644
6391,0.000,0.000,0.000,222.067,0.222,333433.876
6392,0.000,0.000,0.000,221.845,0.222,333100.442
6393,0.000,0.000,0.000,221.623,0.222,332767.342
6394,0.000,0.000,0.000,221.401,0.222,332434.575
6395,0.000,0.000,0.000,221.180,0.221,332102.140
6396,0.000,0.000,0.000,220.959,0.221,331770.038
6397,0.000,0.000,0.000,220.738,0.221,331438.268
6398,0.000,0.000,0.000,220.517,0.221,331106.830
6399,0.000,0.000,0.000,220.297,0.221,330775.723
6400,0.000,0.000,0.000,220.076,0.220,330444.947
6401,0.000,0.000,0.000,219.856,0.220,330114.502
6402,0.000,0.000,0.000,219.636,0.220,329784.388
6403,0.000,0.000,0.000,219.417,0.220,329454.603
6404,0.000,0.000,0.000,219.197,0.219,329125.149
6405,0.000,0.000,0.000,218.978,0.219,328796.023
6406,0.000,0.000,0.000,218.759,0.219,328467.227
6407,0.000,0.000,0.000,218.540,0.219,328138.760
6408,0.000,0.000,0.000,218.322,0.219,327810.621
6409,0.000,0.000,0.000,218.104,0.218,327482.811
6410,0.000,0.000,0.000,217.885,0.218,327155.328
6411,0.000,0.000,0.000,217.668,0.218,326828.173
6412,0.000,0.000,0.000,217.450,0.218,326501.344
6413,0.000,0.000,0.000,217.232,0.217,326174.843
6414,0.000,0.000,0.000,217.015,0.217,325848.668
6415,0.000,0.000,0.000,216.798,0.217,325522.820
6416,0.000,0.000,0.000,216.581,0.217,325197.297
6417,0.000,0.000,0.000,216.365,0.217,324872.099
6418,2.910,0.000,0.000,217.471,0.216,324547.227
6419,0.000,0.265,0.122,218.434,0.507,760582.486
6420,0.000,0.000,0.000,217.766,0.668,1001581.108
6421,0.000,0.000,0.000,217.296,0.470,704489.851
6422,0.000,0.000,0.000,217.080,0.315,472835.415
6423,0.000,0.000,0.000,216.863,0.217,325619.420
6424,0.000,0.000,0.000,216.646,0.217,325293.801
6425,0.000,0.000,0.000,216.429,0.217,324968.507
6426,0.000,0.000,0.000,216.213,0.216,324643.538
6427,0.000,0.000,0.000,215.996,0.216,324318.895
6428,0.000,0.000,0.000,215.780,0.216,323994.576
6429,0.000,0.000,0.000,215.565,0.216,323670.581
6430,0.000,0.000,0.000,215.349,0.216,323346.911
6431,0.000,0.000,0.000,215.134,0.215,323023.564
6432,0.000,0.000,0.000,214.919,0.215,322700.540
6433,0.000,0.000,0.000,214.704,0.215,322377.840
6434,0.000,0.000,0.000,214.489,0.215,322055.462
6435,0.000,0.000,0.000,214.274,0.214,321733.406
6436,0.000,0.000,0.000,214.060,0.214,321411.673
6437,0.000,0.000,0.000,213.846,0.214,321090.261
6438,0.000,0.000,0.000,213.632,0.214,320769.171
6439,0.000,0.000,0.000,213.419,0.214,320448.402
6440,0.000,0.000,0.000,213.205,0.213,320127.954
6441,0.000,0.000,0.000,212.992,0.213,319807.826
6442,0.000,0.000,0.000,212.779,0.213,319488.018
6443,0.000,0.000,0.000,212.566,0.213,319168.530
6444,0.000,0.000,0.000,212.354,0.213,318849.361
6445,0.000,0.000,0.000,212.141,0.212,318530.512
6446,0.000,0.000,0.000,211.929,0.212,318211.981
6447,0.000,0.000,0.000,211.717,0.212,317893.769
6448,0.000,0.000,0.000,211.506,0.212,317575.876
6449,0.000,0.000,0.000,211.294,0.212,317258.300
6450,0.000,0.000,0.000,211.083,0.211,316941.041
6451,0.000,0.000,0.000,210.872,0.211,316624.100
6452,0.000,0.000,0.000,210.661,0.211,316307.476
6453,0.000,0.000,0.000,210.450,0.211,315991.169
6454,0.000,0.000,0.000,210.240,0.210,315675.178
6455,0.000,0.000,0.000,210.029,0.210,315359.502
6456,0.000,0.000,0.000,209.819,0.210,315044.143
6457,0.000,0.000,0.000,209.610,0.210,314729.099
6458,0.000,0.000,0.000,209.400,0.210,314414.370
6459,0.000,0.000,0.000,209.191,0.209,314099.955
6460,0.000,0.000,0.000,208.981,0.209,313785.855
6461,0.000,0.000,0.000,208.772,0.209,313472.069
6462,0.000,0.000,0.000,208.564,0.209,313158.597
6463,0.000,0.000,0.000,208.355,0.209,312845.439
6464,0.000,0.000,0.000,208.147,0.208,312532.593
6465,0.000,0.000,0.000,207.939,0.208,312220.061
6466,0.000,0.000,0.000,207.731,0.208,311907.841
6467,0.000,0.000,0.000,207.523,0.208,311595.933
6468,0.000,0.000,0.000,207.315,0.208,311284.337
6469,0.000,0.000,0.000,207.108,0.207,310973.053
6470,0.000,0.000,0.000,206.901,0.207,310662.080
6471,0.000,0.000,0.000,206.694,0.207,310351.417
6472,0.000,0.000,0.000,206.487,0.207,310041.066
6473,0.000,0.000,0.000,206.281,0.206,309731.025
6474,0.000,0.000,0.000,206.075,0.206,309421.294
6475,0.000,0.000,0.000,205.869,0.206,309111.873
6476,0.000,0.000,0.000,205.663,0.206,308802.761
6477,0.000,0.000,0.000,205.457,0.206,308493.958
6478,0.000,0.000,0.000,205.252,0.205,308185.464
6479,0.000,0.000,0.000,205.046,0.205,307877.279
6480,0.000,0.000,0.000,204.841,0.205,307569.401
6481,0.000,0.000,0.000,204.636,0.205,307261.832
6482,0.000,0.000,0.000,204.432,0.205,306954.570
6483,0.000,0.000,0.000,204.227,0.204,306647.616
6484,0.000,0.000,0.000,204.023,0.204,306340.968
6485,0.000,0.000,0.000,203.819,0.204,306034.627
6486,0.000,0.000,0.000,203.615,0.204,305728.592
6487,0.000,0.000,0.000,203.412,0.204,305422.864
6488,0.000,0.000,0.000,203.208,0.203,305117.441
6489,0.000,0.000,0.000,203.005,0.203,304812.323
6490,0.000,0.000,0.000,202.802,0.203,304507.511
6491,0.000,0.000,0.000,202.599,0.203,304203.004
6492,0.000,0.000,0.000,202.397,0.203,303898.801
6493,0.000,0.000,0.000,202.194,0.202,303594.902
6494,0.000,0.000,0.000,201.992,0.202,303291.307
6495,0.000,0.000,0.000,201.790,0.202,302988.016
6496,0.000,0.000,0.000,201.588,0.202,302685.028
6497,0.000,0.000,0.000,201.387,0.202,302382.343
6498,0.000,0.000,0.000,201.185,0.201,302079.960
6499,0.000,0.000,0.000,200.984,0.201,301777.880
6500,0.000,0.000,0.000,200.783,0.201,301476.102
6501,0.000,0.000,0.000,200.582,0.201,301174.626
6502,0.000,0.000,0.000,200.382,0.201,300873.452
6503,0.000,0.000,0.000,200.181,0.200,300572.578
6504,0.000,0.000,0.000,199.981,0.200,300272.006
6505,0.000,0.000,0.000,199.781,0.200,299971.734
6506,0.000,0.000,0.000,199.581,0.200,299671.762
6507,0.000,0.000,0.000,199.382,0.200,299372.090
6508,0.000,0.000,0.000,199.182,0.199,299072.718
6509,0.000,0.000,0.000,198.983,0.199,298773.645
6510,0.000,0.000,0.000,198.784,0.199,298474.872
6511,0.000,0.000,0.000,198.585,0.199,298176.397
6512,0.000,0.000,0.000,198.387,0.199,297878.220
6513,0.000,0.000,0.000,198.189,0.198,297580.342
6514,0.000,0.000,0.000,197.990,0.198,297282.762
6515,0.000,0.000,0.000,197.792,0.198,296985.479
6516,0.000,0.000,0.000,197.595,0.198,296688.494
6517,0.000,0.000,0.000,197.397,0.198,296391.805
6518,0.000,0.000,0.000,197.200,0.197,296095.413
6519,0.000,2.594,1.209,199.940,0.197,295799.318
6520,1.185,0.160,0.077,200.975,0.843,1264810.254
6521,2.265,0.597,0.291,202.643,1.016,1523310.334
6522,3.417,0.000,0.000,203.960,1.327,1990929.515
6523,0.000,0.000,0.000,202.398,1.562,2342459.102
6524,0.000,0.000,0.000,201.236,1.163,1744257.450
6525,0.000,0.000,0.000,200.384,0.852,1277743.022
6526,0.000,0.000,0.000,199.774,0.609,913944.546
6527,0.000,0.000,0.000,199.354,0.420,630264.430
6528,0.000,0.000,0.000,199.155,0.273,409076.552
6529,0.000,0.000,0.000,198.956,0.199,298732.846
6530,0.000,0.000,0.000,198.757,0.199,298434.113
6531,0.000,0.000,0.000,198.558,0.199,298135.679
6532,0.000,0.000,0.000,198.360,0.199,297837.544
6533,0.000,0.000,0.000,198.161,0.198,297539.706
6534,0.000,0.000,0.000,197.963,0.198,297242.166
6535,0.000,0.000,0.000,197.765,0.198,296944.924
6536,0.000,0.000,0.000,197.568,0.198,296647.979
6537,0.000,0.000,0.000,197.370,0.198,296351.331
6538,0.000,0.000,0.000,197.173,0.197,296054.980
6539,0.000,0.066,0.034,197.981,0.197,295758.925
6540,0.000,4.114,2.121,202.682,0.418,627200.819
6541,0.000,3.693,1.960,206.164,1.397,2095449.404
6542,6.118,5.004,2.723,212.850,2.108,3161596.762
6543,2.000,5.179,2.948,216.914,3.523,5284855.350
6544,1.760,2.699,1.585,217.726,4.362,6543230.311
6545,2.697,2.422,1.452,218.663,4.485,6728241.999
6546,2.119,2.215,1.357,219.075,4.637,6954959.650
6547,3.038,0.000,0.000,216.602,4.672,7008287.505
6548,0.000,0.000,0.000,212.529,4.073,6109501.776
6549,14.738,0.000,0.000,216.611,3.122,4682955.444
6550,13.956,2.535,1.649,224.261,3.965,5947671.560
6551,2.957,5.089,3.444,228.092,5.593,8389931.918
6552,0.000,10.819,7.471,236.702,6.381,9571970.965
6553,0.000,13.213,9.327,246.772,8.221,12331013.258
6554,10.673,8.412,6.075,246.926,10.382,15572324.457
6555,4.666,8.798,6.410,239.168,10.361,15541112.874
6556,38.152,2.660,1.908,251.513,8.599,12898944.970
6557,3.701,3.997,3.026,242.398,11.261,16891198.007
6558,0.000,6.053,4.559,233.197,9.201,13801457.151
6559,0.000,9.859,7.309,226.075,7.122,10683501.496
6560,0.000,11.599,8.378,220.574,5.501,8251577.720
6561,2.958,6.357,4.453,217.923,4.237,6354758.728
6562,0.941,5.908,4.092,214.823,3.599,5398684.090
6563,0.000,11.497,7.853,211.960,2.863,4294252.297
6564,7.396,11.010,7.295,213.529,2.179,3268289.070
6565,3.826,11.856,7.743,212.970,2.470,3704948.768
6566,9.065,10.811,6.896,215.099,2.293,3439447.582
6567,17.515,5.866,3.707,220.855,2.707,4060838.488
6568,0.000,3.346,2.162,216.935,3.920,5879452.081
6569,5.839,2.570,1.646,216.791,3.003,4505150.229
6570,6.716,1.942,1.250,217.179,2.918,4376700.988
6571,0.046,2.987,1.940,214.252,2.949,4424123.442
6572,0.000,4.586,2.956,212.000,2.252,3377759.509
6573,0.000,4.945,3.149,210.297,1.703,2554152.827
6574,0.000,4.824,3.032,209.023,1.275,1911820.115
6575,0.000,7.305,4.534,208.082,0.941,1410881.018
6576,0.000,9.762,5.944,207.402,0.680,1020228.862
6577,4.202,10.471,6.214,208.830,0.477,715600.438
6578,5.513,7.921,4.620,210.548,0.738,1106726.750
6579,0.000,6.529,3.781,209.486,1.062,1593743.508
6580,1.950,6.969,3.968,209.558,0.775,1163182.155
6581,2.941,5.078,2.853,210.082,0.738,1107168.505
6582,0.000,6.376,3.563,209.282,0.800,1200251.885
6583,0.000,8.225,4.520,208.711,0.571,856498.264
6584,5.341,10.374,5.579,210.511,0.392,588450.137
6585,0.000,10.885,5.785,209.775,0.735,1102851.810
6586,20.127,10.483,5.414,217.185,0.521,780765.061
6587,4.490,11.018,5.884,216.917,2.098,3146467.266
6588,3.571,9.247,4.861,216.364,1.986,2978819.845
6589,6.324,7.730,4.009,217.054,1.811,2716981.548
6590,4.459,8.440,4.373,216.906,1.911,2865781.009
6591,8.897,6.669,3.426,218.568,1.825,2737905.265
6592,2.302,10.553,5.476,217.341,2.138,3207236.621
6593,1.186,9.824,4.993,215.985,1.816,2723534.585
6594,5.623,4.805,2.389,216.653,1.465,2197223.464
6595,0.000,8.861,4.431,215.093,1.559,2338662.960
6596,5.567,9.473,4.628,216.003,1.164,1745488.785
6597,5.209,6.856,3.329,216.620,1.311,1967208.654
6598,4.388,7.340,3.563,216.849,1.395,2092247.101
6599,0.305,10.581,5.114,215.569,1.393,2089418.767
6600,0.313,8.997,4.234,214.622,1.059,1588484.476
6601,0.000,13.143,6.046,213.824,0.799,1197774.107
6602,0.000,11.544,5.129,213.253,0.571,856066.311
6603,0.000,10.245,4.415,212.860,0.393,589612.428
6604,1.921,9.110,3.822,212.959,0.255,381856.518
6605,0.000,9.769,4.034,212.746,0.281,421947.704
6606,0.000,12.269,4.938,212.534,0.213,319119.748
6607,1.701,15.034,5.857,212.375,0.213,318800.629
6608,2.938,10.635,4.015,212.599,0.224,336348.377
6609,0.121,6.146,2.289,212.386,0.308,461993.028
6610,0.109,7.168,2.629,212.174,0.212,318579.715
6611,0.000,7.488,2.697,211.962,0.212,318261.136
6612,0.000,11.298,3.989,211.750,0.212,317942.874
6613,0.789,10.456,3.583,211.538,0.212,317624.932
6614,0.000,11.540,3.865,211.327,0.212,317307.307
6615,0.000,15.362,4.991,211.115,0.211,316989.999
6616,0.000,13.763,4.292,210.904,0.211,316673.009
6617,0.000,13.432,4.039,210.693,0.211,316356.336
6618,0.000,15.120,4.388,210.483,0.211,316039.980
6619,0.000,16.017,4.465,210.272,0.210,315723.940
6620,0.000,15.553,4.155,210.062,0.210,315408.216
6621,8.516,16.013,4.105,211.056,0.210,315092.808
6622,7.106,14.902,3.927,212.000,0.475,712047.863
6623,7.049,12.609,3.380,212.802,0.630,944787.974
6624,0.000,13.338,3.654,212.049,0.754,1130798.642
6625,6.370,11.193,2.960,212.789,0.536,803291.958
6626,4.643,8.241,2.225,213.094,0.646,969130.651
6627,0.000,9.867,2.701,212.433,0.661,990917.330
6628,11.024,14.438,3.851,214.199,0.463,694420.492
6629,13.329,13.112,3.666,216.226,0.799,1198724.801
6630,2.613,10.304,3.064,215.622,1.193,1789258.911
6631,2.824,10.273,3.027,215.246,1.008,1511933.753
6632,5.768,11.411,3.338,215.653,0.873,1309470.665
6633,0.000,11.088,3.277,214.742,0.910,1365671.128
6634,15.253,9.313,2.673,217.404,0.658,987198.249
6635,5.222,8.615,2.680,217.446,1.192,1787688.888
6636,3.167,9.243,2.907,217.053,1.149,1723485.067
6637,11.404,8.276,2.592,218.754,1.011,1516044.786
6638,9.030,7.461,2.455,219.678,1.333,1999594.972
6639,4.391,4.707,1.602,219.328,1.485,2226847.968
6640,0.000,5.994,2.066,217.972,1.356,2034039.979
6641,2.714,8.112,2.752,217.666,1.006,1509070.493
6642,11.453,9.571,3.228,219.714,0.887,1330460.235
6643,1.518,10.019,3.518,218.833,1.286,1928974.228
6644,7.104,8.365,2.885,219.653,1.041,1561005.496
6645,0.000,6.997,2.456,218.484,1.170,1754690.734
6646,0.000,6.119,2.108,217.623,0.861,1291564.712
6647,0.000,7.219,2.448,217.002,0.620,930403.509
6648,0.000,8.354,2.779,216.570,0.433,648774.787
6649,0.000,9.898,3.222,216.354,0.286,429181.325
6650,0.000,10.530,3.339,216.137,0.216,324530.325
6651,0.000,10.097,3.114,215.921,0.216,324205.795
6652,0.000,10.156,3.050,215.705,0.216,323881.589
6653,0.000,9.797,2.864,215.489,0.216,323557.707
6654,0.000,8.011,2.282,215.274,0.215,323234.150
6655,0.000,5.912,1.649,215.059,0.215,322910.915
6656,2.176,7.890,2.167,214.847,0.215,322588.005
6657,2.575,7.141,1.953,214.718,0.216,323305.445
6658,2.193,2.071,0.567,214.576,0.234,350440.550
6659,0.000,6.958,1.926,214.362,0.230,345644.764
6660,0.000,9.711,2.639,214.147,0.214,321542.275
6661,0.000,10.362,2.745,213.933,0.214,321220.733
6662,0.000,10.795,2.783,213.719,0.214,320899.512
6663,2.967,11.045,2.767,213.618,0.214,320578.613
6664,0.000,11.712,2.923,213.405,0.238,357566.329
6665,0.000,12.250,2.964,213.192,0.213,320107.359
6666,0.000,9.208,2.157,212.978,0.213,319787.252
6667,0.000,8.436,1.929,212.765,0.213,319467.465
6668,0.000,7.894,1.765,212.553,0.213,319147.997
6669,0.000,9.060,1.985,212.340,0.213,318828.849
6670,0.000,9.496,2.031,212.128,0.212,318510.020
6671,10.343,7.800,1.627,213.097,0.212,318191.510
6672,16.711,8.190,1.860,215.496,0.472,707731.566
6673,12.688,3.046,0.787,217.031,0.947,1421228.564
6674,6.560,1.240,0.351,217.204,1.233,1849606.690
6675,0.866,1.923,0.568,216.179,1.219,1828779.086
6676,0.104,0.940,0.278,215.261,0.942,1412453.245
6677,0.000,1.123,0.331,214.573,0.688,1031523.019
6678,0.000,1.373,0.404,214.089,0.485,726767.484
6679,0.000,3.381,0.991,213.814,0.326,489135.987
6680,0.000,1.669,0.485,213.600,0.214,320720.353
6681,0.000,0.394,0.114,213.386,0.214,320399.632
6682,0.058,0.000,0.000,213.173,0.213,320079.233
6683,0.000,0.000,0.000,212.960,0.213,319759.153
6684,0.000,0.000,0.000,212.747,0.213,319439.394
6685,0.000,0.000,0.000,212.534,0.213,319119.955
6686,0.000,0.000,0.000,212.321,0.213,318800.835
6687,0.000,2.749,0.795,212.109,0.212,318482.034
6688,0.000,1.778,0.510,211.897,0.212,318163.552
6689,0.000,0.987,0.282,211.685,0.212,317845.388
6690,0.000,2.905,0.828,211.473,0.212,317527.543
6691,5.590,3.561,1.007,212.011,0.211,317210.016
6692,0.000,4.091,1.193,211.635,0.376,563953.926
6693,2.175,3.693,1.065,211.553,0.241,361458.587
6694,6.214,7.133,2.069,212.361,0.240,360166.395
6695,2.745,7.866,2.339,212.545,0.436,653315.295
6696,5.465,3.015,0.895,213.352,0.424,635568.687
6697,0.000,0.000,0.000,212.803,0.549,823513.651
6698,0.000,2.278,0.696,212.427,0.376,564098.230
6699,0.000,5.128,1.557,212.214,0.241,361832.444
6700,0.000,4.777,1.431,212.002,0.212,318321.654
6701,0.000,2.519,0.745,211.790,0.212,318003.332
6702,0.000,0.948,0.279,211.578,0.212,317685.329
6703,0.129,0.000,0.000,211.367,0.212,317367.644
6704,0.000,0.000,0.000,211.155,0.211,317050.276
6705,0.000,0.000,0.000,210.944,0.211,316733.226
6706,0.000,0.000,0.000,210.733,0.211,316416.492
6707,0.000,0.000,0.000,210.523,0.211,316100.076
6708,0.000,0.000,0.000,210.312,0.211,315783.976
6709,14.474,0.000,0.000,212.908,0.210,315468.192
6710,6.116,3.331,1.076,214.746,0.827,1241235.289
6711,0.584,2.761,0.943,213.719,1.179,1769036.067
6712,3.730,0.000,0.000,213.782,0.901,1351146.920
6713,0.343,0.686,0.239,213.010,0.862,1293489.482
6714,5.227,0.000,0.000,213.751,0.640,960211.463
6715,0.000,0.000,0.000,213.000,0.751,1126006.033
6716,0.000,0.000,0.000,212.467,0.533,799871.397
6717,0.000,0.000,0.000,212.103,0.364,545564.795
6718,0.000,0.000,0.000,211.891,0.232,347283.981
6719,0.000,0.000,0.000,211.679,0.212,317836.436
6720,0.000,0.000,0.000,211.467,0.212,317518.600
6721,0.000,0.000,0.000,211.256,0.211,317201.081
6722,0.000,0.000,0.000,211.045,0.211,316883.880
6723,0.000,0.000,0.000,210.834,0.211,316566.996
6724,0.000,0.000,0.000,210.623,0.211,316250.429
6725,0.000,0.000,0.000,210.412,0.211,315934.179
6726,0.000,0.000,0.000,210.202,0.210,315618.245
6727,0.000,0.000,0.000,209.992,0.210,315302.627
6728,0.000,0.000,0.000,209.782,0.210,314987.324
6729,0.000,0.000,0.000,209.572,0.210,314672.337
6730,0.000,0.000,0.000,209.362,0.210,314357.664
6731,0.000,0.000,0.000,209.153,0.209,314043.307
6732,0.000,0.000,0.000,208.944,0.209,313729.263
6733,5.239,0.000,0.000,210.250,0.209,313415.534
6734,2.479,4.259,1.581,214.175,0.542,813117.202
6735,0.000,0.000,0.000,212.822,1.353,2029127.599
6736,0.000,0.000,0.000,211.820,1.002,1503543.146
6737,0.000,0.000,0.000,211.091,0.729,1093666.450
6738,0.000,0.000,0.000,210.575,0.516,774041.724
6739,0.000,0.000,0.000,210.225,0.350,524813.456
6740,0.000,0.000,0.000,210.015,0.220,330494.346
6741,0.000,0.000,0.000,209.805,0.210,315022.027
6742,0.000,0.000,0.000,209.595,0.210,314707.005
6743,0.000,0.000,0.000,209.385,0.210,314392.298
6744,0.000,0.000,0.000,209.176,0.209,314077.905
6745,6.379,2.960,1.174,213.573,0.209,313763.827
6746,0.000,0.000,0.000,212.350,1.222,1833361.826
6747,0.000,0.000,0.000,211.450,0.901,1350842.789
6748,0.000,0.000,0.000,210.800,0.650,974557.118
6749,0.000,0.000,0.000,210.346,0.454,681133.396
6750,0.000,0.000,0.000,210.136,0.302,452341.914
6751,0.000,0.000,0.000,209.926,0.210,315203.964
6752,0.000,0.000,0.000,209.716,0.210,314888.760
6753,0.000,0.000,0.000,209.506,0.210,314573.872
6754,0.000,0.000,0.000,209.297,0.210,314259.298
6755,0.000,0.000,0.000,209.087,0.209,313945.038
6756,0.000,0.000,0.000,208.878,0.209,313631.093
6757,0.000,0.000,0.000,208.669,0.209,313317.462
6758,0.000,0.000,0.000,208.461,0.209,313004.145
6759,0.000,1.228,0.521,209.870,0.208,312691.141
6760,1.520,0.281,0.122,211.208,0.564,846325.388
6761,0.000,0.000,0.000,210.402,0.806,1208313.816
6762,0.000,0.000,0.000,209.827,0.575,863150.071
6763,0.000,0.000,0.000,209.431,0.396,594001.684
6764,0.000,0.000,0.000,209.222,0.256,384145.199
6765,0.000,0.000,0.000,209.012,0.209,313832.564
6766,0.000,0.000,0.000,208.803,0.209,313518.731
6767,0.000,0.000,0.000,208.595,0.209,313205.213
6768,0.000,0.000,0.000,208.386,0.209,312892.007
6769,0.000,0.000,0.000,208.178,0.208,312579.115
6770,0.000,0.000,0.000,207.970,0.208,312266.536
6771,0.000,0.000,0.000,207.762,0.208,311954.270
6772,0.000,0.000,0.000,207.554,0.208,311642.315
6773,0.000,0.000,0.000,207.346,0.208,311330.673
6774,0.000,0.000,0.000,207.139,0.207,311019.342
6775,0.000,0.000,0.000,206.932,0.207,310708.323
6776,0.000,0.000,0.000,206.725,0.207,310397.615
6777,0.000,0.000,0.000,206.518,0.207,310087.217
6778,0.000,0.000,0.000,206.312,0.207,309777.130
6779,0.000,0.000,0.000,206.105,0.206,309467.353
6780,0.000,0.000,0.000,205.899,0.206,309157.885
6781,0.000,0.000,0.000,205.693,0.206,308848.728
6782,0.000,0.000,0.000,205.488,0.206,308539.879
6783,0.000,0.000,0.000,205.282,0.205,308231.339
6784,0.000,0.000,0.000,205.077,0.205,307923.108
6785,0.000,0.000,0.000,204.872,0.205,307615.185
6786,0.430,0.000,0.000,204.779,0.205,307307.569
6787,0.000,0.000,0.000,204.574,0.229,343921.560
6788,0.000,0.000,0.000,204.369,0.205,306861.086
6789,0.000,0.000,0.000,204.165,0.204,306554.225
6790,0.000,0.000,0.000,203.961,0.204,306247.670
6791,0.000,0.000,0.000,203.757,0.204,305941.423
6792,0.000,0.000,0.000,203.553,0.204,305635.481
6793,0.000,0.000,0.000,203.350,0.204,305329.846
6794,0.000,0.000,0.000,203.146,0.203,305024.516
6795,0.000,0.000,0.000,202.943,0.203,304719.491
6796,0.000,0.000,0.000,202.740,0.203,304414.772
6797,0.000,0.000,0.000,202.537,0.203,304110.357
6798,0.000,0.000,0.000,202.335,0.203,303806.247
6799,0.000,0.000,0.000,202.133,0.202,303502.441
6800,0.000,0.000,0.000,201.930,0.202,303198.938
6801,0.000,0.000,0.000,201.729,0.202,302895.739
6802,0.000,0.000,0.000,201.527,0.202,302592.843
6803,0.000,0.000,0.000,201.325,0.202,302290.251
6804,0.000,0.000,0.000,201.124,0.201,301987.960
6805,0.000,0.000,0.000,200.923,0.201,301685.972
6806,0.000,0.000,0.000,200.722,0.201,301384.286
6807,0.000,0.000,0.000,200.521,0.201,301082.902
6808,0.000,0.000,0.000,200.321,0.201,300781.819
6809,0.000,0.000,0.000,200.120,0.200,300481.037
6810,0.000,0.000,0.000,199.920,0.200,300180.556
6811,0.000,0.000,0.000,199.720,0.200,299880.376
6812,0.000,0.000,0.000,199.521,0.200,299580.495
6813,0.000,0.000,0.000,199.321,0.200,299280.915
6814,0.000,0.000,0.000,199.122,0.199,298981.634
6815,0.000,0.000,0.000,198.923,0.199,298682.652
6816,0.000,0.000,0.000,198.724,0.199,298383.970
6817,0.000,0.000,0.000,198.525,0.199,298085.586
6818,0.000,0.000,0.000,198.326,0.199,297787.500
6819,0.000,0.000,0.000,198.128,0.198,297489.713
6820,0.000,0.000,0.000,197.930,0.198,297192.223
6821,0.000,0.000,0.000,197.732,0.198,296895.031
6822,0.000,0.000,0.000,197.534,0.198,296598.136
6823,0.000,0.000,0.000,197.337,0.198,296301.538
6824,0.000,0.000,0.000,197.139,0.197,296005.236
6825,0.000,0.000,0.000,196.942,0.197,295709.231
6826,0.000,0.000,0.000,196.745,0.197,295413.522
6827,0.000,0.000,0.000,196.549,0.197,295118.108
6828,0.000,0.000,0.000,196.352,0.197,294822.990
6829,0.000,0.000,0.000,196.156,0.196,294528.167
6830,0.000,0.000,0.000,195.960,0.196,294233.639
6831,0.000,0.000,0.000,195.764,0.196,293939.405
6832,0.000,0.000,0.000,195.568,0.196,293645.466
6833,0.889,0.000,0.000,195.778,0.196,293351.820
6834,0.000,1.599,0.721,197.941,0.285,426902.680
6835,0.000,0.000,0.000,197.226,0.714,1071523.783
6836,0.000,0.000,0.000,196.725,0.501,752212.411
6837,0.000,0.000,0.000,196.389,0.335,503233.117
6838,0.000,0.000,0.000,196.193,0.206,309112.761
6839,0.000,0.000,0.000,195.997,0.196,294289.351
6840,0.000,0.000,0.000,195.801,0.196,293995.062
6841,0.000,0.000,0.000,195.605,0.196,293701.067
6842,0.000,0.000,0.000,195.409,0.196,293407.366
6843,0.000,0.000,0.000,195.214,0.195,293113.958
6844,2.886,0.000,0.000,196.519,0.195,292820.844
6845,5.507,0.000,0.000,198.281,0.525,787793.422
6846,0.000,0.000,0.000,197.424,0.857,1285357.120
6847,0.334,1.182,0.569,199.245,0.613,918900.952
6848,0.000,0.000,0.000,198.288,0.958,1436299.334
6849,0.000,0.000,0.000,197.597,0.691,1036803.151
6850,0.000,0.000,0.000,197.170,0.484,725279.638
6851,0.000,0.000,0.000,196.836,0.334,501130.820
6852,0.000,0.000,0.000,196.639,0.205,307621.990
6853,0.000,0.000,0.000,196.442,0.197,294958.587
6854,0.000,0.000,0.000,196.246,0.196,294663.629
6855,0.000,0.000,0.000,196.050,0.196,294368.965
6856,0.000,0.000,0.000,195.854,0.196,294074.596
6857,0.000,0.000,0.000,195.658,0.196,293780.522
6858,0.000,0.000,0.000,195.462,0.196,293486.741
6859,0.000,0.000,0.000,195.267,0.195,293193.254
6860,0.000,0.000,0.000,195.071,0.195,292900.061
6861,0.000,0.000,0.000,194.876,0.195,292607.161
6862,0.000,0.000,0.000,194.681,0.195,292314.554
6863,0.000,0.000,0.000,194.487,0.195,292022.239
6864,0.000,0.000,0.000,194.292,0.194,291730.217
6865,0.000,0.987,0.485,195.839,0.194,291438.487
6866,0.000,1.763,0.880,198.167,0.577,865671.635
6867,0.000,2.110,1.075,200.407,1.033,1549874.797
6868,0.000,2.469,1.284,202.604,1.470,2204967.485
6869,0.000,0.000,0.000,200.707,1.898,2846330.667
6870,0.000,0.000,0.000,199.283,1.424,2136326.063
6871,0.000,0.000,0.000,198.228,1.055,1582606.284
6872,0.000,0.000,0.000,197.460,0.767,1150788.584
6873,0.000,0.000,0.000,196.918,0.543,814054.423
6874,0.000,0.000,0.000,196.550,0.368,551485.338
6875,3.783,0.000,0.000,198.693,0.231,346764.928
6876,1.869,1.989,1.077,202.120,0.711,1066639.354
6877,0.000,0.000,0.000,200.711,1.409,2114216.059
6878,0.000,0.000,0.000,199.667,1.044,1565849.033
6879,0.000,0.000,0.000,198.908,0.759,1138205.991
6880,0.000,0.000,0.000,198.372,0.536,804727.575
6881,0.547,0.000,0.000,198.633,0.363,544697.484
6882,0.000,0.000,0.000,198.267,0.365,547921.634
6883,0.000,0.000,0.000,198.069,0.230,344554.747
6884,0.000,0.000,0.000,197.871,0.198,297103.956
6885,0.000,0.000,0.000,197.673,0.198,296806.852
6886,0.000,1.595,0.887,200.101,0.198,296510.045
6887,0.000,0.994,0.561,201.856,0.775,1162579.239
6888,0.000,1.642,0.939,203.960,1.106,1658768.873
6889,0.000,3.210,1.862,207.296,1.514,2270355.551
6890,0.000,4.111,2.430,210.977,2.192,3288157.403
6891,0.000,3.857,2.327,213.759,2.947,4420322.436
6892,0.000,0.000,0.000,211.170,3.504,5255690.155
6893,0.000,0.000,0.000,208.291,2.879,4318814.910
6894,0.000,0.000,0.000,206.100,2.191,3286217.877
6895,0.000,0.000,0.000,204.446,1.654,2480874.649
6896,0.000,0.000,0.000,203.211,1.235,1852789.306
6897,0.000,0.000,0.000,202.302,0.909,1362965.032
6898,0.000,0.000,0.000,201.648,0.654,980984.308
6899,5.895,0.000,0.000,204.084,0.455,683121.472
6900,0.000,0.000,0.000,203.147,0.937,1404956.589
6901,0.000,0.000,0.000,202.471,0.676,1013983.862
6902,0.000,0.000,0.000,202.746,0.473,709107.017
6903,0.000,0.889,0.558,204.969,0.479,718172.398
6904,0.000,1.069,0.678,206.983,0.913,1370014.701
6905,0.000,1.716,1.099,209.364,1.302,1953106.079
6906,2.389,0.799,0.518,211.461,1.772,2657361.977
6907,0.000,0.000,0.000,210.233,2.179,3267794.423
6908,1.795,0.000,0.000,210.904,1.854,2781330.362
6909,0.000,4.298,2.860,215.794,1.948,2921524.224
6910,0.000,4.649,3.138,220.179,2.969,4454126.468
6911,0.000,8.592,5.884,228.492,3.880,5819975.761
6912,0.000,8.440,5.894,235.088,5.655,8482493.584
6913,0.000,9.984,7.097,242.431,7.052,10578091.130
6914,1.072,8.502,6.153,247.190,8.614,12920535.839
6915,6.087,9.411,6.924,251.427,9.607,14410351.945
6916,8.983,9.235,6.886,246.071,10.485,15727919.377
6917,0.000,9.563,7.055,236.818,9.253,13879718.107
6918,0.000,8.919,6.416,229.654,7.164,10745678.764
6919,0.000,10.113,7.106,224.120,5.534,8301208.578
6920,0.000,6.794,4.648,219.857,4.263,6394602.254
6921,0.000,8.112,5.452,216.585,3.272,4907529.661
6922,0.000,10.136,6.669,214.086,2.498,3747693.299
6923,0.000,9.902,6.343,212.191,1.895,2843101.117
6924,0.000,7.812,4.875,210.766,1.425,2137599.314
6925,0.000,10.323,6.312,209.708,1.058,1587387.927
6926,0.000,12.613,7.504,208.936,0.772,1158302.985
6927,0.000,11.326,6.517,208.386,0.549,823696.590
6928,4.672,7.976,4.454,210.004,0.375,562783.382
6929,10.942,9.742,5.396,213.953,0.678,1016815.395
6930,2.765,10.776,5.994,213.634,1.494,2240519.379
6931,1.532,8.709,4.745,212.900,1.370,2055713.169
6932,3.759,12.293,6.574,213.278,1.156,1734262.944
6933,0.000,11.107,5.814,212.092,1.186,1779731.073
6934,3.274,13.221,6.721,212.489,0.873,1308967.284
6935,1.352,10.273,5.096,212.093,0.907,1360853.051
6936,0.453,6.263,3.038,211.493,0.767,1151189.830
6937,0.000,6.548,3.129,210.910,0.583,874225.413
6938,0.000,9.313,4.374,210.508,0.402,602989.286
6939,0.000,9.220,4.226,210.298,0.261,391504.014
6940,0.000,5.511,2.465,210.088,0.210,315446.866
6941,0.000,6.786,2.992,209.878,0.210,315131.419
6942,3.725,8.810,3.816,210.446,0.210,314816.288
6943,0.129,5.113,2.197,210.108,0.381,571521.060
6944,0.000,1.864,0.791,209.898,0.254,380762.930
6945,0.000,1.197,0.505,209.688,0.210,314846.658
6946,0.000,2.851,1.200,209.478,0.210,314531.811
6947,0.000,4.493,1.877,209.269,0.209,314217.280
6948,0.000,7.172,2.961,209.059,0.209,313903.062
6949,0.000,7.578,3.070,208.850,0.209,313589.159
6950,1.500,6.263,2.487,208.645,0.209,313275.570
6951,1.279,3.970,1.562,208.436,0.209,314089.620
6952,0.000,5.526,2.164,208.228,0.208,312654.456
6953,1.828,6.287,2.427,208.106,0.208,312341.802
6954,3.892,5.737,2.198,208.650,0.227,340661.332
6955,2.838,8.806,3.386,209.107,0.373,559905.188
6956,3.995,10.074,3.838,209.844,0.421,631161.128
6957,0.000,7.796,2.950,209.314,0.530,794858.240
6958,0.000,9.832,3.644,208.953,0.360,540618.027
6959,1.795,13.030,4.706,208.856,0.228,342390.033
6960,11.317,14.364,5.061,211.315,0.233,349973.236
6961,5.170,13.720,4.949,211.937,0.795,1193249.031
6962,6.808,14.925,5.337,212.908,0.880,1319304.876
6963,0.000,18.147,6.472,211.868,1.040,1560581.535
6964,0.000,18.373,6.243,211.109,0.759,1138127.814
6965,0.000,18.038,5.836,210.570,0.539,808693.037
6966,6.572,15.908,4.905,211.740,0.368,551812.958
6967,5.359,16.423,5.070,212.423,0.573,859096.726
6968,7.679,13.943,4.269,213.537,0.670,1005670.741
6969,7.653,12.215,3.792,214.477,0.863,1294515.061
6970,0.000,12.398,3.915,213.460,1.017,1526087.562
6971,5.947,11.349,3.468,214.098,0.741,1111774.737
6972,1.467,12.827,3.956,213.612,0.829,1243852.661
6973,0.000,14.933,4.496,212.942,0.670,1005131.214
6974,0.000,15.694,4.541,212.472,0.470,705664.270
6975,0.000,17.098,4.746,212.243,0.315,472158.392
6976,1.594,18.529,4.914,212.030,0.212,318363.939
6977,0.000,19.910,5.092,211.818,0.212,318045.575
6978,7.467,18.544,4.497,212.528,0.212,317727.529
6979,5.405,16.856,4.158,213.123,0.414,621370.713
6980,5.037,16.981,4.199,213.573,0.493,739506.733
6981,3.471,15.561,3.843,213.683,0.540,809832.924
6982,8.454,14.839,3.626,214.735,0.512,767801.643
6983,3.164,15.565,3.935,214.650,0.691,1037019.559
6984,3.471,11.731,2.924,214.684,0.621,930871.531
6985,0.000,9.344,2.326,214.108,0.576,864412.003
6986,0.384,9.181,2.230,213.781,0.398,596397.810
6987,3.977,11.579,2.755,214.048,0.274,410728.152
6988,6.302,13.935,3.334,214.870,0.319,478791.733
6989,12.874,14.582,3.558,216.800,0.448,672495.515
6990,5.064,13.954,3.657,216.985,0.821,1231899.639
6991,4.418,12.808,3.370,217.055,0.810,1215177.010
6992,0.000,12.874,3.393,216.281,0.774,1161058.838
6993,9.711,13.178,3.356,217.603,0.552,828268.075
6994,2.202,13.182,3.511,217.256,0.791,1187070.304
6995,1.140,10.280,2.691,216.818,0.664,995378.874
6996,3.302,8.568,2.203,216.946,0.516,773904.764
6997,2.492,7.617,1.968,216.941,0.493,738907.425
6998,0.187,7.515,1.942,216.537,0.440,660377.624
6999,2.330,8.159,2.071,216.617,0.300,450296.494
7000,5.545,7.913,2.004,217.246,0.281,422112.442
7001,5.280,6.458,1.677,217.882,0.402,603353.279
7002,7.475,5.285,1.408,218.901,0.491,736802.885
7003,8.257,5.967,1.660,219.979,0.664,996135.161
7004,4.914,6.041,1.757,220.213,0.850,1275301.801
7005,2.926,6.497,1.925,220.020,0.851,1276033.537
7006,3.696,5.238,1.557,220.096,0.757,1135944.945
7007,6.076,5.171,1.554,220.759,0.723,1084680.374
7008,5.868,4.832,1.492,221.316,0.818,1227119.934
7009,5.171,5.944,1.881,221.669,0.890,1334732.721
7010,0.113,6.961,2.241,220.779,0.917,1375063.738
7011,0.000,7.121,2.252,220.109,0.670,1005617.687
7012,0.000,6.369,1.977,219.637,0.472,708408.398
7013,0.000,7.203,2.199,219.418,0.318,476661.127
7014,0.204,7.925,2.374,219.198,0.219,329126.374
7015,0.000,6.848,2.012,218.979,0.219,328797.248
7016,0.000,6.993,2.018,218.760,0.219,328468.450
7017,0.000,8.186,2.319,218.541,0.219,328139.982
7018,0.000,9.348,2.592,218.323,0.219,327811.842
7019,0.000,10.803,2.922,218.104,0.218,327484.030
7020,0.000,9.602,2.524,217.886,0.218,327156.546
7021,0.000,8.319,2.132,217.668,0.218,326829.390
7022,0.000,10.803,2.709,217.451,0.218,326502.560
7023,3.135,10.690,2.606,217.362,0.217,326176.058
7024,6.673,8.861,2.159,218.026,0.246,368324.014
7025,0.000,8.833,2.227,217.615,0.411,616543.197
7026,0.000,8.935,2.201,217.398,0.270,404410.738
7027,0.000,9.536,2.295,217.180,0.217,326096.423
7028,0.000,8.748,2.053,216.963,0.217,325770.327
7029,0.000,8.342,1.913,216.746,0.217,325444.556
7030,0.000,9.992,2.242,216.529,0.217,325119.112
7031,0.000,8.833,1.930,216.313,0.217,324793.993
7032,0.000,8.412,1.796,216.096,0.216,324469.199
7033,0.000,7.418,1.549,215.880,0.216,324144.730
7034,0.000,5.908,1.210,215.665,0.216,323820.585
7035,0.000,5.343,1.077,215.449,0.216,323496.764
7036,2.650,5.651,1.124,215.233,0.215,323173.267
7037,0.300,3.163,0.638,215.018,0.215,322850.094
7038,0.000,0.698,0.140,214.803,0.215,322527.244
7039,0.000,0.714,0.143,214.588,0.215,322204.717
7040,0.075,2.293,0.459,214.374,0.215,321882.512
7041,0.000,1.993,0.397,214.159,0.214,321560.630
7042,8.399,3.533,0.700,214.752,0.214,321239.069
7043,2.000,4.267,0.916,214.685,0.391,587097.583
7044,0.000,4.766,1.033,214.417,0.325,487595.909
7045,0.000,1.880,0.402,214.203,0.214,321625.640
7046,0.000,1.365,0.291,213.988,0.214,321304.015
7047,3.316,4.224,0.896,213.857,0.214,320982.711
7048,0.000,1.966,0.427,213.643,0.232,347797.943
7049,0.000,5.199,1.123,213.429,0.214,320464.413
7050,0.000,8.479,1.807,213.216,0.213,320143.948
7051,1.738,6.022,1.255,213.003,0.213,319823.804
7052,4.452,2.180,0.456,213.043,0.213,319503.980
7053,0.000,0.000,0.000,212.830,0.269,402758.400
7054,2.821,0.000,0.000,213.210,0.213,319245.173
7055,10.973,0.000,0.000,214.798,0.343,514673.329
7056,2.366,1.763,0.449,215.466,0.640,960462.565
7057,4.046,0.058,0.016,215.552,0.735,1102999.589
7058,7.152,0.000,0.000,216.348,0.702,1053739.455
7059,0.000,0.000,0.000,215.522,0.826,1238703.379
7060,0.000,0.000,0.000,214.930,0.592,888519.868
7061,0.000,0.000,0.000,214.520,0.410,615454.397
7062,0.000,0.000,0.000,214.306,0.268,402540.921
7063,0.000,0.000,0.000,214.091,0.214,321458.343
7064,9.270,0.000,0.000,215.748,0.214,321136.885
7065,4.408,2.726,0.852,216.583,0.625,938231.662
7066,0.000,2.402,0.775,215.825,0.757,1136051.559
7067,6.683,0.803,0.257,216.912,0.539,808631.431
7068,7.929,0.000,0.000,218.190,0.727,1089776.304
7069,6.513,0.121,0.042,218.957,0.956,1434237.963
7070,0.669,3.943,1.422,218.067,1.074,1610256.725
7071,0.000,1.462,0.524,217.241,0.826,1239375.672
7072,2.400,4.013,1.432,217.299,0.593,889610.909
7073,1.933,3.260,1.166,217.270,0.554,831676.932
7074,3.759,6.057,2.170,217.797,0.497,745148.438
7075,0.000,0.000,0.000,217.236,0.561,842202.052
7076,0.000,0.000,0.000,216.849,0.387,580123.431
7077,0.000,0.000,0.000,216.632,0.251,375778.902
7078,3.330,1.072,0.386,217.831,0.217,324948.237
7079,1.295,1.384,0.515,217.669,0.528,791568.350
7080,0.000,0.000,0.000,217.228,0.441,661432.840
7081,0.000,0.000,0.000,217.011,0.293,439261.848
7082,0.000,0.000,0.000,216.794,0.217,325516.269
7083,0.000,0.000,0.000,216.577,0.217,325190.753
7084,0.000,0.000,0.000,216.360,0.217,324865.562
7085,0.000,0.000,0.000,216.144,0.216,324540.696
7086,2.180,0.250,0.093,217.276,0.216,324216.156
7087,0.000,0.000,0.000,217.787,0.512,768635.488
7088,0.000,0.000,0.000,217.213,0.574,860461.520
7089,0.000,0.000,0.000,216.817,0.396,594344.213
7090,0.000,0.000,0.000,216.600,0.258,386849.529
7091,0.000,0.000,0.000,216.384,0.217,324900.654
7092,0.000,0.000,0.000,216.167,0.216,324575.754
7093,0.000,0.000,0.000,215.951,0.216,324251.178
7094,0.000,0.000,0.000,215.735,0.216,323926.927
7095,0.000,0.000,0.000,215.520,0.216,323603.000
7096,0.000,0.000,0.000,215.304,0.216,323279.397
7097,0.000,0.000,0.000,215.089,0.215,322956.117
7098,0.000,0.000,0.000,214.874,0.215,322633.161
7099,0.000,0.000,0.000,214.659,0.215,322310.528
7100,0.000,0.000,0.000,214.444,0.215,321988.218
7101,0.000,0.000,0.000,214.230,0.214,321666.229
7102,0.000,0.000,0.000,214.015,0.214,321344.563
7103,0.000,0.000,0.000,213.801,0.214,321023.219
7104,0.000,0.000,0.000,213.588,0.214,320702.195
7105,0.000,0.000,0.000,213.374,0.214,320381.493
7106,0.000,0.000,0.000,213.161,0.213,320061.112
7107,0.000,0.000,0.000,212.948,0.213,319741.051
7108,0.000,0.000,0.000,212.735,0.213,319421.309
7109,0.000,0.000,0.000,212.522,0.213,319101.888
7110,0.000,0.000,0.000,212.348,0.213,318782.786
7111,0.000,0.000,0.000,212.222,0.221,331219.048
7112,0.000,0.000,0.000,212.010,0.231,346576.077
7113,0.000,0.000,0.000,211.798,0.212,318014.280
7114,0.000,0.000,0.000,211.586,0.212,317696.265
7115,0.000,0.000,0.000,211.374,0.212,317378.569
7116,0.000,0.000,0.000,211.163,0.211,317061.191
7117,0.000,0.000,0.000,210.952,0.211,316744.129
7118,0.000,0.000,0.000,210.741,0.211,316427.385
7119,0.000,0.000,0.000,210.530,0.211,316110.958
7120,0.000,0.000,0.000,210.319,0.211,315794.847
7121,0.000,0.000,0.000,210.109,0.210,315479.052
7122,0.000,0.000,0.000,209.899,0.210,315163.573
7123,0.000,0.000,0.000,209.689,0.210,314848.409
7124,0.000,0.000,0.000,209.479,0.210,314533.561
7125,0.000,0.000,0.000,209.270,0.209,314219.027
7126,0.000,0.000,0.000,209.061,0.209,313904.808
7127,0.000,0.000,0.000,208.852,0.209,313590.904
7128,0.000,0.000,0.000,208.643,0.209,313277.313
7129,0.000,0.000,0.000,208.434,0.209,312964.035
7130,0.000,0.000,0.000,208.226,0.208,312651.071
7131,0.000,0.000,0.000,208.017,0.208,312338.420
7132,0.000,0.000,0.000,207.809,0.208,312026.082
7133,0.000,0.000,0.000,207.602,0.208,311714.056
7134,0.000,0.000,0.000,207.394,0.208,311402.342
7135,0.000,0.000,0.000,207.187,0.207,311090.939
7136,0.000,0.000,0.000,206.979,0.207,310779.848
7137,0.046,0.605,0.240,207.839,0.207,310469.069
7138,0.000,2.738,1.110,210.440,0.441,662040.495
7139,0.000,0.000,0.000,209.479,0.960,1440486.113
7140,0.000,0.000,0.000,208.784,0.696,1043758.802
7141,0.000,0.000,0.000,208.294,0.490,734391.319
7142,0.000,0.000,0.000,207.986,0.329,493164.424
7143,0.000,0.000,0.000,207.778,0.208,311979.162
7144,0.000,0.000,0.000,207.570,0.208,311667.183
7145,0.000,0.000,0.000,207.363,0.208,311355.515
7146,0.000,0.000,0.000,207.155,0.207,311044.160
7147,0.000,0.000,0.000,206.948,0.207,310733.116
7148,0.000,0.000,0.000,206.741,0.207,310422.383
7149,0.000,0.000,0.000,206.535,0.207,310111.960
7150,0.000,0.000,0.000,206.328,0.207,309801.848
7151,0.000,0.000,0.000,206.122,0.206,309492.046
7152,0.000,0.000,0.000,205.916,0.206,309182.554
7153,0.000,0.000,0.000,205.710,0.206,308873.372
7154,0.000,0.000,0.000,205.504,0.206,308564.498
7155,0.000,0.000,0.000,205.298,0.206,308255.934
7156,0.000,0.000,0.000,205.093,0.205,307947.678
7157,0.000,0.000,0.000,204.888,0.205,307639.730
7158,0.000,0.000,0.000,204.683,0.205,307332.091
7159,0.000,0.000,0.000,204.478,0.205,307024.758
7160,0.000,0.000,0.000,204.274,0.204,306717.734
7161,0.000,0.000,0.000,204.070,0.204,306411.016
7162,0.000,0.000,0.000,203.866,0.204,306104.605
7163,0.000,0.000,0.000,203.662,0.204,305798.500
7164,0.000,0.000,0.000,203.458,0.204,305492.702
7165,0.000,0.000,0.000,203.255,0.203,305187.209
7166,0.000,0.000,0.000,203.051,0.203,304882.022
7167,0.000,0.000,0.000,202.848,0.203,304577.140
7168,0.000,0.000,0.000,202.646,0.203,304272.563
7169,0.000,0.000,0.000,202.443,0.203,303968.290
7170,0.000,0.000,0.000,202.240,0.202,303664.322
7171,0.000,0.000,0.000,202.038,0.202,303360.658
7172,0.000,0.000,0.000,201.836,0.202,303057.297
7173,0.000,0.000,0.000,201.634,0.202,302754.240
7174,0.000,0.000,0.000,201.433,0.202,302451.485
7175,0.000,0.000,0.000,201.231,0.201,302149.034
7176,0.000,0.000,0.000,201.030,0.201,301846.885
7177,0.000,0.000,0.000,200.829,0.201,301545.038
7178,0.384,0.417,0.175,201.756,0.201,301243.493
7179,0.000,0.000,0.000,202.470,0.449,672988.492
7180,0.000,0.000,0.000,201.919,0.551,826784.744
7181,0.000,0.000,0.000,201.543,0.375,563055.372
7182,0.000,0.000,0.000,201.342,0.238,357428.298
7183,0.000,0.000,0.000,201.141,0.201,302012.897
7184,0.000,0.000,0.000,200.939,0.201,301710.884
7185,0.000,0.000,0.000,200.739,0.201,301409.173
7186,0.000,0.000,0.000,200.538,0.201,301107.764
7187,0.660,0.000,0.000,200.969,0.201,300806.656
7188,1.979,0.023,0.010,202.516,0.339,509090.250
7189,0.000,0.000,0.000,201.891,0.625,937587.949
7190,0.000,0.000,0.000,201.458,0.433,649386.396
7191,0.000,0.000,0.000,201.257,0.283,424671.116
7192,0.000,0.000,0.000,201.056,0.201,301885.866
7193,0.000,0.000,0.000,200.855,0.201,301583.981
7194,0.000,0.000,0.000,200.654,0.201,301282.397
7195,0.000,0.000,0.000,200.453,0.201,300981.114
7196,0.000,0.000,0.000,200.253,0.200,300680.133
7197,0.000,0.000,0.000,200.053,0.200,300379.453
7198,0.000,0.000,0.000,199.853,0.200,300079.073
7199,0.000,0.000,0.000,199.653,0.200,299778.994
7200,0.000,0.000,0.000,199.453,0.200,299479.215
7201,0.000,0.000,0.000,199.254,0.199,299179.736
7202,0.000,0.000,0.000,199.054,0.199,298880.556
7203,0.000,0.000,0.000,198.855,0.199,298581.676
7204,3.426,0.831,0.374,201.265,0.199,298283.094
7205,0.000,0.000,0.000,200.493,0.773,1158897.044
7206,0.000,0.000,0.000,199.945,0.548,821373.368
7207,0.000,0.000,0.000,199.573,0.372,558187.467
7208,0.000,0.000,0.000,199.374,0.235,352984.948
7209,0.000,0.000,0.000,199.174,0.199,299060.476
7210,0.000,0.000,0.000,198.975,0.199,298761.415
7211,0.000,0.000,0.000,198.776,0.199,298462.654
7212,0.000,0.000,0.000,198.577,0.199,298164.191
7213,0.000,0.000,0.000,198.379,0.199,297866.027
7214,0.000,0.000,0.000,198.180,0.198,297568.161
7215,0.000,0.000,0.000,197.982,0.198,297270.593
7216,0.000,0.000,0.000,197.784,0.198,296973.322
7217,0.000,0.000,0.000,197.586,0.198,296676.349
7218,0.000,0.000,0.000,197.389,0.198,296379.673
7219,0.000,0.000,0.000,197.191,0.197,296083.293
7220,0.000,0.000,0.000,196.994,0.197,295787.210
7221,0.000,0.000,0.000,196.797,0.197,295491.423
7222,0.000,0.000,0.000,196.600,0.197,295195.931
7223,0.000,0.000,0.000,196.404,0.197,294900.735
7224,0.000,0.000,0.000,196.207,0.196,294605.835
7225,0.000,0.000,0.000,196.011,0.196,294311.229
7226,0.000,0.000,0.000,195.815,0.196,294016.917
7227,0.000,0.000,0.000,195.619,0.196,293722.901
7228,0.000,0.000,0.000,195.424,0.196,293429.178
7229,0.000,0.000,0.000,195.228,0.195,293135.748
7230,0.000,0.000,0.000,195.033,0.195,292842.613
7231,0.000,0.000,0.000,194.838,0.195,292549.770
7232,0.000,0.000,0.000,194.643,0.195,292257.220
7233,0.000,0.000,0.000,194.449,0.195,291964.963
7234,0.000,0.000,0.000,194.414,0.194,291672.998
7235,0.162,1.833,0.856,196.727,0.229,344236.446
7236,0.000,0.000,0.000,195.981,0.746,1118607.986
7237,0.000,0.199,0.095,196.931,0.526,788490.542
7238,0.000,1.533,0.743,198.878,0.679,1018077.898
7239,4.019,0.000,0.000,200.441,1.051,1576530.248
7240,0.000,0.000,0.000,199.102,1.339,2008546.074
7241,0.000,0.000,0.000,198.113,0.989,1482977.841
7242,0.000,0.000,0.000,197.398,0.715,1073118.308
7243,0.000,0.000,0.000,196.895,0.502,753511.476
7244,0.000,0.000,0.000,196.559,0.336,504301.668
7245,0.000,0.000,0.000,196.363,0.207,310001.455
7246,0.000,0.000,0.000,196.166,0.196,294543.910
7247,0.000,3.303,1.673,199.830,0.196,294249.366
7248,0.000,4.372,2.273,204.181,1.045,1567641.288
7249,0.000,2.313,1.238,205.865,1.947,2920072.353
7250,1.636,0.690,0.377,206.440,2.262,3392609.070
7251,0.000,0.000,0.000,204.107,2.333,3498968.954
7252,0.000,0.000,0.000,202.343,1.764,2645997.051
7253,0.000,0.000,0.000,201.023,1.321,1980762.165
7254,0.000,0.000,0.000,200.048,0.975,1461962.070
7255,0.000,0.000,0.000,199.343,0.705,1057381.028
7256,0.000,0.000,0.000,198.849,0.495,741890.764
7257,0.000,0.000,0.000,198.518,0.331,495891.226
7258,0.000,0.000,0.000,198.320,0.203,304094.369
7259,0.000,0.000,0.000,198.121,0.198,297479.560
7260,0.000,0.000,0.000,197.923,0.198,297182.081
7261,0.000,0.000,0.000,197.725,0.198,296884.899
7262,0.000,0.000,0.000,197.528,0.198,296588.014
7263,9.025,0.023,0.013,202.250,0.198,296291.426
7264,0.000,3.030,1.740,205.588,1.280,1919445.444
7265,0.992,0.160,0.094,205.840,1.959,2937997.728
7266,0.000,0.000,0.000,203.881,1.959,2938506.079
7267,0.000,0.000,0.000,202.409,1.473,2209198.597
7268,0.000,0.000,0.000,201.315,1.094,1640421.598
7269,2.839,0.811,0.480,204.264,0.798,1196858.291
7270,0.717,0.624,0.376,205.513,1.392,2087534.303
7271,0.000,0.000,0.000,205.046,1.611,2417217.899
7272,0.000,0.000,0.000,203.592,1.454,2180575.396
7273,0.000,0.000,0.000,202.513,1.079,1618508.440
7274,0.000,0.000,0.000,201.727,0.787,1180178.555
7275,0.000,0.000,0.000,201.168,0.559,838363.503
7276,0.088,0.000,0.000,200.915,0.381,571829.938
7277,0.000,0.000,0.000,200.715,0.271,406580.171
7278,0.000,0.000,0.000,201.081,0.201,301072.248
7279,0.000,0.000,0.000,202.443,0.325,488002.921
7280,3.564,0.581,0.361,205.902,0.570,855451.262
7281,0.000,0.000,0.000,204.626,1.277,1915002.042
7282,1.892,0.000,0.000,205.551,0.941,1411909.310
7283,0.137,0.000,0.000,205.955,1.091,1635773.896
7284,0.000,0.000,0.000,206.560,1.125,1687265.711
7285,0.000,0.000,0.000,206.922,1.204,1805324.640
7286,7.040,0.000,0.000,209.250,1.229,1843471.755
7287,1.954,0.000,0.000,210.071,1.687,2530272.250
7288,0.000,0.000,0.000,208.258,1.813,2719999.214
7289,5.968,1.287,0.857,213.267,1.360,2040377.936
7290,2.180,0.000,0.000,212.786,2.408,3612066.994
7291,0.000,0.000,0.000,210.538,2.248,3372342.382
7292,1.039,0.000,0.000,210.953,1.700,2549449.027
7293,0.000,1.318,0.908,212.701,1.737,2605532.089
7294,2.836,2.902,2.016,217.585,2.068,3101779.375
7295,4.714,3.580,2.526,223.410,3.088,4632651.237
7296,0.175,2.164,1.556,223.893,4.316,6474112.674
7297,0.000,1.318,0.956,223.193,4.369,6553161.845
7298,0.000,1.938,1.415,223.521,4.161,6241608.681
7299,1.385,4.114,3.027,227.452,4.180,6269391.715
7300,0.000,4.777,3.555,230.743,4.991,7486450.483
7301,0.000,4.891,3.674,233.591,5.661,8492126.028
7302,0.000,4.013,3.042,234.777,6.235,9351848.477
7303,0.000,0.710,0.542,231.388,6.442,9663130.558
7304,0.000,0.745,0.572,228.862,5.643,8464636.287
7305,0.000,2.582,1.994,229.452,5.034,7551122.821
7306,0.821,2.675,2.080,230.617,5.111,7665829.329
7307,3.215,3.986,3.121,234.863,5.314,7970720.886
7308,0.000,5.721,4.528,229.458,6.195,9292029.986
7309,0.000,7.320,5.717,224.506,4.953,7428961.388
7310,0.000,7.964,6.101,220.696,3.810,5715057.133
7311,0.000,8.303,6.229,217.777,2.919,4378291.347
7312,6.075,8.397,6.164,218.967,2.224,3335693.487
7313,0.362,5.269,3.820,216.735,2.433,3649246.064
7314,1.534,2.886,2.065,215.686,1.889,2833465.908
7315,0.000,8.022,5.711,214.081,1.605,2408224.711
7316,0.000,10.647,7.421,212.881,1.200,1799358.530
7317,3.812,10.943,7.416,213.974,0.883,1324521.966
7318,0.000,8.521,5.651,212.903,1.071,1606356.104
7319,0.000,8.607,5.581,212.121,0.783,1174137.950
7320,0.000,13.849,8.779,211.563,0.558,837086.609
7321,0.000,17.273,10.555,211.180,0.383,574265.305
7322,0.000,15.089,8.806,210.969,0.246,369343.350
7323,0.000,14.664,8.222,210.758,0.211,316453.192
7324,4.131,17.519,9.448,211.798,0.211,316136.739
7325,31.333,9.777,5.095,223.769,0.486,728466.161
7326,7.350,7.273,4.051,223.827,3.067,4600395.506
7327,0.462,5.600,3.122,220.997,3.027,4541084.598
7328,0.000,4.579,2.518,218.644,2.352,3528480.518
7329,0.000,6.014,3.268,216.862,1.783,2673790.261
7330,0.147,9.621,5.146,215.584,1.338,2007210.285
7331,1.724,10.592,5.526,215.265,1.005,1507096.981
7332,8.029,8.931,4.555,217.507,0.883,1323813.673
7333,5.633,8.759,4.476,218.379,1.324,1985419.571
7334,7.520,7.047,3.582,219.831,1.463,2195204.334
7335,4.036,3.502,1.789,219.673,1.731,2596373.449
7336,6.778,7.866,4.033,220.680,1.644,2466433.661
7337,3.489,6.224,3.193,220.231,1.814,2720847.148
7338,0.536,7.621,3.888,218.776,1.663,2495053.457
7339,0.640,8.678,4.346,217.729,1.292,1937344.984
7340,6.207,6.778,3.325,219.042,1.010,1514271.693
7341,0.199,7.983,3.928,217.870,1.247,1869911.572
7342,0.491,6.419,3.095,217.113,0.937,1405764.471
7343,0.000,5.074,2.410,216.394,0.719,1078709.301
7344,4.902,6.392,2.996,217.635,0.509,764136.881
7345,1.780,5.893,2.764,217.541,0.731,1096629.887
7346,0.000,7.753,3.604,216.882,0.659,988235.868
7347,3.134,6.416,2.922,217.507,0.463,693799.140
7348,1.972,7.589,3.439,217.639,0.549,823152.747
7349,2.137,8.915,3.990,217.841,0.527,789896.376
7350,0.000,5.296,2.335,217.321,0.520,779782.000
7351,1.077,5.819,2.530,217.324,0.354,531512.761
7352,0.274,5.534,2.380,217.107,0.304,455600.828
7353,0.000,5.854,2.484,216.889,0.217,325659.876
7354,17.444,7.897,3.300,221.772,0.217,325334.216
7355,3.463,10.947,4.820,221.595,1.339,2007945.004
7356,2.174,10.300,4.467,221.065,1.249,1872771.434
7357,0.000,12.242,5.214,219.984,1.081,1621121.503
7358,0.000,7.562,3.118,219.192,0.792,1187979.937
7359,0.000,8.248,3.334,218.625,0.567,850206.011
7360,0.000,11.400,4.509,218.234,0.391,586818.766
7361,5.699,10.101,3.877,219.358,0.254,381453.057
7362,0.000,6.018,2.312,218.845,0.513,769966.471
7363,0.000,9.727,3.679,218.495,0.350,524367.000
7364,0.000,11.466,4.227,218.277,0.222,332875.619
7365,0.000,11.969,4.280,218.058,0.218,327414.850
7366,0.000,11.587,4.015,217.840,0.218,327087.435
7367,0.000,12.254,4.118,217.622,0.218,326760.348
7368,0.000,11.306,3.678,217.405,0.218,326433.587
7369,0.000,12.265,3.873,217.187,0.217,326107.154
7370,0.000,12.644,3.865,216.970,0.217,325781.047
7371,0.000,11.606,3.431,216.753,0.217,325455.266
7372,0.000,12.106,3.471,216.536,0.217,325129.810
7373,0.000,11.946,3.317,216.320,0.217,324804.680
7374,2.489,10.682,2.874,216.161,0.216,324479.876
7375,14.331,11.392,3.038,218.437,0.229,343143.194
7376,11.840,11.497,3.318,220.264,0.764,1146227.952
7377,7.963,10.226,3.109,220.986,1.115,1672339.737
7378,0.363,7.281,2.271,219.850,1.223,1833866.600
7379,0.510,7.285,2.234,219.047,0.921,1382059.094
7380,0.000,7.055,2.130,218.353,0.694,1040499.913
7381,0.000,7.133,2.114,217.863,0.490,735009.962
7382,3.404,7.055,2.052,218.283,0.331,496804.381
7383,16.937,4.774,1.396,221.667,0.373,558877.638
7384,1.553,5.019,1.621,220.982,1.066,1599250.065
7385,4.392,6.107,1.966,221.191,0.865,1296850.406
7386,0.000,3.767,1.226,220.331,0.860,1289617.895
7387,0.000,2.777,0.895,219.711,0.620,929780.321
7388,0.000,6.497,2.078,219.278,0.433,649183.135
7389,0.000,8.326,2.618,219.059,0.287,430393.376
7390,0.000,9.863,3.034,218.840,0.219,328589.241
7391,0.000,9.356,2.805,218.622,0.219,328260.652
7392,0.000,7.441,2.176,218.403,0.219,327932.391
7393,5.159,5.667,1.625,218.857,0.218,327604.459
7394,3.724,6.599,1.934,219.319,0.366,549117.676
7395,7.641,7.129,2.107,220.615,0.417,625383.726
7396,15.367,6.412,1.959,223.527,0.651,977192.148
7397,2.267,3.935,1.303,222.856,1.241,1862060.375
7398,12.105,5.639,1.873,224.867,1.043,1564668.178
7399,0.466,6.349,2.228,223.556,1.435,2152444.802
7400,0.000,3.927,1.359,222.460,1.096,1644130.523
7401,0.000,3.611,1.237,221.656,0.804,1206726.206
7402,1.025,4.543,1.541,221.343,0.577,865626.535
7403,2.188,3.822,1.289,221.445,0.458,686796.580
7404,0.000,5.885,1.989,221.015,0.430,645129.477
7405,7.522,6.435,2.142,222.475,0.285,427807.719
7406,0.400,2.360,0.807,221.988,0.590,885730.688
7407,0.000,1.579,0.538,221.555,0.433,649901.704
7408,0.000,1.962,0.665,221.334,0.288,431704.522
7409,0.000,3.916,1.321,221.112,0.221,332000.467
7410,0.000,5.897,1.970,220.891,0.221,331668.467
7411,0.000,6.673,2.195,220.670,0.221,331336.798
7412,0.000,8.174,2.642,220.450,0.221,331005.461
7413,1.511,5.468,1.729,220.229,0.220,330674.456
7414,0.000,1.646,0.518,220.009,0.220,330343.781
7415,0.000,1.595,0.500,219.789,0.220,330013.438
7416,0.000,2.773,0.866,219.569,0.220,329683.424
7417,0.648,0.117,0.036,219.350,0.220,329353.741
7418,0.000,0.000,0.000,219.130,0.219,329024.387
7419,1.064,0.000,0.000,218.911,0.219,328695.363
7420,0.000,0.168,0.053,218.692,0.219,328366.667
7421,0.000,1.455,0.455,218.474,0.219,328038.301
7422,0.000,1.178,0.367,218.255,0.218,327710.262
7423,0.000,0.616,0.192,218.037,0.218,327382.552
7424,0.000,0.000,0.000,217.819,0.218,327055.169
7425,0.000,0.000,0.000,217.601,0.218,326728.114
7426,0.000,0.000,0.000,217.383,0.218,326401.386
7427,0.000,0.000,0.000,217.166,0.217,326074.985
7428,0.000,0.160,0.050,216.949,0.217,325748.910
7429,0.000,0.991,0.307,216.732,0.217,325423.161
7430,0.000,0.000,0.000,216.515,0.217,325097.738
7431,0.000,0.000,0.000,216.299,0.217,324772.640
7432,3.449,0.000,0.000,216.443,0.216,324447.867
7433,3.785,2.009,0.635,216.967,0.295,443031.503
7434,0.000,1.899,0.612,216.588,0.379,568564.741
7435,0.851,1.166,0.374,216.371,0.244,366685.911
7436,0.000,0.000,0.000,216.155,0.216,324556.646
7437,0.000,0.000,0.000,215.939,0.216,324232.089
7438,0.000,0.000,0.000,215.723,0.216,323907.857
7439,0.000,0.000,0.000,215.507,0.216,323583.949
7440,0.000,0.000,0.000,215.291,0.216,323260.365
7441,2.264,0.410,0.132,215.181,0.215,322937.105
7442,1.952,4.196,1.371,215.082,0.238,357147.776
7443,0.000,4.126,1.349,214.867,0.240,360691.830
7444,0.000,5.515,1.784,214.652,0.215,322299.909
7445,0.000,2.656,0.847,214.437,0.215,321977.609
7446,0.000,0.971,0.307,214.223,0.214,321655.632
7447,0.000,0.721,0.228,214.008,0.214,321333.976
7448,5.579,1.696,0.535,214.680,0.214,321012.642
7449,1.483,1.283,0.417,214.637,0.409,612801.328
7450,6.316,0.000,0.000,215.857,0.347,521095.929
7451,1.824,0.000,0.000,215.762,0.564,846081.483
7452,1.211,0.000,0.000,215.586,0.492,737540.455
7453,0.000,0.000,0.000,215.184,0.401,601928.193
7454,0.000,0.000,0.000,214.970,0.261,392220.367
7455,0.000,0.000,0.000,214.755,0.215,322454.266
7456,0.000,0.000,0.000,214.540,0.215,322131.812
7457,0.000,0.000,0.000,214.325,0.215,321809.680
7458,0.000,0.000,0.000,214.111,0.214,321487.870
7459,0.000,0.000,0.000,213.897,0.214,321166.383
7460,0.000,0.000,0.000,213.683,0.214,320845.216
7461,0.000,0.000,0.000,213.469,0.214,320524.371
7462,0.000,0.000,0.000,213.256,0.213,320203.847
7463,0.000,0.000,0.000,213.043,0.213,319883.643
7464,0.000,0.000,0.000,212.829,0.213,319563.759
7465,0.000,0.000,0.000,212.617,0.213,319244.195
7466,0.000,0.000,0.000,212.404,0.213,318924.951
7467,0.000,0.000,0.000,212.192,0.212,318606.026
7468,0.000,0.000,0.000,211.979,0.212,318287.420
7469,5.672,1.369,0.472,214.567,0.212,317969.133
7470,0.000,0.000,0.000,213.739,0.828,1241513.633
7471,0.000,0.000,0.000,213.146,0.593,890121.238
7472,0.000,0.000,0.000,212.735,0.411,616113.430
7473,0.000,0.000,0.000,212.523,0.268,402465.521
7474,0.000,0.000,0.000,212.310,0.213,318784.068
7475,0.000,0.000,0.000,212.098,0.212,318465.284
7476,0.000,0.000,0.000,211.886,0.212,318146.819
7477,0.000,0.000,0.000,211.674,0.212,317828.672
7478,0.000,0.000,0.000,211.462,0.212,317510.843
7479,0.000,0.000,0.000,211.251,0.211,317193.332
7480,0.000,0.000,0.000,211.040,0.211,316876.139
7481,0.000,0.000,0.000,210.828,0.211,316559.263
7482,0.000,0.000,0.000,210.618,0.211,316242.704
7483,0.000,0.000,0.000,210.407,0.211,315926.461
7484,0.000,0.000,0.000,210.197,0.210,315610.534
7485,0.000,0.000,0.000,209.986,0.210,315294.924
7486,0.000,0.000,0.000,209.776,0.210,314979.629
7487,0.000,0.000,0.000,209.567,0.210,314664.649
7488,0.000,0.000,0.000,209.357,0.210,314349.985
7489,0.000,0.000,0.000,209.148,0.209,314035.635
7490,1.185,0.000,0.000,209.217,0.209,313721.599
7491,3.048,1.455,0.542,211.598,0.270,405195.312
7492,6.533,1.318,0.514,214.715,0.779,1168408.074
7493,0.317,0.000,0.000,213.532,1.412,2117679.232
7494,0.000,0.000,0.000,212.433,1.099,1648127.814
7495,0.000,0.000,0.000,211.629,0.804,1206532.006
7496,3.256,0.000,0.000,212.160,0.575,862166.284
7497,0.000,0.000,0.000,211.521,0.639,958844.542
7498,0.000,0.000,0.000,211.075,0.446,669127.841
7499,0.000,0.000,0.000,210.864,0.295,443227.584
7500,0.000,0.000,0.000,210.654,0.211,316296.641
7501,0.000,0.000,0.000,210.443,0.211,315980.344
7502,0.000,0.000,0.000,210.232,0.210,315664.364
7503,0.000,0.000,0.000,210.022,0.210,315348.699
7504,0.000,0.000,0.000,209.812,0.210,315033.351
7505,0.000,0.000,0.000,209.602,0.210,314718.317
7506,0.000,0.000,0.000,209.393,0.210,314403.599
7507,0.000,0.000,0.000,209.183,0.209,314089.195
7508,0.000,0.000,0.000,208.974,0.209,313775.106
7509,0.000,0.000,0.000,208.765,0.209,313461.331
7510,0.000,0.000,0.000,208.556,0.209,313147.870
7511,0.000,0.000,0.000,208.348,0.209,312834.722
7512,0.000,0.000,0.000,208.140,0.208,312521.887
7513,0.000,0.000,0.000,207.931,0.208,312209.365
7514,0.000,0.000,0.000,207.724,0.208,311897.156
7515,0.000,0.000,0.000,207.516,0.208,311585.259
7516,0.000,0.000,0.000,207.308,0.208,311273.673
7517,0.000,0.000,0.000,207.101,0.207,310962.400
7518,0.000,0.000,0.000,206.894,0.207,310651.437
7519,0.000,0.000,0.000,206.687,0.207,310340.786
7520,0.000,0.000,0.000,206.480,0.207,310030.445
7521,0.000,0.000,0.000,206.274,0.206,309720.415
7522,0.000,0.000,0.000,206.068,0.206,309410.694
7523,0.000,0.000,0.000,205.861,0.206,309101.284
7524,0.000,0.000,0.000,205.656,0.206,308792.182
7525,0.000,0.000,0.000,205.450,0.206,308483.390
7526,0.000,0.000,0.000,205.244,0.205,308174.907
7527,0.000,0.000,0.000,205.039,0.205,307866.732
7528,1.256,0.324,0.136,206.171,0.205,307558.865
7529,0.000,0.000,0.000,205.672,0.499,748264.220
7530,0.000,0.000,0.000,205.336,0.335,503109.128
7531,0.000,0.000,0.000,205.131,0.208,311968.693
7532,0.000,0.000,0.000,204.926,0.205,307696.551
7533,0.000,0.000,0.000,204.721,0.205,307388.854
7534,0.000,0.000,0.000,204.516,0.205,307081.465
7535,0.000,0.000,0.000,204.312,0.205,306774.384
7536,0.000,0.000,0.000,204.107,0.204,306467.609
7537,0.000,0.000,0.000,203.903,0.204,306161.142
7538,0.000,0.000,0.000,203.699,0.204,305854.981
7539,0.000,0.000,0.000,203.496,0.204,305549.126
7540,0.000,0.000,0.000,203.292,0.203,305243.576
7541,0.000,0.000,0.000,203.089,0.203,304938.333
7542,0.000,0.000,0.000,202.886,0.203,304633.395
7543,0.000,0.000,0.000,202.683,0.203,304328.761
7544,0.000,0.000,0.000,202.480,0.203,304024.432
7545,0.000,0.000,0.000,202.278,0.202,303720.408
7546,0.000,0.000,0.000,202.076,0.202,303416.688
7547,0.000,0.000,0.000,201.873,0.202,303113.271
7548,0.000,0.000,0.000,201.672,0.202,302810.158
7549,0.000,0.000,0.000,201.470,0.202,302507.347
7550,0.000,0.000,0.000,201.268,0.201,302204.840
7551,0.000,0.000,0.000,201.067,0.201,301902.635
7552,0.000,0.000,0.000,200.866,0.201,301600.733
7553,0.000,0.000,0.000,200.665,0.201,301299.132
7554,0.000,0.000,0.000,200.465,0.201,300997.833
7555,0.000,0.000,0.000,200.264,0.200,300696.835
7556,0.000,0.000,0.000,200.064,0.200,300396.138
7557,0.000,0.000,0.000,199.864,0.200,300095.742
7558,0.000,0.000,0.000,199.664,0.200,299795.646
7559,0.000,0.000,0.000,199.464,0.200,299495.851
7560,0.000,0.000,0.000,199.265,0.199,299196.355
7561,0.000,0.000,0.000,199.066,0.199,298897.158
7562,0.000,0.000,0.000,198.866,0.199,298598.261
7563,0.000,0.000,0.000,198.668,0.199,298299.663
7564,0.000,0.000,0.000,198.469,0.199,298001.363
7565,0.000,0.000,0.000,198.270,0.198,297703.362
7566,0.000,0.000,0.000,198.072,0.198,297405.659
7567,0.000,0.000,0.000,197.874,0.198,297108.253
7568,0.000,0.000,0.000,197.676,0.198,296811.145
7569,0.000,0.000,0.000,197.479,0.198,296514.333
7570,0.000,0.000,0.000,197.281,0.197,296217.819
7571,0.000,0.000,0.000,197.084,0.197,295921.601
7572,0.000,0.000,0.000,196.887,0.197,295625.680
7573,0.000,0.000,0.000,196.690,0.197,295330.054
7574,0.000,0.000,0.000,196.493,0.197,295034.724
7575,0.000,0.000,0.000,196.297,0.196,294739.689
7576,0.000,0.000,0.000,196.100,0.196,294444.950
7577,0.000,4.274,1.840,199.842,0.196,294150.505
7578,0.000,3.159,1.419,202.484,1.062,1593236.391
7579,0.000,2.687,1.247,204.343,1.588,2381868.782
7580,0.000,0.823,0.393,204.394,1.941,2911756.935
7581,0.000,0.000,0.000,202.497,1.897,2845164.316
7582,0.000,0.000,0.000,201.073,1.424,2136007.869
7583,0.000,0.000,0.000,200.017,1.055,1582949.061
7584,0.000,0.000,0.000,199.250,0.768,1151646.327
7585,0.000,0.000,0.000,198.706,0.544,815313.249
7586,0.000,0.000,0.000,198.337,0.369,553056.419
7587,0.000,0.000,0.000,198.139,0.232,348578.980
7588,0.000,0.000,0.000,197.941,0.198,297208.894
7589,0.000,0.000,0.000,197.743,0.198,296911.685
7590,2.921,0.000,0.000,198.348,0.198,296614.773
7591,0.000,0.000,0.000,197.974,0.374,561088.988
7592,0.000,0.000,0.000,197.776,0.236,354718.088
7593,0.000,0.000,0.000,197.578,0.198,296663.877
7594,0.000,0.000,0.000,197.381,0.198,296367.213
7595,0.000,0.000,0.000,197.183,0.197,296070.845
7596,0.000,0.000,0.000,196.986,0.197,295774.775
7597,0.000,0.000,0.000,196.789,0.197,295479.000
7598,5.082,0.000,0.000,198.124,0.197,295183.521
7599,2.147,0.000,0.000,199.119,0.534,800412.752
7600,0.000,0.000,0.000,198.422,0.697,1045573.571
7601,0.000,0.000,0.000,197.934,0.488,732386.176
7602,0.000,0.000,0.000,197.609,0.325,488183.169
7603,0.000,0.000,0.000,197.411,0.199,297787.901
7604,0.000,0.000,0.000,197.214,0.197,296116.377
7605,0.000,0.000,0.000,197.016,0.197,295820.261
7606,0.000,0.000,0.000,196.819,0.197,295524.441
7607,0.000,0.000,0.000,196.622,0.197,295228.916
7608,0.000,0.000,0.000,196.426,0.197,294933.687
7609,0.000,0.000,0.000,196.229,0.196,294638.754
7610,0.000,0.000,0.000,196.033,0.196,294344.115
7611,0.000,0.000,0.000,195.837,0.196,294049.771
7612,0.000,0.000,0.000,195.641,0.196,293755.721
7613,0.000,0.000,0.000,195.446,0.196,293461.965
7614,0.000,0.000,0.000,195.250,0.195,293168.503
7615,0.000,0.000,0.000,195.055,0.195,292875.335
7616,0.000,0.000,0.000,194.860,0.195,292582.460
7617,0.000,0.000,0.000,194.665,0.195,292289.877
7618,0.000,0.000,0.000,194.470,0.195,291997.587
7619,0.000,0.000,0.000,194.276,0.194,291705.590
7620,0.000,0.000,0.000,194.082,0.194,291413.884
7621,0.000,0.000,0.000,193.888,0.194,291122.470
7622,0.000,0.000,0.000,193.694,0.194,290831.348
7623,0.000,0.000,0.000,193.500,0.194,290540.516
7624,0.000,0.000,0.000,193.306,0.193,290249.976
7625,0.000,0.000,0.000,193.113,0.193,289959.726
7626,4.245,0.000,0.000,194.387,0.193,289669.766
7627,4.658,0.000,0.000,195.760,0.516,773511.306
7628,0.000,0.000,0.000,194.999,0.761,1142165.068
7629,0.000,0.421,0.220,196.273,0.538,806522.445
7630,0.000,1.174,0.620,198.042,0.762,1142904.534
7631,0.000,3.561,1.909,201.753,1.095,1642194.640
7632,0.000,5.780,3.174,206.954,1.855,2782910.841
7633,0.000,5.265,2.982,210.779,2.943,4415122.989
7634,0.000,3.752,2.182,212.465,3.729,5593586.942
7635,0.000,3.171,1.882,213.343,4.044,6065804.285
7636,0.000,2.258,1.364,213.208,4.181,6272038.630
7637,0.000,0.000,0.000,209.112,4.096,6143631.649
7638,0.000,0.000,0.000,205.973,3.139,4708422.645
7639,0.000,0.000,0.000,203.580,2.393,3589043.232
7640,0.000,0.000,0.000,203.000,1.811,2716010.816
7641,0.000,0.000,0.000,202.728,1.627,2441097.760
7642,2.248,0.000,0.000,203.638,1.512,2268074.377
7643,0.000,1.459,0.915,205.306,1.657,2485086.706
7644,4.072,1.650,1.047,208.888,1.968,2952534.295
7645,0.000,3.190,2.064,211.579,2.701,4051428.224
7646,7.502,4.512,2.960,219.093,3.238,4856729.972
7647,0.000,5.409,3.657,222.523,4.835,7253242.303
7648,0.000,2.835,1.947,222.287,5.535,8302568.900
7649,0.000,2.289,1.589,221.551,5.428,8141931.432
7650,0.000,4.469,3.132,223.756,5.211,7816529.670
7651,0.000,7.324,5.195,229.171,5.641,8461438.145
7652,3.331,4.485,3.229,225.524,6.777,10166052.515
7653,2.822,3.849,2.765,221.155,5.920,8880111.559
7654,2.128,6.997,4.998,217.415,4.904,7356180.488
7655,0.000,11.318,7.966,213.388,4.026,6039584.158
7656,0.000,11.521,7.870,210.302,3.086,4628757.858
7657,0.000,12.710,8.422,207.950,2.352,3528395.462
7658,0.000,12.203,7.819,206.170,1.780,2670194.829
7659,0.000,8.752,5.429,204.836,1.334,2000880.288
7660,0.000,10.393,6.301,203.850,0.986,1478896.819
7661,0.000,11.739,6.924,203.136,0.715,1071831.502
7662,0.000,11.275,6.447,202.633,0.503,754402.263
7663,0.000,3.920,2.176,202.295,0.338,506889.083
7664,0.000,3.214,1.766,202.092,0.209,313910.347
7665,0.000,3.327,1.812,201.890,0.202,303138.587
7666,0.000,6.252,3.376,201.688,0.202,302835.449
7667,0.000,8.584,4.561,201.487,0.202,302532.613
7668,0.000,8.420,4.374,201.285,0.201,302230.081
7669,0.000,9.641,4.898,201.084,0.201,301927.851
7670,5.874,7.293,3.612,202.652,0.201,301625.923
7671,2.512,9.555,4.734,203.011,0.590,884998.749
7672,3.231,10.975,5.346,203.596,0.614,921711.811
7673,0.000,8.373,4.007,202.908,0.689,1033235.293
7674,0.000,4.387,2.054,202.425,0.483,724252.138
7675,4.460,5.179,2.397,203.676,0.322,483326.948
7676,0.000,8.471,3.931,203.133,0.543,814568.151
7677,0.000,7.851,3.563,202.763,0.369,553936.536
7678,0.000,11.591,5.153,202.561,0.234,350725.303
7679,12.858,9.742,4.200,206.130,0.203,303840.957
7680,1.312,13.166,5.829,205.540,1.032,1548231.929
7681,15.058,11.829,5.084,209.620,0.848,1272271.497
7682,3.491,10.179,4.508,209.106,1.692,2537437.516
7683,0.000,8.065,3.526,207.582,1.524,2286677.014
7684,2.973,7.359,3.150,207.416,1.135,1702501.507
7685,7.214,6.552,2.785,208.706,1.044,1566653.013
7686,2.884,6.010,2.587,208.377,1.274,1911517.721
7687,3.487,6.587,2.825,208.368,1.148,1722152.700
7688,1.026,5.140,2.198,207.610,1.092,1638299.967
7689,2.126,6.965,2.951,207.424,0.872,1307372.769
7690,6.062,6.361,2.670,208.584,0.777,1165446.030
7691,0.000,7.554,3.199,207.606,0.979,1467750.892
7692,0.000,7.203,2.991,206.896,0.710,1064385.717
7693,2.863,10.549,4.298,207.284,0.500,749841.341
7694,1.417,9.473,3.802,207.185,0.532,797575.352
7695,5.099,9.586,3.777,208.257,0.456,684719.684
7696,5.843,10.764,4.235,209.368,0.639,958372.236
7697,5.245,10.939,4.301,210.107,0.830,1244757.137
7698,5.088,10.920,4.275,210.683,0.939,1408624.449
7699,0.000,10.390,4.048,209.670,1.013,1518947.333
7700,3.413,11.045,4.187,209.918,0.737,1104960.373
7701,0.116,8.194,3.069,209.213,0.738,1106946.516
7702,1.932,6.681,2.450,209.222,0.530,794708.214
7703,0.000,8.701,3.167,208.744,0.479,718136.664
7704,2.092,8.198,2.917,208.989,0.320,480646.846
7705,0.000,14.851,5.230,208.717,0.321,482191.669
7706,0.000,15.740,5.329,208.508,0.209,313075.385
7707,6.937,15.358,4.987,209.560,0.209,312762.310
7708,5.670,14.504,4.719,210.476,0.486,728466.335
7709,5.628,14.699,4.765,211.227,0.634,951116.889
7710,4.574,13.104,4.230,211.602,0.746,1119738.319
7711,7.679,10.823,3.472,212.696,0.776,1164164.921
7712,6.727,8.697,2.843,213.402,0.964,1446122.531
7713,0.000,10.409,3.462,212.335,1.067,1599958.021
7714,9.623,9.130,2.955,213.921,0.779,1168964.907
7715,2.029,9.372,3.138,213.361,1.075,1613232.551
7716,4.264,7.515,2.484,213.532,0.900,1349765.547
7717,0.681,6.864,2.282,212.819,0.885,1327327.166
7718,1.010,7.570,2.482,212.395,0.676,1013412.657
7719,0.932,7.441,2.406,212.094,0.530,794805.882
7720,0.171,9.360,2.985,211.724,0.411,616929.880
7721,13.094,10.581,3.296,214.393,0.278,416382.487
7722,8.986,7.784,2.560,215.792,0.845,1267827.265
7723,1.422,9.231,3.137,215.059,1.101,1651299.088
7724,4.160,7.180,2.401,215.228,0.887,1330898.878
7725,2.004,5.242,1.762,214.867,0.872,1308631.659
7726,0.000,3.132,1.051,214.126,0.741,1111508.231
7727,0.000,2.079,0.692,213.600,0.526,788946.129
7728,5.433,3.327,1.101,214.608,0.358,537425.720
7729,3.790,6.985,2.366,215.055,0.528,791978.827
7730,0.000,8.120,2.760,214.480,0.574,861723.851
7731,0.000,8.518,2.834,214.084,0.396,594425.966
7732,0.000,13.654,4.442,213.870,0.257,386011.335
7733,0.000,13.365,4.193,213.656,0.214,320805.230
7734,15.497,11.552,3.498,216.554,0.214,320484.425
7735,0.868,9.340,3.034,215.870,0.898,1346931.264
7736,4.129,9.559,3.045,216.173,0.696,1043534.109
7737,0.584,10.491,3.345,215.604,0.711,1065917.987
7738,0.960,10.101,3.144,215.297,0.534,800487.208
7739,0.000,11.197,3.415,214.882,0.414,621725.469
7740,3.581,10.959,3.245,215.225,0.272,407547.139
7741,0.000,10.776,3.178,214.903,0.337,505755.698
7742,23.071,10.042,2.878,219.254,0.215,322354.788
7743,0.000,7.192,2.345,218.035,1.219,1828576.645
7744,0.553,5.639,1.805,217.269,0.899,1348989.886
7745,3.315,6.185,1.957,217.386,0.680,1019302.318
7746,2.592,7.418,2.358,217.358,0.654,980695.607
7747,2.203,10.721,3.397,217.292,0.596,894283.553
7748,1.131,7.449,2.327,217.029,0.530,795392.170
7749,7.724,7.480,2.308,218.417,0.421,631976.511
7750,0.000,6.880,2.187,217.742,0.675,1012997.335
7751,0.000,6.965,2.175,217.266,0.476,713377.503
7752,0.000,7.176,2.200,217.031,0.320,479750.794
7753,0.000,10.799,3.249,216.814,0.217,325546.267
7754,0.000,9.192,2.688,216.597,0.217,325220.721
7755,0.000,10.865,3.101,216.380,0.217,324895.500
7756,0.000,12.550,3.481,216.164,0.216,324570.605
7757,15.209,11.255,3.020,218.591,0.216,324246.034
7758,0.382,7.285,2.127,217.878,0.797,1196027.472
7759,0.000,8.248,2.369,217.289,0.589,883938.366
7760,0.000,11.645,3.273,216.880,0.408,612662.684
7761,0.000,12.535,3.416,216.663,0.267,401144.460
7762,0.000,13.884,3.660,216.447,0.217,324995.226
7763,0.655,13.104,3.330,216.230,0.216,324670.230
7764,0.000,11.712,2.891,216.014,0.216,324345.560
7765,0.000,11.380,2.723,215.798,0.216,324021.215
7766,0.000,10.062,2.337,215.582,0.216,323697.193
7767,0.000,10.058,2.274,215.367,0.216,323373.496
7768,0.461,8.849,1.949,215.151,0.215,323050.123
7769,2.484,9.551,2.064,214.936,0.215,322727.073
7770,3.724,5.585,1.207,214.880,0.215,322404.346
7771,0.000,3.292,0.728,214.665,0.250,374484.715
7772,1.560,9.239,2.026,214.451,0.215,321998.054
7773,0.000,7.636,1.660,214.236,0.214,321676.056
7774,11.780,3.970,0.846,215.470,0.214,321354.380
7775,4.504,4.302,1.018,215.744,0.533,798829.384
7776,6.061,2.886,0.703,216.320,0.541,811733.470
7777,0.943,0.959,0.244,215.886,0.616,924563.150
7778,0.000,0.000,0.000,215.417,0.469,703823.572
7779,0.000,0.000,0.000,215.200,0.314,471695.943
7780,0.000,0.000,0.000,214.984,0.215,322799.324
7781,0.000,0.031,0.008,214.769,0.215,322476.525
7782,0.000,0.632,0.162,214.555,0.215,322154.048
7783,0.000,1.197,0.306,214.340,0.215,321831.894
7784,0.000,0.874,0.222,214.126,0.214,321510.062
7785,0.000,0.000,0.000,213.912,0.214,321188.552
7786,0.000,0.000,0.000,213.698,0.214,320867.363
7787,0.000,0.000,0.000,213.484,0.214,320546.496
7788,0.000,0.000,0.000,213.270,0.213,320225.950
7789,0.000,0.000,0.000,213.057,0.213,319905.724
7790,0.000,0.000,0.000,212.844,0.213,319585.818
7791,0.000,0.000,0.000,212.631,0.213,319266.232
7792,0.000,0.000,0.000,212.419,0.213,318946.966
7793,0.000,0.000,0.000,212.206,0.212,318628.019
7794,2.188,0.105,0.027,212.095,0.212,318309.391
7795,1.014,0.394,0.102,211.883,0.234,351428.987
7796,0.000,0.257,0.067,211.672,0.212,317825.081
7797,0.000,0.000,0.000,211.460,0.212,317507.256
7798,0.000,0.000,0.000,211.248,0.211,317189.749
7799,0.000,0.000,0.000,211.037,0.211,316872.559
7800,0.000,0.000,0.000,210.826,0.211,316555.686
7801,0.000,0.000,0.000,210.615,0.211,316239.131
7802,0.000,0.000,0.000,210.405,0.211,315922.891
7803,0.000,0.000,0.000,210.194,0.210,315606.969
7804,4.064,0.476,0.125,210.659,0.210,315291.362
7805,0.000,0.000,0.000,210.300,0.358,537636.789
7806,0.166,0.000,0.000,210.090,0.227,340511.455
7807,0.000,0.000,0.000,209.880,0.210,315135.192
7808,12.703,1.228,0.340,212.173,0.210,314820.056
7809,0.000,0.000,0.000,211.412,0.760,1140316.656
7810,0.000,0.000,0.000,210.872,0.540,810498.638
7811,0.000,0.000,0.000,210.503,0.369,553319.533
7812,0.000,0.000,0.000,210.293,0.235,352798.700
7813,0.000,0.000,0.000,210.083,0.210,315439.204
7814,0.000,0.000,0.000,209.872,0.210,315123.765
7815,0.000,0.000,0.000,209.663,0.210,314808.641
7816,0.000,0.000,0.000,209.453,0.210,314493.832
7817,0.000,0.000,0.000,209.243,0.209,314179.339
7818,0.000,0.000,0.000,209.034,0.209,313865.159
7819,0.000,0.000,0.000,208.825,0.209,313551.294
7820,0.000,0.000,0.000,208.616,0.209,313237.743
7821,0.000,0.000,0.000,208.408,0.209,312924.505
7822,0.000,0.000,0.000,208.199,0.208,312611.581
7823,1.978,0.000,0.000,208.375,0.208,312298.969
7824,0.000,0.000,0.000,208.167,0.292,438517.231
7825,0.000,0.000,0.000,207.958,0.208,312249.822
7826,0.000,0.000,0.000,207.750,0.208,311937.572
7827,0.000,0.000,0.000,207.543,0.208,311625.635
7828,0.000,0.000,0.000,207.335,0.208,311314.009
7829,0.000,0.000,0.000,207.128,0.207,311002.695
7830,0.000,0.000,0.000,206.921,0.207,310691.693
7831,0.000,0.000,0.000,206.714,0.207,310381.001
7832,0.000,0.000,0.000,206.507,0.207,310070.620
7833,3.949,3.065,0.956,209.298,0.207,309760.549
7834,0.000,0.000,0.000,208.433,0.866,1298749.292
7835,0.000,0.000,0.000,207.811,0.622,932969.170
7836,0.000,0.000,0.000,207.379,0.432,647740.731
7837,0.000,0.000,0.000,207.172,0.284,425342.523
7838,0.000,0.000,0.000,206.965,0.207,310757.595
7839,0.000,0.000,0.000,206.758,0.207,310446.837
7840,0.000,0.000,0.000,206.551,0.207,310136.390
7841,0.000,0.000,0.000,206.344,0.207,309826.254
7842,2.755,0.000,0.000,207.232,0.206,309516.427
7843,0.521,0.000,0.000,207.066,0.447,670196.720
7844,0.000,0.000,0.000,206.709,0.357,535432.694
7845,0.000,0.000,0.000,206.503,0.225,337608.924
7846,1.457,3.151,1.109,209.127,0.207,309753.970
7847,2.548,2.344,0.873,211.558,0.829,1243754.226
7848,2.364,0.000,0.000,211.263,1.310,1965692.613
7849,0.000,0.000,0.000,210.071,1.192,1788470.606
7850,0.000,0.000,0.000,209.194,0.877,1315110.389
7851,0.000,0.000,0.000,208.563,0.631,945969.317
7852,0.000,0.000,0.000,208.125,0.439,658119.097
7853,0.000,0.000,0.000,207.917,0.289,433675.663
7854,0.000,0.000,0.000,207.709,0.208,311875.186
7855,0.000,0.000,0.000,207.501,0.208,311563.311
7856,0.000,0.000,0.000,207.294,0.208,311251.747
7857,0.000,2.543,1.012,209.487,0.207,310940.496
7858,0.000,0.000,0.000,209.063,0.735,1102886.900
7859,0.000,0.000,0.000,208.474,0.589,883162.913
7860,0.000,0.000,0.000,208.068,0.406,609149.742
7861,0.000,0.000,0.000,207.860,0.264,395499.186
7862,0.000,0.000,0.000,207.653,0.208,311790.659
7863,0.000,0.000,0.000,207.445,0.208,311478.869
7864,0.000,0.000,0.000,207.237,0.207,311167.390
7865,0.000,0.000,0.000,207.030,0.207,310856.223
7866,0.000,0.000,0.000,206.823,0.207,310545.366
7867,0.000,0.000,0.000,206.616,0.207,310234.821
7868,4.458,1.689,0.699,209.717,0.207,309924.586
7869,0.000,0.000,0.000,208.783,0.934,1400881.791
7870,0.000,0.000,0.000,208.108,0.675,1012668.408
7871,0.000,0.000,0.000,207.634,0.473,709941.988
7872,0.000,0.000,0.000,207.383,0.316,473895.320
7873,0.000,0.000,0.000,207.175,0.207,311074.012
7874,0.000,0.000,0.000,206.968,0.207,310762.938
7875,0.000,0.000,0.000,206.761,0.207,310452.175
7876,0.000,0.000,0.000,206.554,0.207,310141.723
7877,0.000,0.000,0.000,206.348,0.207,309831.581
7878,0.000,0.000,0.000,206.141,0.206,309521.750
7879,0.000,0.000,0.000,205.935,0.206,309212.228
7880,0.000,0.000,0.000,205.729,0.206,308903.016
7881,0.000,0.000,0.000,205.524,0.206,308594.113
7882,0.000,0.000,0.000,205.318,0.206,308285.519
7883,0.000,0.000,0.000,205.113,0.205,307977.233
7884,0.000,0.000,0.000,204.908,0.205,307669.256
7885,0.000,0.000,0.000,204.703,0.205,307361.586
7886,0.000,0.000,0.000,204.498,0.205,307054.225
7887,0.184,0.000,0.000,205.069,0.204,306747.171
7888,6.782,4.169,1.834,211.372,0.375,562474.916
7889,0.605,4.715,2.215,215.032,1.708,2561439.168
7890,0.000,0.913,0.446,214.691,2.459,3688895.491
7891,0.000,0.000,0.000,212.361,2.331,3495837.558
7892,0.000,0.000,0.000,210.597,1.764,2646280.649
7893,0.000,0.000,0.000,209.274,1.322,1983706.733
7894,0.142,0.000,0.000,208.591,0.978,1466979.471
7895,0.000,0.000,0.000,208.625,0.774,1161166.771
7896,0.000,0.000,0.000,207.896,0.728,1092214.635
7897,0.000,0.000,0.000,207.382,0.515,771856.329
7898,0.000,0.000,0.000,207.034,0.348,522056.921
7899,0.000,0.000,0.000,206.827,0.218,327293.374
7900,0.000,0.000,0.000,206.620,0.207,310240.344
7901,0.000,0.000,0.000,206.413,0.207,309930.104
7902,0.000,0.000,0.000,206.207,0.206,309620.174
7903,0.000,0.000,0.000,206.001,0.206,309310.554
7904,0.000,0.000,0.000,205.795,0.206,309001.243
7905,0.000,0.000,0.000,205.589,0.206,308692.242
7906,0.000,0.000,0.000,205.383,0.206,308383.550
7907,0.000,0.000,0.000,205.178,0.205,308075.166
7908,0.000,0.000,0.000,204.973,0.205,307767.091
7909,0.000,0.000,0.000,204.768,0.205,307459.324
7910,0.000,0.000,0.000,204.563,0.205,307151.865
7911,0.000,0.000,0.000,204.359,0.205,306844.713
7912,0.000,0.000,0.000,204.154,0.204,306537.868
7913,0.000,0.000,0.000,203.950,0.204,306231.330
7914,0.000,0.000,0.000,203.746,0.204,305925.099
7915,0.000,0.000,0.000,203.542,0.204,305619.174
7916,0.000,0.000,0.000,203.339,0.204,305313.555
7917,0.000,0.000,0.000,203.135,0.203,305008.241
7918,0.000,0.000,0.000,202.932,0.203,304703.233
7919,1.198,0.000,0.000,203.640,0.203,304398.530
7920,5.484,0.168,0.085,206.899,0.403,604723.033
7921,0.000,0.000,0.000,205.833,1.066,1598818.446
7922,0.000,0.000,0.000,205.056,0.777,1165931.231
7923,0.000,0.000,0.000,204.504,0.552,828360.351
7924,0.000,0.000,0.000,204.127,0.377,565136.130
7925,0.000,0.000,0.000,203.923,0.240,359902.222
7926,0.000,0.000,0.000,203.719,0.204,305884.270
7927,0.000,0.000,0.000,203.515,0.204,305578.386
7928,0.000,0.000,0.000,203.312,0.204,305272.808
7929,0.000,0.000,0.000,203.108,0.203,304967.535
7930,0.000,0.000,0.000,202.905,0.203,304662.567
7931,0.000,0.000,0.000,202.702,0.203,304357.905
7932,0.000,0.000,0.000,202.500,0.203,304053.547
7933,0.000,0.000,0.000,202.297,0.202,303749.493
7934,0.000,0.000,0.000,202.095,0.202,303445.744
7935,0.000,0.000,0.000,201.893,0.202,303142.298
7936,0.000,0.000,0.000,201.691,0.202,302839.156
7937,0.000,0.000,0.000,201.489,0.202,302536.317
7938,0.000,0.000,0.000,201.288,0.201,302233.780
7939,0.000,0.000,0.000,201.086,0.201,301931.547
7940,0.000,0.000,0.000,200.885,0.201,301629.615
7941,0.000,0.000,0.000,200.684,0.201,301327.985
7942,0.000,0.000,0.000,200.484,0.201,301026.657
7943,0.000,0.000,0.000,200.283,0.200,300725.631
7944,0.000,0.000,0.000,200.083,0.200,300424.905
7945,0.000,0.000,0.000,199.883,0.200,300124.480
7946,0.000,0.000,0.000,199.683,0.200,299824.356
7947,0.000,0.000,0.000,199.483,0.200,299524.531
7948,0.000,0.000,0.000,199.284,0.199,299225.007
7949,0.000,0.000,0.000,199.085,0.199,298925.782
7950,0.000,0.000,0.000,198.885,0.199,298626.856
7951,0.000,0.000,0.000,198.687,0.199,298328.229
7952,0.000,0.000,0.000,198.488,0.199,298029.901
7953,0.305,0.409,0.214,199.766,0.198,297731.871
7954,0.000,5.499,2.911,205.782,0.523,784708.225
7955,0.000,3.561,1.947,208.894,1.791,2687196.665
7956,0.000,0.000,0.000,206.473,2.421,3631755.771
7957,0.000,0.000,0.000,204.640,1.833,2750247.869
7958,0.000,0.000,0.000,203.264,1.375,2062754.227
7959,0.000,0.000,0.000,202.247,1.018,1526591.626
7960,0.000,1.404,0.786,204.416,0.739,1108467.153
7961,0.000,0.729,0.414,205.536,1.162,1742256.795
7962,0.000,0.000,0.000,205.621,1.353,2029623.371
7963,1.356,0.000,0.000,205.627,1.317,1975696.301
7964,0.000,0.000,0.000,204.363,1.264,1895765.213
7965,3.800,0.000,0.000,205.628,0.931,1396833.101
7966,0.000,1.946,1.149,208.105,1.155,1732311.051
7967,0.000,0.776,0.465,208.917,1.645,2467970.060
7968,0.400,0.916,0.555,209.965,1.770,2654443.952
7969,0.000,0.000,0.000,208.019,1.946,2918802.825
7970,0.000,0.000,0.000,206.556,1.463,2195210.939
7971,0.000,0.000,0.000,205.469,1.087,1630890.723
7972,0.000,0.000,0.000,204.675,0.794,1190802.329
7973,0.000,0.000,0.000,204.110,0.565,847614.674
7974,0.000,0.000,0.000,203.723,0.387,580009.514
7975,0.000,0.000,0.000,203.520,0.248,371358.619
7976,0.000,0.000,0.000,203.316,0.204,305279.287
7977,0.000,0.000,0.000,203.113,0.203,304974.008
7978,0.000,0.000,0.000,202.910,0.203,304669.034
7979,1.944,0.000,0.000,204.275,0.203,304364.365
7980,0.000,0.000,0.000,203.727,0.548,821590.432
7981,0.000,0.000,0.000,203.354,0.373,559604.677
7982,0.000,0.000,0.000,203.151,0.237,355337.024
7983,0.000,0.000,0.000,202.948,0.203,304726.415
7984,0.000,0.000,0.000,202.745,0.203,304421.689
7985,0.000,0.000,0.000,202.542,0.203,304117.267
7986,0.000,0.000,0.000,202.340,0.203,303813.150
7987,0.000,0.000,0.000,202.137,0.202,303509.336
7988,0.000,0.000,0.000,201.935,0.202,303205.827
7989,0.000,0.000,0.000,201.733,0.202,302902.621
7990,0.000,0.000,0.000,201.531,0.202,302599.719
7991,0.000,1.248,0.772,203.929,0.202,302297.119
7992,0.000,1.451,0.907,206.461,0.773,1159701.124
7993,0.000,2.515,1.591,209.707,1.276,1913602.116
7994,0.000,7.000,4.486,217.388,1.935,2903191.473
7995,0.000,7.589,4.973,224.327,3.571,5356304.011
7996,0.288,0.679,0.454,222.066,5.043,7564753.016
7997,0.000,0.000,0.000,217.575,4.492,6737304.586
7998,0.000,0.000,0.000,214.125,3.449,5173817.067
7999,0.000,0.000,0.000,211.489,2.636,3954378.084
8000,0.000,0.000,0.000,209.487,2.002,3003296.876
8001,0.000,0.000,0.000,208.791,1.508,2261534.651
8002,0.000,1.537,1.041,211.174,1.301,1951033.291
8003,3.151,3.607,2.465,217.249,1.771,2656572.279
8004,3.139,4.625,3.217,219.237,3.054,4580373.783
8005,7.231,1.892,1.322,219.667,3.437,5155810.759
8006,6.346,7.184,5.058,219.608,3.478,5216920.657
8007,10.491,6.322,4.416,221.804,3.411,5117032.869
8008,0.000,7.500,5.248,217.964,3.841,5761348.374
8009,2.753,6.501,4.460,216.467,2.942,4413460.851
8010,7.924,4.820,3.268,218.016,2.559,3839126.407
8011,1.463,1.993,1.354,215.929,2.847,4270336.458
8012,0.000,5.951,4.033,213.595,2.334,3501530.350
8013,0.000,4.590,3.062,211.828,1.767,2651123.874
8014,2.978,5.004,3.298,212.004,1.325,1987886.892
8015,0.000,10.682,6.991,210.693,1.311,1965989.574
8016,0.000,12.429,7.908,209.724,0.969,1453642.038
8017,2.726,11.279,6.944,210.304,0.703,1054090.789
8018,0.455,10.546,6.342,209.736,0.777,1165863.614
8019,7.905,8.131,4.761,212.672,0.599,898769.140
8020,0.000,3.483,2.036,211.480,1.192,1788247.415
8021,0.000,1.934,1.120,210.603,0.877,1315401.506
8022,3.002,4.095,2.360,211.293,0.631,946661.127
8023,0.000,7.699,4.423,210.563,0.730,1095075.107
8024,5.536,6.135,3.454,212.426,0.517,774965.161
8025,1.277,5.647,3.175,212.100,0.874,1310670.158
8026,2.446,6.380,3.546,212.389,0.749,1124226.727
8027,9.848,7.149,3.934,215.766,0.760,1140512.265
8028,3.303,5.799,3.218,215.715,1.451,2175978.211
8029,7.530,6.630,3.656,217.498,1.387,2080269.760
8030,8.965,6.809,3.768,219.559,1.727,2590121.487
8031,8.593,7.929,4.416,221.085,2.128,3191465.625
8032,0.616,6.400,3.573,218.937,2.411,3616680.940
8033,0.171,7.305,4.017,217.122,1.886,2829153.300
8034,0.000,7.570,4.086,215.688,1.435,2151965.409
8035,4.064,8.869,4.693,216.262,1.067,1600206.382
8036,4.381,8.490,4.442,216.870,1.141,1711437.707
8037,0.747,9.021,4.677,215.943,1.223,1834009.627
8038,0.413,8.248,4.186,215.136,0.967,1449921.024
8039,1.557,5.054,2.514,214.989,0.737,1105698.952
8040,1.407,3.413,1.683,214.866,0.653,979383.884
8041,0.000,5.015,2.463,214.292,0.574,860714.941
8042,0.000,7.570,3.670,213.896,0.396,593577.661
8043,10.876,8.284,3.937,217.326,0.257,385288.363
8044,0.000,6.599,3.187,216.310,1.015,1522691.219
8045,4.288,4.501,2.137,217.122,0.740,1110068.884
8046,1.123,3.962,1.887,216.663,0.867,1300347.316
8047,0.000,4.996,2.364,215.948,0.714,1071299.021
8048,0.000,8.541,3.989,215.443,0.505,758215.627
8049,0.000,9.992,4.563,215.100,0.343,514087.978
8050,0.000,12.975,5.772,214.885,0.216,323745.731
8051,0.042,13.127,5.642,214.670,0.215,322327.797
8052,0.887,9.286,3.856,214.456,0.215,322005.469
8053,2.657,5.994,2.438,214.614,0.214,321683.463
8054,0.000,6.665,2.701,214.399,0.296,444289.696
8055,0.000,6.178,2.460,214.185,0.214,321599.181
8056,0.000,7.504,2.940,213.971,0.214,321277.582
8057,3.713,9.481,3.642,214.392,0.214,320956.305
8058,6.812,8.607,3.283,216.015,0.353,530160.297
8059,0.000,8.120,3.130,215.356,0.659,988145.652
8060,2.731,8.989,3.392,215.678,0.462,693225.356
8061,20.357,8.701,3.251,220.980,0.481,721904.203
8062,2.670,4.575,1.844,220.203,1.596,2394377.944
8063,0.000,5.281,2.129,218.829,1.374,2060586.526
8064,0.000,6.501,2.585,217.809,1.020,1530038.886
8065,1.812,9.961,3.893,217.604,0.744,1116288.945
8066,0.793,9.816,3.770,217.188,0.648,971441.668
8067,0.718,5.374,2.019,216.888,0.505,757207.328
8068,0.000,7.082,2.633,216.501,0.388,581393.037
8069,0.000,9.855,3.596,216.284,0.251,376653.285
8070,0.000,14.617,5.197,216.068,0.216,324426.411
8071,0.000,13.443,4.598,215.852,0.216,324101.984
8072,0.000,13.646,4.504,215.636,0.216,323777.882
8073,19.277,12.613,4.015,219.630,0.216,323454.105
8074,6.757,9.372,3.242,220.264,1.141,1712143.911
8075,3.629,11.329,3.970,220.001,1.230,1844496.943
8076,1.422,12.184,4.228,219.255,1.120,1680678.698
8077,10.509,11.380,3.855,221.055,0.905,1357750.448
8078,3.652,9.333,3.257,220.774,1.250,1874768.432
8079,2.640,9.563,3.324,220.334,1.137,1705249.097
8080,6.794,10.963,3.771,221.121,0.989,1483491.890
8081,1.676,9.926,3.446,220.452,1.111,1666457.945
8082,0.522,9.520,3.250,219.675,0.913,1369237.820
8083,1.450,8.303,2.773,219.352,0.691,1036237.561
8084,15.190,7.983,2.631,222.585,0.569,853269.367
8085,7.994,7.936,2.797,223.497,1.229,1844045.781
8086,10.084,9.418,3.394,224.880,1.379,2068654.704
8087,7.632,8.986,3.330,225.398,1.633,2448879.534
8088,2.850,8.323,3.130,224.517,1.696,2543734.387
8089,1.521,8.381,3.129,223.497,1.451,2177175.756
8090,8.707,7.457,2.744,224.757,1.177,1764781.856
8091,0.000,9.574,3.611,223.354,1.403,2104659.043
8092,0.000,10.319,3.795,222.310,1.044,1565874.247
8093,2.618,7.921,2.835,222.259,0.764,1145697.867
8094,0.701,4.438,1.578,221.746,0.702,1053092.731
8095,0.000,5.663,1.997,221.207,0.539,808423.531
8096,11.525,6.903,2.399,223.880,0.370,555113.133
8097,1.106,8.572,3.115,223.278,0.908,1361920.974
8098,8.281,7.901,2.823,224.802,0.725,1087813.325
8099,4.789,9.344,3.417,225.123,1.010,1515436.505
8100,4.640,9.048,3.309,225.382,1.031,1546201.223
8101,3.371,6.688,2.447,225.282,1.038,1556793.474
8102,0.000,7.816,2.859,224.316,0.966,1448715.419
8103,0.000,5.944,2.130,223.613,0.703,1055067.424
8104,0.000,6.880,2.427,223.114,0.499,748096.919
8105,0.000,5.924,2.053,222.812,0.339,508734.781
8106,0.000,6.174,2.106,222.589,0.223,334217.675
8107,0.000,5.955,1.999,222.366,0.223,333883.457
8108,0.000,7.886,2.606,222.144,0.222,333549.574
8109,1.512,9.789,3.169,221.922,0.222,333216.024
8110,0.296,8.759,2.789,221.700,0.222,332882.808
8111,0.000,4.466,1.392,221.478,0.222,332549.926
8112,0.242,5.284,1.628,221.257,0.221,332217.376
8113,0.287,5.323,1.620,221.036,0.221,331885.158
8114,0.000,5.468,1.645,220.814,0.221,331553.273
8115,0.000,5.121,1.518,220.594,0.221,331221.720
8116,0.000,4.817,1.409,220.373,0.221,330890.498
8117,8.437,6.852,1.979,221.551,0.220,330559.608
8118,6.669,7.024,2.113,222.546,0.528,791785.463
8119,4.402,5.054,1.561,222.881,0.696,1044508.157
8120,3.078,3.619,1.134,222.894,0.720,1079694.820
8121,3.991,3.296,1.043,223.181,0.672,1008473.791
8122,2.168,4.735,1.524,223.025,0.685,1027891.892
8123,14.954,5.425,1.747,226.082,0.601,901374.731
8124,9.621,4.559,1.582,227.395,1.223,1834859.855
8125,0.079,3.721,1.344,225.954,1.462,2193112.515
8126,2.587,5.047,1.806,225.563,1.095,1642835.938
8127,0.000,4.192,1.501,224.604,0.959,1438781.956
8128,0.000,4.606,1.631,223.905,0.698,1047421.919
8129,1.584,4.637,1.623,223.832,0.495,742235.918
8130,1.806,5.967,2.081,223.882,0.429,643258.796
8131,11.023,4.719,1.636,226.396,0.390,585096.084
8132,13.520,0.078,0.028,229.241,0.894,1340400.675
8133,0.906,1.037,0.404,228.039,1.470,2204596.095
8134,0.935,3.857,1.503,227.161,1.156,1733681.297
8135,0.000,4.466,1.730,226.248,0.913,1369456.858
8136,0.000,6.727,2.576,225.585,0.663,993944.876
8137,0.000,7.309,2.750,225.118,0.467,701119.761
8138,0.000,5.238,1.933,224.893,0.315,472790.329
8139,0.000,5.741,2.090,224.668,0.225,337339.252
8140,0.000,5.655,2.028,224.443,0.225,337001.912
8141,2.868,4.703,1.662,224.539,0.224,336664.910
8142,0.639,4.142,1.468,224.315,0.295,442029.661
8143,18.692,3.584,1.261,228.639,0.224,336472.378
8144,11.661,4.395,1.689,230.822,1.225,1837159.309
8145,4.413,2.609,1.047,230.514,1.656,2483398.654
8146,0.000,0.000,0.000,228.976,1.538,2307641.816
8147,0.225,0.000,0.000,227.895,1.151,1725897.729
8148,1.373,2.672,1.087,227.457,0.863,1295149.010
8149,1.551,0.000,0.000,227.219,0.718,1076678.059
8150,0.000,0.000,0.000,226.603,0.616,924314.452
8151,0.000,0.000,0.000,226.171,0.431,647198.191
8152,0.000,0.000,0.000,225.945,0.287,431121.276
8153,6.014,0.000,0.000,227.358,0.226,338917.984
8154,2.049,0.000,0.000,227.916,0.586,879234.376
8155,3.463,0.718,0.307,228.384,0.660,989849.908
8156,0.105,1.868,0.809,227.705,0.714,1070637.615
8157,2.580,3.424,1.476,228.036,0.515,772957.652
8158,4.154,2.359,1.019,228.863,0.539,808884.586
8159,4.680,0.000,0.000,229.746,0.672,1008242.199
8160,0.000,0.000,0.000,228.928,0.818,1226319.190
8161,0.000,0.000,0.000,228.339,0.589,883293.737
8162,3.790,0.000,0.000,229.212,0.411,615807.119
8163,1.038,0.000,0.000,229.015,0.554,830681.294
8164,0.221,0.000,0.000,228.629,0.462,692605.703
8165,0.000,0.000,0.000,228.396,0.328,492417.946
8166,0.000,0.000,0.000,228.168,0.228,342593.988
8167,0.000,0.000,0.000,227.939,0.228,342251.394
8168,0.000,0.000,0.000,227.711,0.228,341909.142
8169,0.000,0.000,0.000,227.484,0.228,341567.233
8170,3.003,0.000,0.000,228.679,0.227,341225.666
8171,0.000,0.000,0.000,228.139,0.540,810317.298
8172,0.000,0.000,0.000,227.766,0.373,558876.185
8173,0.305,0.000,0.000,227.750,0.242,362825.288
8174,3.498,1.349,0.628,230.847,0.274,411026.267
8175,0.000,0.000,0.000,230.294,0.959,1438470.364
8176,0.000,0.000,0.000,229.505,0.789,1182898.179
8177,0.000,0.000,0.000,228.939,0.566,849649.657
8178,0.000,0.000,0.000,228.546,0.393,589788.821
8179,0.000,0.000,0.000,228.317,0.258,387170.307
8180,0.000,0.000,0.000,228.089,0.228,342475.847
8181,0.000,0.000,0.000,227.861,0.228,342133.371
8182,0.000,0.000,0.000,227.633,0.228,341791.238
8183,0.000,0.000,0.000,227.405,0.228,341449.446
8184,0.000,0.000,0.000,227.178,0.227,341107.997
8185,0.000,0.000,0.000,226.951,0.227,340766.889
8186,0.000,0.000,0.000,226.724,0.227,340426.122
8187,0.000,0.000,0.000,226.497,0.227,340085.696
8188,0.000,0.000,0.000,226.271,0.226,339745.610
8189,0.000,0.000,0.000,226.044,0.226,339405.865
8190,0.000,0.000,0.000,225.818,0.226,339066.459
8191,0.000,0.000,0.000,225.592,0.226,338727.392
8192,0.000,0.000,0.000,225.367,0.226,338388.665
8193,0.000,0.000,0.000,225.141,0.225,338050.276
8194,0.000,0.000,0.000,224.916,0.225,337712.226
8195,0.000,0.000,0.000,224.691,0.225,337374.514
8196,0.000,0.000,0.000,224.467,0.225,337037.139
8197,0.000,0.000,0.000,224.242,0.224,336700.102
8198,0.000,0.000,0.000,224.018,0.224,336363.402
8199,0.000,0.000,0.000,223.794,0.224,336027.039
8200,0.000,0.000,0.000,223.570,0.224,335691.012
8201,0.000,0.000,0.000,223.347,0.224,335355.321
8202,0.000,0.000,0.000,223.123,0.223,335019.965
8203,0.000,0.000,0.000,222.900,0.223,334684.945
8204,0.000,0.000,0.000,222.677,0.223,334350.260
8205,0.000,0.000,0.000,222.455,0.223,334015.910
8206,0.000,0.000,0.000,222.232,0.222,333681.894
8207,0.000,0.000,0.000,222.010,0.222,333348.212
8208,0.000,0.000,0.000,221.788,0.222,333014.864
8209,0.000,0.000,0.000,221.566,0.222,332681.849
8210,3.390,0.000,0.000,222.553,0.222,332349.167
8211,0.000,0.000,0.000,222.066,0.487,730699.460
8212,0.000,0.000,0.000,221.802,0.330,494832.262
8213,0.000,0.000,0.000,221.580,0.222,332702.442
8214,0.000,0.000,0.000,221.358,0.222,332369.739
8215,0.000,0.000,0.000,221.137,0.221,332037.369
8216,0.000,0.000,0.000,220.916,0.221,331705.332
8217,0.000,0.000,0.000,220.695,0.221,331373.627
8218,0.000,0.000,0.000,220.474,0.221,331042.253
8219,0.000,0.000,0.000,220.254,0.220,330711.211
8220,0.000,0.000,0.000,220.033,0.220,330380.500
8221,0.000,0.000,0.000,219.813,0.220,330050.119
8222,0.000,0.000,0.000,220.222,0.220,329720.069
8223,0.000,0.000,0.000,219.864,0.358,536647.731
8224,0.000,0.000,0.000,219.644,0.229,342896.716
8225,0.000,0.000,0.000,219.424,0.220,329466.044
8226,5.086,0.000,0.000,221.607,0.219,329136.578
8227,0.000,0.000,0.000,220.859,0.748,1121506.125
8228,0.000,0.000,0.000,220.327,0.533,798958.607
8229,0.000,0.000,0.000,219.962,0.365,547447.360
8230,0.000,0.000,0.000,219.742,0.234,351344.327
8231,0.000,0.000,0.000,219.522,0.220,329612.860
8232,0.000,0.000,0.000,219.303,0.220,329283.248
8233,0.000,0.000,0.000,219.083,0.219,328953.964
8234,0.000,0.000,0.000,218.864,0.219,328625.010
8235,0.000,0.000,0.000,218.645,0.219,328296.385
8236,0.000,0.000,0.000,218.427,0.219,327968.089
8237,0.000,0.000,0.000,218.208,0.218,327640.121
8238,0.000,0.000,0.000,217.990,0.218,327312.481
8239,0.000,0.000,0.000,217.772,0.218,326985.168
8240,0.000,0.000,0.000,217.554,0.218,326658.183
8241,0.000,0.000,0.000,217.337,0.218,326331.525
8242,0.000,0.000,0.000,217.119,0.217,326005.193
8243,0.000,0.000,0.000,216.902,0.217,325679.188
8244,0.000,0.000,0.000,216.685,0.217,325353.509
8245,0.000,0.000,0.000,216.469,0.217,325028.155
8246,0.000,0.000,0.000,216.252,0.216,324703.127
8247,0.000,0.000,0.000,216.036,0.216,324378.424
8248,0.000,0.000,0.000,215.820,0.216,324054.046
8249,0.000,0.000,0.000,215.604,0.216,323729.992
8250,0.000,0.000,0.000,215.389,0.216,323406.262
8251,0.000,0.000,0.000,215.173,0.215,323082.855
8252,0.000,0.000,0.000,214.958,0.215,322759.773
8253,0.000,0.000,0.000,214.743,0.215,322437.013
8254,0.000,0.000,0.000,214.528,0.215,322114.576
8255,0.000,0.000,0.000,214.314,0.215,321792.461
8256,0.000,0.000,0.000,214.099,0.214,321470.669
8257,0.000,0.000,0.000,213.885,0.214,321149.198
8258,0.000,0.000,0.000,213.671,0.214,320828.049
8259,0.000,0.000,0.000,213.458,0.214,320507.221
8260,0.000,0.000,0.000,213.244,0.213,320186.714
8261,0.000,0.000,0.000,213.031,0.213,319866.527
8262,0.000,0.000,0.000,212.818,0.213,319546.660
8263,0.000,0.000,0.000,212.605,0.213,319227.114
8264,0.000,0.000,0.000,212.393,0.213,318907.887
8265,0.000,0.000,0.000,212.180,0.212,318588.979
8266,0.000,0.000,0.000,211.968,0.212,318270.390
8267,0.000,0.000,0.000,211.756,0.212,317952.119
8268,0.000,0.000,0.000,211.544,0.212,317634.167
8269,0.000,0.000,0.000,211.333,0.212,317316.533
8270,0.000,0.000,0.000,211.121,0.211,316999.217
8271,0.000,0.000,0.000,210.910,0.211,316682.217
8272,0.000,0.000,0.000,210.699,0.211,316365.535
8273,0.000,0.000,0.000,210.489,0.211,316049.170
8274,0.000,0.000,0.000,210.278,0.210,315733.120
8275,0.000,0.000,0.000,210.068,0.210,315417.387
8276,0.000,0.000,0.000,209.858,0.210,315101.970
8277,0.000,0.000,0.000,209.648,0.210,314786.868
8278,0.000,0.000,0.000,209.438,0.210,314472.081
8279,0.000,0.000,0.000,209.229,0.209,314157.609
8280,0.000,0.000,0.000,209.020,0.209,313843.451
8281,0.000,0.000,0.000,208.811,0.209,313529.608
8282,0.000,0.000,0.000,208.602,0.209,313216.078
8283,0.000,0.000,0.000,208.393,0.209,312902.862
8284,0.000,0.000,0.000,208.185,0.208,312589.959
8285,0.000,0.000,0.000,207.977,0.208,312277.369
8286,0.000,0.000,0.000,207.769,0.208,311965.092
8287,0.000,0.000,0.000,207.561,0.208,311653.127
8288,0.000,0.000,0.000,207.353,0.208,311341.474
8289,0.000,0.000,0.000,207.146,0.207,311030.132
8290,0.000,0.000,0.000,206.939,0.207,310719.102
8291,0.000,0.000,0.000,206.732,0.207,310408.383
8292,0.000,0.000,0.000,206.525,0.207,310097.975
8293,0.000,0.000,0.000,206.319,0.207,309787.877
8294,0.000,0.000,0.000,206.112,0.206,309478.089
8295,0.000,0.000,0.000,205.906,0.206,309168.611
8296,0.000,0.000,0.000,205.700,0.206,308859.442
8297,0.000,0.000,0.000,205.495,0.206,308550.583
8298,0.000,0.000,0.000,205.289,0.205,308242.032
8299,0.000,0.000,0.000,205.084,0.205,307933.790
8300,0.000,0.000,0.000,204.879,0.205,307625.856
8301,0.000,0.000,0.000,204.674,0.205,307318.231
8302,0.000,0.000,0.000,204.469,0.205,307010.912
8303,0.000,0.000,0.000,204.265,0.204,306703.901
8304,0.000,0.000,0.000,204.061,0.204,306397.197
8305,0.000,0.000,0.000,203.856,0.204,306090.800
8306,0.000,0.000,0.000,203.653,0.204,305784.709
8307,0.000,0.000,0.000,203.449,0.204,305478.925
8308,0.000,0.000,0.000,203.246,0.203,305173.446
8309,0.000,0.000,0.000,203.042,0.203,304868.272
8310,0.000,0.000,0.000,202.839,0.203,304563.404
8311,0.000,0.000,0.000,202.636,0.203,304258.841
8312,0.000,0.000,0.000,202.434,0.203,303954.582
8313,0.000,0.000,0.000,202.231,0.202,303650.627
8314,0.000,0.000,0.000,202.029,0.202,303346.977
8315,0.000,0.000,0.000,201.827,0.202,303043.630
8316,0.000,0.000,0.000,201.625,0.202,302740.586
8317,0.000,0.000,0.000,201.424,0.202,302437.845
8318,0.000,0.000,0.000,201.222,0.201,302135.408
8319,0.000,0.000,0.000,201.021,0.201,301833.272
8320,0.000,0.000,0.000,200.820,0.201,301531.439
8321,0.000,0.000,0.000,200.619,0.201,301229.908
8322,0.000,0.000,0.000,200.418,0.201,300928.678
8323,0.000,0.000,0.000,200.218,0.200,300627.749
8324,0.000,0.000,0.000,200.018,0.200,300327.121
8325,0.000,0.000,0.000,199.818,0.200,300026.794
8326,0.000,0.000,0.000,199.618,0.200,299726.767
8327,0.000,0.000,0.000,199.418,0.200,299427.040
8328,0.000,0.000,0.000,199.219,0.199,299127.613
8329,0.000,0.000,0.000,199.020,0.199,298828.486
8330,0.000,0.000,0.000,198.821,0.199,298529.657
8331,0.000,0.000,0.000,198.622,0.199,298231.128
8332,3.382,0.000,0.000,199.353,0.199,297932.897
8333,0.000,0.000,0.000,198.950,0.403,604569.993
8334,0.000,0.000,0.000,198.752,0.259,388921.652
8335,0.000,0.000,0.000,198.553,0.199,298127.541
8336,0.000,0.000,0.000,198.354,0.199,297829.413
8337,0.000,0.000,0.000,198.156,0.198,297531.584
8338,0.000,1.817,0.932,200.540,0.198,297234.052
8339,0.000,2.266,1.184,203.275,0.766,1149110.234
8340,0.000,1.638,0.873,204.950,1.313,1968781.881
8341,1.984,2.933,1.590,208.412,1.626,2438900.310
8342,0.000,3.740,2.083,211.248,2.332,3498602.406
8343,0.000,4.563,2.599,214.455,2.901,4352056.657
8344,2.491,5.070,2.958,218.790,3.552,5327902.178
8345,0.000,1.579,0.950,217.651,4.451,6675986.700
8346,3.741,1.427,0.869,218.440,4.145,6217978.143
8347,6.072,0.074,0.046,218.846,4.264,6395864.590
8348,0.000,0.055,0.035,216.351,4.299,6447984.056
8349,0.701,0.000,0.000,213.174,3.695,5542490.554
8350,0.000,0.000,0.000,210.316,2.941,4411999.914
8351,0.000,0.000,0.000,208.167,2.258,3386923.199
8352,0.653,0.000,0.000,207.458,1.731,2596127.444
8353,0.000,0.000,0.000,205.938,1.520,2280284.270
8354,3.766,0.000,0.000,206.957,1.131,1696977.531
8355,0.000,0.000,0.000,205.656,1.301,1951708.154
8356,2.649,0.000,0.000,207.584,0.961,1440851.367
8357,0.000,0.000,0.000,206.253,1.330,1995747.854
8358,0.414,0.261,0.172,207.586,0.984,1475365.214
8359,0.000,5.659,3.753,214.760,1.223,1833778.383
8360,1.881,5.811,3.920,221.706,2.747,4120048.882
8361,0.000,6.259,4.307,226.925,4.221,6331430.926
8362,0.000,8.065,5.637,233.412,5.315,7972517.615
8363,0.000,8.833,6.281,239.690,6.688,10032492.750
8364,12.544,8.915,6.445,251.905,8.015,12023130.094
8365,4.372,3.799,2.844,250.809,10.649,15973413.773
8366,0.000,7.114,5.404,252.026,10.354,15531165.009
8367,0.000,8.046,6.174,248.476,10.568,15852096.401
8368,0.000,10.444,7.980,238.743,9.733,14600244.395
8369,0.000,11.322,8.415,231.204,7.539,11307762.556
8370,0.000,6.115,4.412,225.378,5.826,8739707.150
8371,0.000,3.288,2.334,220.887,4.491,6736704.280
8372,0.000,5.366,3.777,217.437,3.450,5174442.310
8373,0.000,6.923,4.804,214.800,2.637,3955958.159
8374,0.000,7.554,5.148,212.796,2.004,3005620.629
8375,0.000,10.436,6.973,211.286,1.510,2264437.382
8376,0.000,10.651,6.923,210.162,1.124,1686394.396
8377,0.000,10.518,6.647,209.338,0.824,1235600.734
8378,0.000,13.205,8.117,208.749,0.589,884061.464
8379,0.000,11.493,6.822,208.342,0.407,609940.541
8380,0.000,12.527,7.213,208.134,0.264,396205.849
8381,0.000,14.699,8.188,207.926,0.208,312201.414
8382,0.000,13.900,7.447,207.718,0.208,311889.213
8383,0.000,15.495,8.001,207.510,0.208,311577.323
8384,0.000,17.172,8.509,207.303,0.208,311265.746
8385,0.000,18.201,8.617,207.096,0.207,310954.480
8386,0.000,15.541,7.009,206.889,0.207,310643.526
8387,0.000,15.557,6.732,206.682,0.207,310332.882
8388,0.000,15.023,6.238,206.475,0.207,310022.549
8389,0.000,8.447,3.371,206.269,0.206,309712.527
8390,0.000,5.390,2.103,206.062,0.206,309402.814
8391,0.000,9.040,3.478,205.856,0.206,309093.412
8392,0.000,11.357,4.267,205.650,0.206,308784.318
8393,0.000,13.634,4.971,205.445,0.206,308475.534
8394,0.000,14.992,5.272,205.239,0.205,308167.058
8395,11.677,13.588,4.592,207.582,0.205,307858.891
8396,0.000,11.973,4.174,206.816,0.766,1148405.705
8397,0.046,10.234,3.456,206.285,0.544,815285.126
8398,0.000,8.580,2.821,205.912,0.373,559418.582
8399,4.390,8.190,2.633,206.440,0.237,356036.032
8400,0.000,5.047,1.631,206.073,0.367,550648.265
8401,2.014,7.472,2.384,206.000,0.233,349255.069
8402,2.527,7.110,2.252,206.055,0.235,352748.412
8403,1.713,7.016,2.217,206.015,0.263,395016.755
8404,0.743,4.555,1.428,205.809,0.242,363215.717
8405,0.000,4.746,1.478,205.603,0.206,308713.190
8406,0.885,3.413,1.049,205.397,0.206,308404.476
8407,0.000,4.130,1.266,205.192,0.205,308096.072
8408,0.000,7.055,2.139,204.987,0.205,307787.976
8409,0.000,8.615,2.564,204.782,0.205,307480.188
8410,0.000,13.954,4.060,204.577,0.205,307172.708
8411,0.000,14.980,4.200,204.372,0.205,306865.535
8412,0.000,16.696,4.499,204.168,0.204,306558.669
8413,0.000,10.815,2.788,203.964,0.204,306252.111
8414,0.000,8.416,2.108,203.760,0.204,305945.859
8415,0.000,12.386,3.035,203.556,0.204,305639.913
8416,0.000,17.417,4.130,203.353,0.204,305334.273
8417,0.000,16.552,3.747,203.149,0.203,305028.939
8418,0.000,16.091,3.486,202.946,0.203,304723.910
8419,0.000,19.020,3.948,202.743,0.203,304419.186
8420,0.000,18.330,3.617,202.540,0.203,304114.767
8421,0.000,12.589,2.365,202.338,0.203,303810.652
8422,0.000,12.082,2.196,202.136,0.202,303506.841
8423,0.554,14.126,2.486,201.933,0.202,303203.334
8424,0.000,7.851,1.341,201.731,0.202,302900.131
8425,0.000,14.180,2.373,201.530,0.202,302597.231
8426,0.000,15.873,2.558,201.328,0.202,302294.634
8427,3.121,14.496,2.239,201.127,0.201,301992.339
8428,3.858,15.222,2.372,200.929,0.201,301690.347
8429,0.000,16.423,2.603,200.728,0.202,302463.120
8430,0.000,17.897,2.716,200.527,0.201,301092.152
8431,0.000,19.941,2.885,200.327,0.201,300791.059
8432,4.729,16.314,2.238,200.165,0.200,300490.268
8433,5.873,13.826,1.969,200.175,0.209,312875.836
8434,0.000,15.265,2.304,199.975,0.246,369194.441
8435,0.000,16.423,2.380,199.775,0.200,299962.065
8436,0.000,15.421,2.139,199.575,0.200,299662.103
8437,0.000,15.834,2.108,199.375,0.200,299362.441
8438,0.000,15.210,1.942,199.176,0.199,299063.078
8439,4.677,17.207,2.110,198.977,0.199,298764.015
8440,0.000,15.432,1.978,198.778,0.199,298465.251
8441,0.000,16.076,1.978,198.579,0.199,298166.786
8442,0.000,20.218,2.383,198.381,0.199,297868.619
8443,27.334,16.914,1.889,200.026,0.198,297570.751
8444,2.550,16.528,2.841,199.753,0.604,905668.219
8445,0.000,13.045,2.222,199.264,0.489,732853.738
8446,14.821,15.787,2.597,200.777,0.326,488986.464
8447,0.000,15.233,2.918,200.173,0.604,905739.068
8448,0.000,12.016,2.210,199.757,0.416,624002.218
8449,3.946,12.363,2.203,199.887,0.270,404329.949
8450,0.000,12.893,2.338,199.688,0.272,408028.569
8451,0.196,8.584,1.504,199.488,0.200,299531.652
8452,0.109,8.549,1.469,199.289,0.199,299232.121
8453,0.000,13.958,2.348,199.089,0.199,298932.889
8454,15.732,13.592,2.203,200.364,0.199,298633.956
8455,7.798,10.795,2.076,200.973,0.523,784522.103
8456,35.350,7.488,1.529,205.829,0.602,903277.982
8457,0.000,7.593,2.111,204.213,1.615,2423117.858
8458,0.000,6.388,1.741,203.008,1.205,1807707.261
8459,0.000,7.695,2.062,202.123,0.885,1327769.321
8460,0.000,9.742,2.559,201.487,0.636,953499.969
8461,1.659,10.078,2.580,201.368,0.441,661652.035
8462,16.513,10.741,2.715,204.169,0.360,540296.973
8463,0.000,7.882,2.210,203.248,0.922,1382861.350
8464,2.794,7.468,2.051,203.165,0.665,996799.900
8465,0.000,7.862,2.163,202.573,0.592,887781.476
8466,0.000,4.575,1.233,202.166,0.407,610801.180
8467,0.000,6.447,1.717,201.964,0.263,394838.218
8468,3.555,9.200,2.409,202.017,0.202,302945.907
8469,0.000,7.231,1.901,201.815,0.258,386882.922
8470,19.987,5.542,1.430,205.071,0.202,302723.227
8471,0.468,4.025,1.192,204.214,0.962,1443240.758
8472,0.000,2.313,0.680,203.494,0.719,1078802.988
8473,0.456,3.136,0.916,203.089,0.507,759953.016
8474,0.000,8.732,2.539,202.726,0.363,544649.946
8475,4.562,7.695,2.186,203.150,0.229,343476.588
8476,0.067,5.990,1.724,202.824,0.340,510538.964
8477,0.000,6.053,1.715,202.621,0.214,321718.057
8478,0.000,6.365,1.775,202.418,0.203,303931.422
8479,0.000,11.138,3.055,202.216,0.202,303627.491
8480,0.000,9.052,2.411,202.014,0.202,303323.863
8481,0.000,9.762,2.539,201.812,0.202,303020.539
8482,4.262,9.255,2.346,201.978,0.202,302717.519
8483,3.116,8.954,2.295,202.219,0.283,423997.690
8484,0.000,8.564,2.200,202.018,0.299,448730.074
8485,7.246,7.301,1.834,202.744,0.202,303026.303
8486,18.416,6.166,1.613,205.990,0.406,609188.286
8487,1.988,6.158,1.822,205.370,1.066,1598678.789
8488,4.976,3.366,0.993,205.609,0.875,1312834.075
8489,1.582,3.093,0.936,205.099,0.874,1310353.479
8490,1.285,2.640,0.801,204.688,0.707,1060700.362
8491,3.972,2.375,0.722,205.041,0.563,843798.169
8492,0.000,0.714,0.221,204.455,0.586,879292.861
8493,2.688,1.622,0.502,204.683,0.403,604807.779
8494,1.941,3.748,1.175,204.745,0.399,599067.878
8495,0.000,10.261,3.224,204.386,0.359,538744.958
8496,1.953,10.553,3.227,204.263,0.226,339423.294
8497,1.770,3.572,1.076,204.077,0.222,333099.772
8498,16.963,0.367,0.111,207.326,0.208,312094.520
8499,0.000,1.521,0.511,206.362,0.963,1445103.974
8500,0.000,0.000,0.000,205.665,0.698,1046328.437
8501,0.000,0.000,0.000,205.174,0.490,735364.370
8502,3.480,0.449,0.150,205.730,0.329,492893.170
8503,3.044,2.098,0.715,206.121,0.397,595571.975
8504,3.806,0.000,0.000,206.689,0.429,644091.273
8505,0.000,0.000,0.000,206.188,0.501,751036.162
8506,1.244,0.000,0.000,206.396,0.337,505439.448
8507,0.000,0.000,0.000,206.079,0.329,493877.814
8508,0.000,0.000,0.000,205.873,0.206,309119.210
8509,0.000,0.000,0.000,205.668,0.206,308810.091
8510,0.000,0.000,0.000,205.462,0.206,308501.281
8511,5.482,0.000,0.000,206.406,0.205,308192.780
8512,0.063,0.000,0.000,206.661,0.458,687256.711
8513,0.000,0.000,0.000,206.201,0.461,691107.298
8514,0.000,0.000,0.000,205.990,0.306,458745.815
8515,2.782,0.250,0.093,207.299,0.206,308984.832
8516,2.706,4.618,1.777,207.554,0.539,808583.860
8517,0.000,6.778,2.610,207.012,0.542,812541.557
8518,0.000,6.006,2.272,206.643,0.369,553637.650
8519,2.713,6.841,2.548,206.854,0.235,351772.747
8520,6.353,12.250,4.543,208.315,0.298,447465.419
8521,12.806,12.308,4.565,211.353,0.573,860139.069
8522,0.000,0.948,0.363,210.165,1.189,1782784.142
8523,0.000,0.983,0.375,209.291,0.874,1310710.355
8524,0.280,3.514,1.339,208.743,0.628,942572.662
8525,0.000,0.000,0.000,208.289,0.455,682265.615
8526,1.039,0.000,0.000,208.262,0.302,452545.248
8527,0.688,0.000,0.000,208.054,0.248,371993.252
8528,4.655,2.285,0.871,208.746,0.208,312081.119
8529,0.000,0.000,0.000,208.340,0.406,608727.464
8530,0.000,0.000,0.000,208.132,0.264,395259.841
8531,0.000,0.000,0.000,207.924,0.208,312197.989
8532,0.000,0.000,0.000,207.716,0.208,311885.791
8533,0.000,0.000,0.000,207.508,0.208,311573.905
8534,0.000,0.000,0.000,207.301,0.208,311262.331
8535,0.000,0.000,0.000,207.093,0.207,310951.069
8536,0.000,0.000,0.000,206.886,0.207,310640.118
8537,0.000,0.000,0.000,206.679,0.207,310329.478
8538,0.000,0.000,0.000,206.473,0.207,310019.148
8539,0.000,0.000,0.000,206.266,0.206,309709.129
8540,5.858,0.000,0.000,207.506,0.206,309399.420
8541,0.000,0.000,0.000,206.982,0.524,786251.633
8542,0.000,1.794,0.716,208.967,0.355,533141.988
8543,0.000,0.000,0.000,208.790,0.739,1108099.382
8544,0.000,0.585,0.243,209.700,0.647,969931.237
8545,0.000,0.924,0.391,210.745,0.794,1190340.409
8546,0.000,0.562,0.243,211.379,0.970,1455105.032
8547,0.000,0.000,0.000,210.322,1.056,1584646.000
8548,15.810,0.000,0.000,215.275,0.771,1156369.200
8549,20.707,0.047,0.022,222.132,1.807,2711195.089
8550,1.278,0.000,0.000,219.366,3.263,4894633.911
8551,0.000,0.000,0.000,216.765,2.602,3902385.099
8552,0.000,0.000,0.000,214.788,1.976,2964523.838
8553,0.000,2.749,1.407,213.334,1.489,2233071.391
8554,0.000,1.716,0.872,212.218,1.116,1673945.307
8555,0.000,0.320,0.162,211.400,0.818,1226578.572
8556,0.000,0.000,0.000,210.815,0.585,877711.618
8557,0.000,0.000,0.000,210.411,0.404,605674.413
8558,0.000,0.000,0.000,210.201,0.262,393564.334
8559,0.000,0.000,0.000,209.991,0.210,315301.638
8560,0.000,0.000,0.000,209.781,0.210,314986.336
8561,0.000,0.000,0.000,209.571,0.210,314671.350
8562,0.000,0.000,0.000,209.362,0.210,314356.679
8563,0.000,0.000,0.000,209.152,0.209,314042.322
8564,0.000,0.000,0.000,208.943,0.209,313728.280
8565,0.000,0.000,0.000,208.734,0.209,313414.551
8566,0.000,0.000,0.000,208.525,0.209,313101.137
8567,0.000,0.000,0.000,208.317,0.209,312788.036
8568,5.015,0.000,0.000,210.574,0.208,312475.248
8569,0.000,0.000,0.000,209.824,0.751,1125807.747
8570,0.000,0.000,0.000,209.291,0.532,798668.690
8571,0.000,0.000,0.000,208.929,0.362,543579.687
8572,0.000,0.000,0.000,208.720,0.230,344689.646
8573,0.000,0.000,0.000,208.511,0.209,313079.852
8574,0.000,0.000,0.000,208.303,0.209,312766.772
8575,0.000,0.000,0.000,208.094,0.208,312454.006
8576,0.000,0.000,0.000,207.886,0.208,312141.552
8577,0.000,0.000,0.000,207.678,0.208,311829.410
8578,0.000,0.000,0.000,207.471,0.208,311517.581
8579,0.000,0.000,0.000,207.263,0.207,311206.063
8580,0.000,0.000,0.000,207.056,0.207,310894.857
8581,0.000,0.000,0.000,206.849,0.207,310583.962
8582,0.000,0.000,0.000,206.642,0.207,310273.378
8583,0.000,0.000,0.000,206.435,0.207,309963.105
8584,0.000,0.000,0.000,206.229,0.206,309653.142
8585,5.366,0.000,0.000,207.706,0.206,309343.489
8586,0.000,0.000,0.000,207.130,0.576,864486.970
8587,0.000,0.000,0.000,206.734,0.396,594153.314
8588,0.000,0.000,0.000,206.527,0.256,383373.210
8589,0.000,3.494,1.839,210.526,0.207,309790.525
8590,0.000,0.538,0.290,211.381,1.132,1697291.573
8591,0.000,0.000,0.000,210.114,1.266,1899268.368
8592,0.000,0.000,0.000,209.180,0.934,1401460.656
8593,0.000,0.000,0.000,208.505,0.676,1013250.610
8594,0.000,0.000,0.000,208.031,0.474,710526.663
8595,0.000,0.000,0.000,207.779,0.316,474481.793
8596,0.000,0.000,0.000,207.571,0.208,311668.374
8597,0.000,0.000,0.000,207.364,0.208,311356.706
8598,0.000,0.000,0.000,207.156,0.207,311045.349
8599,0.000,0.000,0.000,206.949,0.207,310734.304
8600,0.000,0.000,0.000,206.742,0.207,310423.570
8601,0.000,0.000,0.000,206.535,0.207,310113.146
8602,0.000,0.000,0.000,206.329,0.207,309803.033
8603,0.000,0.000,0.000,206.122,0.206,309493.230
8604,0.000,0.000,0.000,205.916,0.206,309183.737
8605,0.000,0.000,0.000,205.710,0.206,308874.553
8606,0.000,0.000,0.000,205.505,0.206,308565.678
8607,0.000,0.000,0.000,205.299,0.206,308257.113
8608,0.000,0.000,0.000,205.094,0.205,307948.855
8609,0.000,0.000,0.000,204.889,0.205,307640.907
8610,0.000,0.000,0.000,204.684,0.205,307333.266
8611,0.000,0.000,0.000,204.479,0.205,307025.932
8612,0.000,0.000,0.000,204.275,0.204,306718.907
8613,0.000,0.000,0.000,204.071,0.204,306412.188
8614,0.000,0.000,0.000,203.866,0.204,306105.775
8615,0.000,0.000,0.000,203.663,0.204,305799.670
8616,0.000,0.000,0.000,203.459,0.204,305493.870
8617,0.000,0.000,0.000,203.255,0.203,305188.376
8618,0.000,0.000,0.000,203.052,0.203,304883.188
8619,0.000,0.000,0.000,202.849,0.203,304578.305
8620,0.000,0.000,0.000,202.646,0.203,304273.726
8621,0.000,0.000,0.000,202.444,0.203,303969.452
8622,0.000,0.000,0.000,202.241,0.202,303665.483
8623,0.000,0.000,0.000,202.039,0.202,303361.818
8624,0.000,0.000,0.000,201.837,0.202,303058.456
8625,0.000,0.000,0.000,201.635,0.202,302755.397
8626,0.000,0.000,0.000,201.433,0.202,302452.642
8627,0.000,0.000,0.000,201.232,0.201,302150.189
8628,0.000,0.000,0.000,201.031,0.201,301848.039
8629,0.000,0.000,0.000,200.830,0.201,301546.191
8630,0.151,2.235,1.220,203.872,0.201,301244.645
8631,0.000,2.476,1.378,206.893,0.914,1371277.161
8632,0.000,0.000,0.000,205.369,1.524,2286172.212
8633,0.000,0.000,0.000,204.235,1.134,1701377.848
8634,0.000,0.000,0.000,204.259,0.830,1245320.081
8635,0.000,0.000,0.000,203.478,0.781,1171570.517
8636,0.000,0.000,0.000,202.923,0.555,832233.790
8637,0.000,0.000,0.000,202.544,0.378,567632.735
8638,0.000,0.000,0.000,202.342,0.241,361325.421
8639,0.000,2.184,1.245,205.430,0.202,303512.998
8640,0.000,0.608,0.352,206.710,0.926,1389185.246
8641,0.000,0.148,0.087,207.315,1.153,1730101.526
8642,0.000,0.410,0.242,208.129,1.232,1848474.127
8643,0.000,0.000,0.000,208.238,1.357,2035512.048
8644,0.000,0.000,0.000,206.911,1.327,1990560.250
8645,0.000,0.000,0.000,205.930,0.981,1471540.072
8646,0.000,0.000,0.000,205.219,0.711,1066785.431
8647,0.000,0.000,0.000,204.718,0.501,751157.826
8648,0.000,0.000,0.000,204.382,0.337,505049.230
8649,0.000,0.000,0.000,204.177,0.209,313165.378
8650,0.000,0.000,0.000,203.973,0.204,306265.809
8651,0.000,0.000,0.000,203.769,0.204,305959.543
8652,0.000,0.000,0.000,203.565,0.204,305653.584
8653,0.000,0.000,0.000,203.362,0.204,305347.930
8654,0.000,0.000,0.000,203.158,0.203,305042.582
8655,0.000,0.000,0.000,202.955,0.203,304737.540
8656,0.000,0.000,0.000,202.752,0.203,304432.802
8657,0.000,0.000,0.000,202.549,0.203,304128.369
8658,0.000,0.000,0.000,202.347,0.203,303824.241
8659,0.000,0.000,0.000,202.145,0.202,303520.417
8660,0.000,0.000,0.000,201.942,0.202,303216.896
8661,0.000,0.000,0.000,201.741,0.202,302913.679
8662,0.000,0.000,0.000,201.539,0.202,302610.766
8663,0.000,0.000,0.000,201.337,0.202,302308.155
8664,0.000,0.000,0.000,201.136,0.201,302005.847
8665,0.000,0.000,0.000,200.935,0.201,301703.841
8666,0.000,0.000,0.000,200.734,0.201,301402.137
8667,0.000,0.000,0.000,200.533,0.201,301100.735
8668,0.000,0.000,0.000,200.333,0.201,300799.634
8669,0.000,0.000,0.000,200.132,0.200,300498.835
8670,0.000,0.000,0.000,199.932,0.200,300198.336
8671,0.000,0.000,0.000,199.732,0.200,299898.137
8672,0.000,2.710,1.631,203.588,0.200,299598.239
8673,0.000,2.254,1.378,206.585,1.092,1637601.134
8674,0.000,0.000,0.000,204.889,1.696,2544532.351
8675,0.000,0.000,0.000,203.621,1.268,1902538.914
8676,0.000,0.000,0.000,202.686,0.935,1401866.231
8677,0.000,0.000,0.000,202.012,0.674,1011423.651
8678,0.000,0.000,0.000,201.541,0.471,706960.471
8679,0.000,0.000,0.000,202.159,0.313,469561.141
8680,0.000,0.000,0.000,201.764,0.394,591698.587
8681,0.000,0.000,0.000,201.649,0.253,379820.526
8682,0.000,0.000,0.000,201.447,0.220,330731.588
8683,0.000,0.000,0.000,201.246,0.201,302170.545
8684,0.000,0.000,0.000,201.044,0.201,301868.375
8685,0.000,0.000,0.000,200.843,0.201,301566.506
8686,0.000,0.000,0.000,200.642,0.201,301264.940
8687,0.000,0.000,0.000,200.442,0.201,300963.675
8688,0.000,0.000,0.000,200.241,0.200,300662.711
8689,0.000,0.000,0.000,200.041,0.200,300362.049
8690,0.000,0.000,0.000,199.841,0.200,300061.687
8691,0.000,0.000,0.000,199.641,0.200,299761.625
8692,0.000,0.000,0.000,199.442,0.200,299461.863
8693,0.000,0.000,0.000,200.261,0.199,299162.401
8694,0.000,3.284,2.061,205.170,0.423,635057.937
8695,0.000,3.424,2.182,209.293,1.448,2172566.304
8696,0.000,4.715,3.050,214.112,2.301,3451023.812
8697,0.000,6.669,4.388,220.299,3.306,4958901.511
8698,0.000,4.883,3.276,223.269,4.612,6918560.238
8699,0.000,4.255,2.898,223.090,5.211,7816689.536
8700,0.610,3.268,2.241,218.292,5.117,7675496.243
8701,0.708,4.813,3.275,214.654,4.007,6010534.806
8702,0.444,4.426,2.978,211.730,3.152,4727975.681
8703,0.000,6.587,4.385,209.276,2.454,3681483.698
8704,0.000,8.623,5.642,207.416,1.860,2789921.741
8705,0.000,7.554,4.832,206.019,1.396,2094585.050
8706,3.333,2.086,1.308,206.582,1.035,1552303.985
8707,0.000,0.000,0.000,205.478,1.104,1656568.749
8708,0.000,0.000,0.000,204.670,0.807,1210814.133
8709,0.000,0.000,0.000,204.095,0.575,863206.842
8710,0.000,0.000,0.000,203.700,0.395,592154.384
8711,0.000,0.000,0.000,203.497,0.254,380814.613
8712,0.000,0.000,0.000,203.293,0.203,305245.130
8713,0.000,0.000,0.000,203.090,0.203,304939.885
8714,0.000,0.000,0.000,202.887,0.203,304634.945
8715,16.075,0.000,0.000,210.339,0.203,304330.310
8716,0.000,0.000,0.000,208.452,1.887,2830086.093
8717,0.000,0.000,0.000,207.035,1.417,2126223.842
8718,0.000,0.000,0.000,205.983,1.052,1577292.530
8719,0.000,1.459,0.949,208.668,0.766,1149207.268
8720,0.000,4.220,2.775,212.661,1.303,1954132.390
8721,0.000,5.932,3.938,210.533,2.127,3190932.964
8722,0.000,8.131,5.316,208.928,1.605,2408089.806
8723,5.035,4.598,2.942,210.193,1.198,1797552.981
8724,4.333,6.174,3.944,210.887,1.423,2134282.595
8725,7.358,8.596,5.453,212.934,1.522,2282691.549
8726,9.575,10.027,6.318,215.627,1.918,2877621.758
8727,6.310,9.699,6.077,216.192,2.457,3686080.962
8728,1.894,6.915,4.282,214.560,2.528,3792038.273
8729,0.412,4.481,2.737,212.637,2.116,3173363.026
8730,8.685,4.376,2.644,215.008,1.639,2458479.185
8731,1.145,1.291,0.787,213.434,2.107,3160758.222
8732,2.441,0.811,0.494,212.862,1.708,2561304.603
8733,0.000,0.000,0.000,211.334,1.528,2292730.680
8734,0.000,0.000,0.000,210.195,1.139,1708456.763
8735,2.168,0.000,0.000,210.956,0.835,1252802.980
8736,3.002,0.948,0.584,211.714,0.950,1424416.865
8737,2.335,1.845,1.143,211.756,1.063,1594844.470
8738,5.837,5.971,3.699,213.501,1.019,1529202.242
8739,0.000,7.964,4.921,212.151,1.350,2025555.092
8740,0.000,6.252,3.783,211.151,1.000,1500537.846
8741,2.952,4.610,2.744,211.766,0.727,1091103.790
8742,5.022,11.743,6.956,213.229,0.810,1214942.341
8743,8.845,10.573,6.147,216.078,1.079,1618519.461
8744,2.848,9.411,5.441,215.682,1.653,2479651.068
8745,1.530,7.211,4.097,214.833,1.513,2270163.656
8746,0.000,6.322,3.539,213.559,1.274,1910905.669
8747,0.680,8.416,4.634,212.904,0.941,1411665.397
8748,6.193,4.992,2.693,214.710,0.744,1116715.082
8749,2.985,5.245,2.843,214.855,1.089,1633960.816
8750,0.000,9.461,5.101,213.786,1.069,1603401.214
8751,0.000,12.936,6.803,213.005,0.781,1172126.814
8752,2.782,9.746,4.953,213.526,0.557,835811.308
8753,0.697,10.748,5.371,213.172,0.620,929480.001
8754,0.488,8.432,4.105,212.864,0.490,734361.671
8755,4.247,8.424,4.018,214.039,0.370,554396.837
8756,4.792,9.945,4.710,215.193,0.576,863927.087
8757,0.205,7.644,3.587,214.488,0.778,1166701.907
8758,0.000,4.512,2.077,213.917,0.571,856189.754
8759,0.000,5.698,2.592,213.524,0.393,589927.890
8760,4.031,8.915,3.996,214.384,0.255,382321.536
8761,4.402,8.342,3.709,215.426,0.449,674235.509
8762,0.000,10.565,4.676,214.799,0.627,940240.921
8763,0.000,8.202,3.530,214.362,0.437,655713.230
8764,0.000,11.712,4.933,214.148,0.289,433859.306
8765,1.650,14.680,5.995,213.997,0.214,321221.890
8766,7.512,11.255,4.454,215.644,0.228,341636.744
8767,1.912,7.702,3.064,215.599,0.623,934868.638
8768,1.595,2.660,1.046,215.515,0.562,842566.309
8769,3.099,1.396,0.549,215.951,0.491,737157.581
8770,0.000,2.161,0.859,215.415,0.536,803751.300
8771,2.813,6.026,2.383,215.896,0.366,549561.185
8772,2.613,5.905,2.329,216.259,0.420,630723.879
8773,0.000,7.059,2.775,215.810,0.449,673551.063
8774,0.000,6.548,2.527,215.595,0.299,448236.862
8775,0.000,8.678,3.292,215.379,0.216,323392.320
8776,0.000,13.053,4.840,215.164,0.215,323068.928
8777,0.000,15.042,5.388,214.949,0.215,322745.859
8778,0.000,17.156,5.904,214.734,0.215,322423.113
8779,0.000,15.323,5.038,214.519,0.215,322100.690
8780,0.000,13.747,4.340,214.305,0.215,321778.589
8781,0.300,9.964,3.033,214.090,0.214,321456.810
8782,0.000,11.918,3.541,213.876,0.214,321135.354
8783,0.000,13.131,3.780,213.662,0.214,320814.218
8784,1.562,13.580,3.776,213.449,0.214,320493.404
8785,3.414,11.134,3.022,213.488,0.213,320172.911
8786,9.783,10.440,2.825,215.028,0.269,403193.894
8787,10.885,10.327,2.928,216.770,0.599,898702.685
8788,2.397,11.930,3.557,216.381,0.930,1395508.991
8789,0.000,15.456,4.539,215.588,0.793,1189752.898
8790,0.000,19.402,5.469,215.021,0.567,850398.375
8791,0.000,20.378,5.454,214.631,0.391,585779.457
8792,0.000,19.972,5.062,214.416,0.253,379454.231
8793,0.000,19.340,4.647,214.202,0.214,321624.513
8794,0.000,19.582,4.469,213.988,0.214,321302.888
8795,12.503,19.055,4.127,215.372,0.214,320981.585
8796,11.198,9.863,2.298,216.782,0.565,847993.648
8797,0.000,7.301,1.833,215.958,0.824,1235624.598
8798,0.000,12.694,3.126,215.367,0.591,886264.459
8799,0.000,14.875,3.542,214.958,0.409,613841.073
8800,0.000,14.395,3.295,214.743,0.268,401428.277
8801,0.000,14.297,3.151,214.528,0.215,322114.454
8802,1.578,12.940,2.745,214.314,0.215,321792.339
8803,5.755,10.978,2.289,214.556,0.214,321470.547
8804,7.130,10.854,2.335,215.402,0.315,471967.522
8805,6.036,10.737,2.411,215.978,0.449,673448.633
8806,4.146,12.250,2.834,216.180,0.524,786330.589
8807,7.695,9.734,2.267,217.019,0.517,775529.111
8808,4.851,12.406,3.020,217.263,0.650,975198.229
8809,14.394,10.967,2.697,219.291,0.652,978596.471
8810,8.128,6.505,1.752,219.904,1.047,1570730.115
8811,0.000,5.858,1.650,218.773,1.131,1695796.907
8812,6.684,7.660,2.124,219.348,0.831,1245769.064
8813,2.252,11.056,3.157,218.930,0.906,1358625.166
8814,17.128,9.184,2.589,221.829,0.763,1143862.574
8815,0.338,8.311,2.578,220.560,1.349,2023873.231
8816,0.000,7.656,2.329,219.541,1.019,1528236.703
8817,0.000,7.231,2.156,218.797,0.744,1115456.099
8818,0.000,5.296,1.549,218.268,0.529,793563.796
8819,3.550,4.228,1.220,218.683,0.362,542564.292
8820,0.881,7.515,2.198,218.477,0.402,603181.139
8821,0.000,10.807,3.119,218.259,0.306,458741.150
8822,0.000,13.412,3.762,218.040,0.218,327387.835
8823,0.000,13.623,3.688,217.822,0.218,327060.447
8824,0.000,15.280,3.990,217.604,0.218,326733.386
8825,6.664,13.630,3.417,218.202,0.218,326406.653
8826,7.134,11.661,2.984,219.188,0.397,595212.882
8827,1.862,8.748,2.301,218.997,0.563,844203.604
8828,2.378,13.014,3.396,218.997,0.470,704639.363
8829,1.533,8.833,2.271,218.877,0.419,628551.716
8830,6.202,4.446,1.131,219.730,0.342,512621.496
8831,0.000,2.902,0.767,219.252,0.479,718183.948
8832,15.778,1.541,0.404,222.067,0.323,484151.357
8833,0.897,2.102,0.619,221.376,0.892,1337307.706
8834,0.000,2.328,0.686,220.687,0.689,1033283.632
8835,0.000,3.058,0.895,220.200,0.487,730156.979
8836,0.000,2.777,0.806,219.933,0.329,493793.994
8837,0.733,6.119,1.764,219.713,0.220,329899.230
8838,0.000,7.757,2.212,219.493,0.220,329569.331
8839,1.681,7.761,2.169,219.274,0.219,329239.762
8840,1.345,4.707,1.305,219.054,0.219,328910.522
8841,0.906,1.856,0.514,218.835,0.219,328581.612
8842,6.225,3.011,0.834,219.474,0.219,328253.030
8843,2.900,2.484,0.715,219.700,0.407,611058.136
8844,0.175,1.022,0.298,219.333,0.406,609512.749
8845,0.246,0.000,0.000,219.114,0.275,412292.665
8846,0.000,0.530,0.155,218.894,0.219,328670.298
8847,2.937,0.113,0.033,218.875,0.219,328341.628
8848,0.000,6.384,1.898,218.656,0.263,393845.117
8849,0.000,8.833,2.583,218.438,0.219,327984.509
8850,0.000,8.888,2.539,218.219,0.218,327656.524
8851,0.000,6.349,1.772,218.001,0.218,327328.868
8852,0.000,5.374,1.475,217.783,0.218,327001.539
8853,0.000,4.512,1.221,217.565,0.218,326674.537
8854,0.914,3.459,0.925,217.348,0.218,326347.863
8855,12.217,2.656,0.709,219.152,0.217,326021.515
8856,2.617,4.259,1.237,219.067,0.662,992864.751
8857,2.513,4.781,1.399,219.032,0.592,888243.827
8858,2.359,0.000,0.000,219.025,0.534,800461.943
8859,1.901,0.000,0.000,218.975,0.481,721677.292
8860,0.469,0.784,0.237,218.663,0.419,628820.028
8861,0.000,0.000,0.000,218.445,0.300,449792.664
8862,0.000,0.000,0.000,218.226,0.218,327667.243
8863,0.000,0.000,0.000,218.008,0.218,327339.576
8864,0.000,0.000,0.000,217.790,0.218,327012.236
8865,0.000,0.000,0.000,217.572,0.218,326685.224
8866,0.000,0.000,0.000,217.355,0.218,326358.539
8867,0.000,0.000,0.000,217.137,0.217,326032.180
8868,0.176,0.000,0.000,216.920,0.217,325706.148
8869,1.172,0.000,0.000,216.703,0.217,325380.442
8870,2.037,0.000,0.000,216.927,0.217,325055.062
8871,0.000,0.000,0.000,216.710,0.313,469896.331
8872,0.000,0.000,0.000,216.493,0.217,325065.123
8873,1.684,0.000,0.000,216.635,0.216,324740.058
8874,3.819,0.000,0.000,217.675,0.295,442478.396
8875,1.915,0.066,0.022,217.669,0.493,739461.968
8876,0.142,0.000,0.000,217.265,0.440,660584.524
8877,0.146,0.000,0.000,217.048,0.300,450666.841
8878,0.000,0.000,0.000,216.831,0.217,325572.342
8879,0.000,0.000,0.000,216.614,0.217,325246.770
8880,0.631,2.410,0.816,216.398,0.217,324921.523
8881,0.000,1.646,0.556,216.181,0.216,324596.601
8882,9.881,1.486,0.500,218.040,0.216,324272.005
8883,7.126,0.000,0.000,219.285,0.672,1008487.496
8884,0.000,0.000,0.000,218.390,0.895,1342682.000
8885,0.000,0.000,0.000,217.743,0.647,970488.394
8886,0.000,0.000,0.000,217.290,0.454,680254.185
8887,0.000,0.000,0.000,217.073,0.303,453948.228
8888,0.000,0.000,0.000,216.856,0.217,325609.025
8889,0.000,0.000,0.000,216.639,0.217,325283.416
8890,0.000,0.000,0.000,216.422,0.217,324958.133
8891,0.000,0.000,0.000,216.206,0.216,324633.175
8892,0.000,0.000,0.000,215.989,0.216,324308.542
8893,0.000,0.000,0.000,215.773,0.216,323984.233
8894,0.000,0.000,0.000,215.558,0.216,323660.249
8895,0.000,0.000,0.000,215.342,0.216,323336.589
8896,0.000,0.000,0.000,215.127,0.215,323013.252
8897,0.000,0.000,0.000,214.912,0.215,322690.239
8898,0.000,0.000,0.000,214.697,0.215,322367.548
8899,0.000,0.000,0.000,214.482,0.215,322045.181
8900,0.000,0.000,0.000,214.268,0.214,321723.136
8901,0.000,0.000,0.000,214.053,0.214,321401.413
8902,0.000,0.000,0.000,213.839,0.214,321080.011
8903,0.000,0.000,0.000,213.625,0.214,320758.931
8904,0.000,0.000,0.000,213.412,0.214,320438.172
8905,0.000,0.000,0.000,213.198,0.213,320117.734
8906,0.000,0.000,0.000,212.985,0.213,319797.616
8907,0.000,0.000,0.000,212.772,0.213,319477.819
8908,0.000,0.000,0.000,212.559,0.213,319158.341
8909,0.000,0.000,0.000,212.347,0.213,318839.183
8910,0.000,0.000,0.000,212.135,0.212,318520.343
8911,0.000,0.000,0.000,211.922,0.212,318201.823
8912,0.000,0.000,0.000,211.710,0.212,317883.621
8913,0.000,0.000,0.000,211.499,0.212,317565.738
8914,0.000,0.000,0.000,211.287,0.211,317248.172
8915,0.000,0.000,0.000,211.076,0.211,316930.924
8916,0.000,0.000,0.000,210.865,0.211,316613.993
8917,0.000,0.000,0.000,210.654,0.211,316297.379
8918,0.000,0.000,0.000,210.443,0.211,315981.081
8919,0.000,0.000,0.000,210.233,0.210,315665.100
8920,0.000,0.000,0.000,210.023,0.210,315349.435
8921,0.000,0.000,0.000,209.813,0.210,315034.086
8922,3.024,0.000,0.000,210.354,0.210,314719.052
8923,0.000,2.001,0.752,212.316,0.375,562176.900
8924,0.000,0.000,0.000,211.562,0.754,1130762.767
8925,0.000,0.000,0.000,211.027,0.535,803103.477
8926,0.000,0.000,0.000,210.662,0.365,547608.123
8927,0.000,0.000,0.000,210.451,0.232,348400.559
8928,0.000,0.000,0.000,210.241,0.210,315676.690
8929,0.000,0.000,0.000,210.030,0.210,315361.014
8930,0.000,0.000,0.000,209.820,0.210,315045.653
8931,0.000,0.000,0.000,209.611,0.210,314730.607
8932,0.000,0.000,0.000,209.401,0.210,314415.876
8933,0.000,0.000,0.000,209.192,0.209,314101.461
8934,0.000,0.000,0.000,208.982,0.209,313787.359
8935,0.000,0.000,0.000,208.773,0.209,313473.572
8936,0.000,0.000,0.000,208.565,0.209,313160.098
8937,0.000,0.000,0.000,208.356,0.209,312846.938
8938,0.000,0.000,0.000,208.148,0.208,312534.091
8939,0.000,0.000,0.000,207.940,0.208,312221.557
8940,0.000,0.000,0.000,207.732,0.208,311909.336
8941,0.000,0.000,0.000,207.524,0.208,311597.426
8942,0.000,0.000,0.000,207.316,0.208,311285.829
8943,0.000,0.000,0.000,207.109,0.207,310974.543
8944,0.000,0.000,0.000,206.902,0.207,310663.568
8945,0.000,0.000,0.000,206.695,0.207,310352.905
8946,0.000,0.000,0.000,206.488,0.207,310042.552
8947,0.000,0.000,0.000,206.282,0.206,309732.509
8948,2.325,0.000,0.000,207.237,0.206,309422.777
8949,1.527,0.230,0.092,208.490,0.462,692443.089
8950,0.000,0.000,0.000,207.806,0.684,1025840.638
8951,0.000,3.112,1.273,210.665,0.480,720106.652
8952,0.605,1.903,0.809,212.378,1.056,1583385.072
8953,0.000,0.000,0.000,210.999,1.379,2068943.081
8954,0.000,0.000,0.000,209.976,1.023,1533966.464
8955,0.000,0.000,0.000,209.232,0.745,1116764.512
8956,0.000,0.000,0.000,208.704,0.528,791426.718
8957,0.000,0.000,0.000,208.346,0.358,537742.889
8958,0.000,0.000,0.000,208.137,0.227,339949.072
8959,0.000,0.000,0.000,207.929,0.208,312206.053
8960,0.000,0.000,0.000,207.721,0.208,311893.847
8961,0.000,0.000,0.000,207.514,0.208,311581.954
8962,0.000,0.000,0.000,207.306,0.208,311270.372
8963,0.000,0.000,0.000,207.099,0.207,310959.101
8964,0.000,0.000,0.000,206.892,0.207,310648.142
8965,0.000,0.000,0.000,206.685,0.207,310337.494
8966,0.000,0.000,0.000,206.478,0.207,310027.157
8967,0.000,0.000,0.000,206.272,0.206,309717.129
8968,0.000,0.000,0.000,206.065,0.206,309407.412
8969,0.000,0.000,0.000,205.859,0.206,309098.005
8970,4.857,2.047,0.897,209.586,0.206,308788.907
8971,0.000,0.000,0.000,208.515,1.071,1606337.725
8972,0.000,0.000,0.000,207.734,0.782,1172675.571
8973,0.914,0.644,0.295,209.266,0.556,834499.359
8974,0.000,0.000,0.000,208.426,0.840,1260076.149
8975,0.000,0.000,0.000,207.824,0.602,902832.105
8976,0.000,0.000,0.000,207.408,0.416,624261.778
8977,0.000,0.000,0.000,207.201,0.271,407056.870
8978,0.000,0.000,0.000,206.994,0.207,310801.178
8979,0.000,0.000,0.000,206.787,0.207,310490.377
8980,0.000,0.000,0.000,206.580,0.207,310179.887
8981,0.000,0.000,0.000,206.373,0.207,309869.707
8982,0.000,0.000,0.000,206.167,0.206,309559.837
8983,0.000,0.000,0.000,205.961,0.206,309250.277
8984,0.000,0.000,0.000,205.755,0.206,308941.027
8985,0.000,0.000,0.000,205.549,0.206,308632.086
8986,1.180,0.000,0.000,205.470,0.206,308323.454
8987,0.133,1.420,0.668,207.416,0.233,349881.734
8988,0.000,0.000,0.000,206.737,0.678,1017648.006
8989,0.000,0.000,0.000,206.262,0.476,713369.979
8990,0.000,0.000,0.000,205.998,0.317,476113.514
8991,0.000,0.000,0.000,205.792,0.206,308997.625
8992,0.000,0.000,0.000,205.587,0.206,308688.627
8993,0.000,0.000,0.000,205.381,0.206,308379.938
8994,0.000,0.000,0.000,205.176,0.205,308071.558
8995,0.000,0.000,0.000,204.970,0.205,307763.487
8996,0.000,0.000,0.000,204.766,0.205,307455.723
8997,0.000,0.000,0.000,204.561,0.205,307148.268
8998,0.000,0.000,0.000,204.356,0.205,306841.119
8999,0.000,0.000,0.000,204.152,0.204,306534.278
9000,0.000,0.000,0.000,203.948,0.204,306227.744
9001,0.000,0.000,0.000,203.744,0.204,305921.516
9002,0.000,0.000,0.000,203.540,0.204,305615.595
9003,0.000,0.000,0.000,203.336,0.204,305309.979
9004,0.000,0.000,0.000,203.133,0.203,305004.669
9005,0.000,0.000,0.000,202.930,0.203,304699.665
9006,0.000,0.000,0.000,202.727,0.203,304394.965
9007,0.000,0.000,0.000,202.524,0.203,304090.570
9008,0.000,0.000,0.000,202.322,0.203,303786.479
9009,0.000,0.000,0.000,202.119,0.202,303482.693
9010,0.000,0.000,0.000,201.917,0.202,303179.210
9011,0.000,0.000,0.000,201.715,0.202,302876.031
9012,0.000,0.000,0.000,201.514,0.202,302573.155
9013,0.000,0.000,0.000,201.312,0.202,302270.582
9014,0.000,0.000,0.000,201.111,0.201,301968.311
9015,0.000,0.000,0.000,200.910,0.201,301666.343
9016,0.000,0.000,0.000,200.709,0.201,301364.677
9017,0.000,0.000,0.000,200.508,0.201,301063.312
9018,0.000,0.000,0.000,200.308,0.201,300762.249
9019,0.000,0.000,0.000,200.107,0.200,300461.486
9020,0.000,0.000,0.000,199.907,0.200,300161.025
9021,0.000,0.000,0.000,199.707,0.200,299860.864
9022,0.000,0.000,0.000,199.508,0.200,299561.003
9023,0.000,0.000,0.000,199.308,0.200,299261.442
9024,0.000,0.000,0.000,199.109,0.199,298962.180
9025,0.000,0.000,0.000,198.910,0.199,298663.218
9026,0.000,0.000,0.000,198.711,0.199,298364.555
9027,0.000,0.000,0.000,198.512,0.199,298066.191
9028,0.000,0.000,0.000,198.314,0.199,297768.124
9029,0.000,0.000,0.000,198.115,0.198,297470.356
9030,0.000,0.000,0.000,197.917,0.198,297172.886
9031,0.000,0.000,0.000,197.719,0.198,296875.713
9032,0.000,0.000,0.000,197.522,0.198,296578.837
9033,0.000,0.000,0.000,197.324,0.198,296282.258
9034,0.000,0.916,0.440,198.761,0.197,295985.976
9035,2.689,2.449,1.197,202.634,0.557,834949.297
9036,0.000,0.000,0.000,201.281,1.353,2030195.325
9037,0.000,0.000,0.000,200.281,1.000,1500566.530
9038,0.000,0.000,0.000,199.556,0.725,1087539.056
9039,0.000,0.000,0.000,199.045,0.510,765460.529
9040,0.000,0.000,0.000,198.702,0.343,514322.098
9041,0.000,0.000,0.000,198.504,0.212,318516.859
9042,0.000,0.000,0.000,198.305,0.199,297755.648
9043,0.000,0.000,0.000,198.107,0.198,297457.892
9044,0.000,0.000,0.000,197.909,0.198,297160.434
9045,0.000,0.000,0.000,197.711,0.198,296863.274
9046,0.000,0.000,0.000,197.513,0.198,296566.410
9047,0.000,1.498,0.756,199.570,0.198,296269.844
9048,0.000,0.000,0.000,199.683,0.693,1039890.608
9049,1.202,0.000,0.000,199.629,0.663,994087.917
9050,0.000,0.000,0.000,199.033,0.596,893310.055
9051,0.000,0.000,0.000,198.624,0.409,613940.986
9052,0.000,0.000,0.000,198.425,0.264,396115.953
9053,0.000,0.000,0.000,198.227,0.198,297638.231
9054,0.000,0.000,0.000,198.029,0.198,297340.593
9055,0.000,0.000,0.000,197.831,0.198,297043.252
9056,4.853,0.764,0.397,201.227,0.198,296746.209
9057,0.000,0.000,0.000,200.239,0.988,1482413.545
9058,0.000,0.000,0.000,199.523,0.716,1073379.997
9059,0.000,0.000,0.000,199.020,0.503,754416.733
9060,0.000,1.127,0.603,201.203,0.337,505708.206
9061,0.000,3.268,1.774,205.030,0.762,1143307.653
9062,0.000,3.354,1.862,208.258,1.549,2323717.506
9063,0.000,3.416,1.937,210.998,2.204,3306572.189
9064,0.000,2.695,1.560,212.563,2.752,4128306.230
9065,0.000,0.000,0.000,209.598,3.042,4562483.845
9066,0.000,0.000,0.000,207.854,2.334,3501699.156
9067,0.000,0.000,0.000,205.958,1.896,2844243.008
9068,0.000,0.000,0.000,204.534,1.424,2136432.283
9069,0.000,0.000,0.000,203.478,1.056,1584421.996
9070,0.000,0.000,0.000,202.708,0.769,1153935.966
9071,0.000,0.000,0.000,202.163,0.545,818238.777
9072,0.000,0.000,0.000,201.792,0.371,556476.800
9073,0.000,0.000,0.000,201.590,0.235,352384.208
9074,0.000,0.000,0.000,201.389,0.202,302385.519
9075,0.000,0.000,0.000,201.187,0.201,302083.134
9076,0.000,0.000,0.000,200.986,0.201,301781.050
9077,0.000,0.347,0.205,202.316,0.201,301479.269
9078,0.000,0.000,0.000,201.778,0.538,806360.104
9079,0.237,0.000,0.000,201.709,0.365,547093.817
9080,0.000,0.000,0.000,201.508,0.295,442521.683
9081,0.000,0.000,0.000,201.307,0.202,302262.211
9082,0.000,0.000,0.000,201.105,0.201,301959.949
9083,0.000,0.000,0.000,200.904,0.201,301657.989
9084,0.000,0.000,0.000,200.703,0.201,301356.331
9085,0.000,0.000,0.000,200.503,0.201,301054.975
9086,0.000,0.000,0.000,200.302,0.201,300753.920
9087,0.000,0.000,0.000,200.102,0.200,300453.166
9088,0.000,0.000,0.000,199.902,0.200,300152.713
9089,0.000,0.000,0.000,199.702,0.200,299852.560
9090,0.000,0.000,0.000,199.502,0.200,299552.707
9091,0.000,0.000,0.000,199.832,0.200,299253.155
9092,0.000,4.259,2.559,205.643,0.316,473599.068
9093,9.628,2.870,1.759,213.376,1.539,2308931.953
9094,2.032,3.311,2.105,216.609,3.186,4778544.435
9095,1.681,3.526,2.284,219.380,3.842,5763390.664
9096,0.000,5.596,3.691,223.260,4.397,6595594.327
9097,0.000,4.844,3.250,225.603,5.196,7794003.013
9098,0.000,2.449,1.668,224.741,5.657,8485143.836
9099,0.000,2.632,1.812,224.396,5.413,8118975.611
9100,0.000,6.458,4.491,228.897,5.282,7923129.880
9101,0.000,11.829,8.353,239.218,6.218,9326966.295
9102,0.000,11.657,8.405,230.784,8.434,12651262.036
9103,0.000,11.918,8.333,224.260,6.524,9786450.137
9104,0.000,11.482,7.778,219.225,5.035,7551978.391
9105,0.000,9.138,6.005,215.352,3.873,5809171.881
9106,1.891,6.026,3.866,213.313,2.967,4449864.175
9107,12.522,4.715,2.990,216.919,2.464,3695811.058
9108,10.539,4.372,2.811,218.898,3.203,4804567.242
9109,0.667,5.448,3.540,215.645,3.584,5376501.791
9110,0.000,4.243,2.721,212.830,2.815,4222111.766
9111,0.000,6.373,4.042,210.689,2.142,3212362.922
9112,0.000,9.130,5.695,209.072,1.617,2424839.708
9113,0.000,12.472,7.595,207.865,1.207,1810652.405
9114,0.000,13.221,7.789,206.977,0.888,1331667.031
9115,0.000,13.151,7.481,206.339,0.639,958139.081
9116,0.000,15.226,8.365,205.894,0.445,666867.842
9117,0.000,15.268,8.057,205.688,0.293,439756.755
9118,0.944,16.232,8.225,205.483,0.206,308532.647
9119,1.894,15.740,7.663,205.530,0.205,308224.114
9120,0.000,17.183,8.076,205.325,0.261,391415.117
9121,0.000,17.667,7.932,205.120,0.205,307987.516
9122,5.981,16.368,7.011,206.415,0.205,307679.528
9123,11.759,12.897,5.424,209.646,0.535,802655.482
9124,0.025,11.099,4.742,208.462,1.192,1788180.485
9125,0.000,13.147,5.456,207.584,0.878,1317021.889
9126,0.000,16.821,6.741,206.953,0.631,946927.449
9127,0.000,19.289,7.392,206.514,0.439,658334.135
9128,0.000,19.009,6.919,206.307,0.289,433311.620
9129,4.428,16.333,5.651,206.815,0.206,309461.226
9130,13.265,11.950,4.060,209.876,0.363,544798.413
9131,1.268,10.280,3.648,209.235,0.983,1474850.342
9132,4.925,7.012,2.438,209.748,0.789,1183213.644
9133,0.000,4.859,1.705,208.900,0.848,1272406.958
9134,0.366,3.631,1.258,208.387,0.608,912596.785
9135,0.340,1.568,0.539,208.034,0.443,663822.903
9136,0.414,6.064,2.081,207.830,0.312,467399.318
9137,14.676,5.066,1.715,210.967,0.214,320585.320
9138,3.162,4.774,1.730,210.895,0.943,1415174.471
9139,3.852,2.804,1.020,211.086,0.874,1311622.699
9140,0.000,3.845,1.417,210.222,0.863,1295091.035
9141,0.334,4.641,1.693,209.694,0.620,930709.149
9142,1.756,5.799,2.093,209.725,0.451,677122.722
9143,0.000,5.179,1.858,209.319,0.405,607873.567
9144,2.333,4.091,1.448,209.480,0.263,394917.670
9145,2.130,6.396,2.268,209.684,0.291,435758.497
9146,6.378,8.568,3.023,211.057,0.300,450087.116
9147,2.480,10.054,3.590,211.172,0.558,836330.801
9148,0.000,12.593,4.438,210.642,0.530,795478.822
9149,2.187,11.790,4.019,210.848,0.361,541539.924
9150,5.582,10.854,3.632,211.913,0.354,530461.053
9151,1.671,9.274,3.116,211.804,0.536,803271.081
9152,0.329,7.351,2.435,211.428,0.459,688642.237
9153,0.133,5.144,1.674,211.153,0.324,485843.107
9154,0.000,4.309,1.385,210.942,0.211,316729.964
9155,0.000,5.452,1.733,210.731,0.211,316413.234
9156,0.000,7.001,2.193,210.520,0.211,316096.821
9157,0.243,9.290,2.857,210.310,0.211,315780.724
9158,19.570,10.117,3.041,214.114,0.210,315464.943
9159,0.913,10.663,3.540,213.251,1.093,1639809.252
9160,6.555,8.658,2.810,214.016,0.851,1276216.027
9161,2.631,8.362,2.760,213.709,0.967,1449891.215
9162,0.000,10.854,3.561,212.862,0.847,1269930.726
9163,0.000,14.446,4.605,212.254,0.608,911974.887
9164,0.685,16.813,5.158,211.992,0.422,632847.904
9165,19.856,13.018,3.837,216.120,0.312,467881.818
9166,6.133,5.152,1.674,216.465,1.168,1751852.431
9167,1.329,6.501,2.162,215.609,1.192,1787477.474
9168,3.154,8.806,2.902,215.447,0.951,1426823.587
9169,1.984,15.050,4.938,215.078,0.864,1295310.690
9170,0.000,15.257,4.869,214.348,0.730,1095464.570
9171,0.000,14.145,4.335,213.830,0.518,776517.659
9172,0.000,10.382,3.065,213.478,0.352,527817.013
9173,0.000,13.010,3.737,213.265,0.223,333908.376
9174,0.000,14.898,4.134,213.051,0.213,319897.131
9175,0.000,16.360,4.364,212.838,0.213,319577.234
9176,9.719,13.650,3.486,214.056,0.213,319257.657
9177,0.000,13.868,3.699,213.529,0.527,790953.115
9178,0.000,15.475,3.978,213.169,0.359,538965.939
9179,0.000,15.674,3.867,212.956,0.228,342493.920
9180,0.605,15.304,3.622,212.743,0.213,319434.352
9181,0.000,14.212,3.248,212.531,0.213,319114.917
9182,2.994,13.872,3.053,212.366,0.213,318795.802
9183,1.640,13.498,2.951,212.154,0.223,334475.852
9184,7.845,13.201,2.832,212.765,0.212,318231.252
9185,2.713,11.528,2.585,212.832,0.393,589408.492
9186,2.923,6.915,1.545,212.970,0.356,533433.383
9187,0.000,2.847,0.643,212.655,0.334,500969.452
9188,0.000,4.103,0.919,212.443,0.213,318983.210
9189,0.000,5.596,1.240,212.230,0.212,318664.227
9190,0.363,6.794,1.484,212.018,0.212,318345.563
9191,0.000,7.508,1.617,211.806,0.212,318027.217
9192,5.057,5.596,1.182,211.952,0.212,317709.190
9193,0.000,4.661,1.021,211.740,0.290,435280.616
9194,0.000,3.966,0.858,211.528,0.212,317609.949
9195,0.000,8.186,1.754,211.317,0.212,317292.339
9196,0.000,8.553,1.793,211.105,0.211,316975.047
9197,5.207,7.476,1.533,211.251,0.211,316658.072
9198,1.239,7.246,1.539,211.067,0.289,434068.771
9199,0.731,4.103,0.866,210.856,0.217,325574.507
9200,0.000,3.986,0.839,210.646,0.211,316284.611
9201,3.707,3.514,0.732,210.569,0.211,315968.326
9202,0.993,6.170,1.324,210.358,0.240,359786.090
9203,2.260,3.978,0.848,210.148,0.210,315537.313
9204,0.000,1.533,0.331,209.938,0.210,315221.776
9205,1.637,3.467,0.746,209.728,0.210,314906.554
9206,2.262,3.373,0.731,209.518,0.210,314591.648
9207,0.096,4.785,1.052,209.309,0.210,314277.056
9208,2.053,7.348,1.596,209.099,0.209,313962.779
9209,7.067,9.497,2.066,209.603,0.209,313648.816
9210,0.000,3.619,0.823,209.237,0.366,548574.079
9211,0.000,3.401,0.766,209.028,0.232,348683.183
9212,0.179,7.800,1.742,208.819,0.209,313542.164
9213,0.000,3.943,0.864,208.610,0.209,313228.622
9214,0.000,5.924,1.286,208.402,0.209,312915.393
9215,0.000,8.845,1.890,208.193,0.208,312602.478
9216,0.396,6.540,1.365,207.985,0.208,312289.875
9217,15.460,6.677,1.376,209.735,0.208,311977.586
9218,13.428,2.644,0.625,211.500,0.639,957866.255
9219,6.108,1.950,0.514,211.746,0.974,1460655.431
9220,8.570,0.698,0.192,212.557,0.975,1462306.970
9221,0.046,5.054,1.476,211.467,1.100,1650503.594
9222,0.000,9.325,2.688,210.659,0.808,1211417.011
9223,2.002,8.787,2.472,210.509,0.577,865652.840
9224,2.981,6.556,1.829,210.648,0.491,736938.528
9225,0.000,6.131,1.718,210.179,0.469,703754.965
9226,0.469,5.245,1.447,209.964,0.313,469913.964
9227,4.614,5.074,1.385,210.271,0.213,319957.604
9228,9.863,6.755,1.884,212.033,0.323,485240.125
9229,1.838,6.677,1.965,211.785,0.659,988003.950
9230,0.845,3.490,1.022,211.421,0.551,827232.063
9231,2.760,5.051,1.474,211.614,0.419,628432.876
9232,4.865,3.744,1.100,212.289,0.409,613226.515
9233,0.275,1.884,0.566,211.847,0.505,757394.425
9234,0.154,0.792,0.237,211.526,0.355,532946.140
9235,0.000,2.235,0.669,211.315,0.233,348801.942
9236,0.000,0.125,0.037,211.104,0.211,316972.310
9237,0.000,0.000,0.000,210.892,0.211,316655.338
9238,0.000,0.000,0.000,210.682,0.211,316338.682
9239,0.000,2.278,0.678,210.471,0.211,316022.344
9240,0.000,2.188,0.647,210.260,0.210,315706.321
9241,0.000,0.000,0.000,210.050,0.210,315390.615
9242,0.000,0.000,0.000,209.840,0.210,315075.224
9243,0.000,0.000,0.000,209.630,0.210,314760.149
9244,0.000,0.000,0.000,209.421,0.210,314445.389
9245,0.781,0.000,0.000,209.242,0.209,314130.944
9246,3.368,0.000,0.000,209.589,0.216,324108.746
9247,0.000,0.000,0.000,209.274,0.331,496909.230
9248,0.000,0.000,0.000,209.065,0.209,313911.228
9249,8.089,0.000,0.000,211.088,0.209,313597.316
9250,0.000,0.000,0.000,210.388,0.700,1049836.630
9251,1.650,0.000,0.000,210.665,0.493,739656.706
9252,5.240,0.000,0.000,211.860,0.501,751867.996
9253,0.000,0.000,0.000,211.414,0.711,1067158.187
9254,0.000,0.000,0.000,210.853,0.561,840981.893
9255,3.085,0.000,0.000,211.486,0.385,577066.399
9256,15.471,1.938,0.694,217.415,0.472,707278.210
9257,2.192,0.472,0.189,217.786,1.723,2584840.995
9258,0.000,0.000,0.000,216.033,1.752,2628640.683
9259,0.000,0.000,0.000,214.719,1.315,1971755.380
9260,0.000,6.111,2.523,215.850,0.973,1459463.429
9261,0.000,5.515,2.306,214.680,1.169,1754182.652
9262,0.000,0.842,0.347,213.820,0.860,1289913.634
9263,0.000,0.000,0.000,213.202,0.619,927862.149
9264,0.000,0.000,0.000,212.771,0.430,645540.260
9265,0.000,0.000,0.000,212.559,0.284,425407.380
9266,0.000,0.000,0.000,212.346,0.213,318838.138
9267,0.188,0.000,0.000,212.134,0.212,318519.300
9268,3.804,0.000,0.000,212.664,0.212,318200.781
9269,0.000,0.000,0.000,212.289,0.375,562758.131
9270,10.009,1.217,0.509,216.293,0.240,360742.627
9271,5.666,1.540,0.682,217.063,1.140,1709520.269
9272,4.076,0.000,0.000,217.205,1.257,1885567.575
9273,15.700,0.936,0.428,221.442,1.236,1854378.729
9274,0.000,0.000,0.000,219.326,2.116,3174544.803
9275,0.000,0.000,0.000,217.727,1.599,2398221.295
9276,0.000,0.000,0.000,216.532,1.195,1792766.882
9277,0.000,0.000,0.000,215.651,0.880,1320590.285
9278,0.000,0.000,0.000,215.016,0.635,952370.308
9279,0.000,0.000,0.000,214.573,0.443,665236.416
9280,0.000,0.000,0.000,214.359,0.294,441349.592
9281,0.000,0.000,0.000,214.144,0.214,321538.106
9282,0.000,0.000,0.000,213.930,0.214,321216.568
9283,0.000,0.000,0.000,213.716,0.214,320895.352
9284,0.000,0.000,0.000,213.503,0.214,320574.456
9285,0.000,0.000,0.000,213.289,0.214,320253.882
9286,0.000,0.000,0.000,213.076,0.213,319933.628
9287,0.000,0.000,0.000,212.863,0.213,319613.694
9288,0.000,0.000,0.000,212.650,0.213,319294.081
9289,0.000,0.000,0.000,212.437,0.213,318974.787
9290,0.000,0.000,0.000,212.225,0.212,318655.812
9291,0.000,0.000,0.000,212.013,0.212,318337.156
9292,0.000,0.000,0.000,211.801,0.212,318018.819
9293,0.000,0.000,0.000,211.589,0.212,317700.800
9294,0.000,0.000,0.000,211.377,0.212,317383.099
9295,0.000,0.000,0.000,211.166,0.211,317065.716
9296,0.000,0.000,0.000,210.955,0.211,316748.650
9297,0.000,0.000,0.000,210.744,0.211,316431.902
9298,0.000,0.000,0.000,210.533,0.211,316115.470
9299,0.000,0.000,0.000,210.322,0.211,315799.354
9300,0.000,0.000,0.000,210.112,0.210,315483.555
9301,0.000,0.000,0.000,209.902,0.210,315168.071
9302,0.000,0.000,0.000,209.692,0.210,314852.903
9303,0.000,0.000,0.000,209.482,0.210,314538.050
9304,1.061,1.033,0.499,211.408,0.209,314223.512
9305,0.000,0.000,0.000,211.770,0.679,1018419.613
9306,0.000,0.000,0.000,211.064,0.706,1059018.884
9307,0.000,0.000,0.000,210.566,0.498,747034.943
9308,0.000,0.000,0.000,210.234,0.336,503766.468
9309,0.000,0.000,0.000,210.024,0.210,315351.487
9310,0.000,0.000,0.000,209.814,0.210,315036.135
9311,0.000,0.000,0.000,209.604,0.210,314721.099
9312,0.000,0.000,0.000,209.395,0.210,314406.378
9313,0.000,0.000,0.000,209.185,0.209,314091.972
9314,0.000,0.000,0.000,208.976,0.209,313777.880
9315,0.000,0.000,0.000,208.767,0.209,313464.102
9316,0.000,0.000,0.000,208.558,0.209,313150.638
9317,0.000,0.000,0.000,208.350,0.209,312837.487
9318,0.000,0.000,0.000,208.141,0.208,312524.649
9319,0.000,0.000,0.000,207.933,0.208,312212.125
9320,0.000,0.000,0.000,207.725,0.208,311899.913
9321,0.000,0.000,0.000,207.518,0.208,311588.013
9322,0.000,0.000,0.000,207.310,0.208,311276.425
9323,0.000,0.000,0.000,207.103,0.207,310965.148
9324,0.000,0.000,0.000,206.896,0.207,310654.183
9325,0.000,0.000,0.000,206.689,0.207,310343.529
9326,0.000,0.000,0.000,206.482,0.207,310033.185
9327,0.000,0.000,0.000,206.276,0.206,309723.152
9328,0.000,0.000,0.000,206.069,0.206,309413.429
9329,0.000,0.000,0.000,205.863,0.206,309104.016
9330,0.000,0.000,0.000,205.657,0.206,308794.912
9331,0.000,0.000,0.000,205.452,0.206,308486.117
9332,0.000,0.000,0.000,205.246,0.205,308177.631
9333,0.000,0.000,0.000,205.041,0.205,307869.453
9334,0.000,0.000,0.000,204.836,0.205,307561.584
9335,0.000,0.000,0.000,204.631,0.205,307254.022
9336,0.000,0.000,0.000,204.427,0.205,306946.768
9337,0.000,0.000,0.000,204.222,0.204,306639.821
9338,0.000,0.000,0.000,204.018,0.204,306333.181
9339,0.000,0.000,0.000,203.814,0.204,306026.848
9340,0.000,0.000,0.000,203.610,0.204,305720.821
9341,0.000,0.000,0.000,203.406,0.204,305415.101
9342,0.000,0.000,0.000,203.203,0.203,305109.685
9343,0.000,0.000,0.000,203.000,0.203,304804.576
9344,0.000,0.000,0.000,202.797,0.203,304499.771
9345,0.000,0.000,0.000,202.594,0.203,304195.271
9346,0.000,0.000,0.000,202.391,0.203,303891.076
9347,0.000,0.000,0.000,202.189,0.202,303587.185
9348,0.000,0.000,0.000,201.987,0.202,303283.598
9349,0.000,0.000,0.000,201.785,0.202,302980.314
9350,0.000,0.000,0.000,201.583,0.202,302677.334
9351,0.000,0.000,0.000,201.382,0.202,302374.657
9352,0.000,0.000,0.000,201.180,0.201,302072.282
9353,0.000,0.000,0.000,200.979,0.201,301770.210
9354,0.000,0.000,0.000,200.778,0.201,301468.439
9355,0.000,0.000,0.000,200.577,0.201,301166.971
9356,0.000,0.000,0.000,200.377,0.201,300865.804
9357,0.000,0.000,0.000,200.176,0.200,300564.938
9358,0.000,0.000,0.000,199.976,0.200,300264.373
9359,0.000,0.000,0.000,199.776,0.200,299964.109
9360,0.000,0.000,0.000,199.576,0.200,299664.145
9361,0.000,0.000,0.000,199.377,0.200,299364.481
9362,0.000,0.000,0.000,199.177,0.199,299065.116
9363,0.000,0.000,0.000,198.978,0.199,298766.051
9364,0.000,0.000,0.000,198.779,0.199,298467.285
9365,0.000,0.000,0.000,198.580,0.199,298168.818
9366,0.000,0.000,0.000,198.382,0.199,297870.649
9367,0.000,0.000,0.000,198.183,0.198,297572.778
9368,0.000,0.803,0.400,199.597,0.198,297275.205
9369,1.014,0.000,0.000,199.945,0.553,828839.405
9370,3.167,0.000,0.000,200.743,0.574,860939.269
9371,0.092,0.632,0.325,202.064,0.694,1041670.819
9372,1.536,0.000,0.000,202.941,0.930,1394750.187
9373,0.000,0.000,0.000,201.873,1.068,1601778.514
9374,0.000,0.476,0.252,202.986,0.778,1166931.059
9375,0.000,0.924,0.495,204.352,0.968,1451623.611
9376,0.000,0.000,0.000,203.891,1.214,1820258.703
9377,0.000,0.000,0.000,204.289,1.057,1585754.877
9378,0.000,0.000,0.000,203.199,1.090,1635203.699
9379,0.000,0.000,0.000,202.404,0.796,1193414.160
9380,0.000,0.000,0.000,201.838,0.566,848900.365
9381,0.000,0.000,0.000,201.451,0.387,580261.567
9382,0.000,0.000,0.000,201.250,0.247,370805.185
9383,0.000,0.000,0.000,201.048,0.201,301874.351
9384,0.000,0.000,0.000,200.847,0.201,301572.476
9385,0.000,0.000,0.000,200.646,0.201,301270.904
9386,0.000,0.000,0.000,200.446,0.201,300969.633
9387,0.000,0.000,0.000,200.245,0.200,300668.663
9388,0.000,0.000,0.000,200.045,0.200,300367.995
9389,0.000,0.000,0.000,199.845,0.200,300067.627
9390,0.000,0.000,0.000,199.645,0.200,299767.559
9391,0.000,0.000,0.000,199.446,0.200,299467.792
9392,0.000,0.000,0.000,199.246,0.199,299168.324
9393,0.000,0.000,0.000,199.047,0.199,298869.155
9394,0.000,0.000,0.000,198.848,0.199,298570.286
9395,0.000,0.000,0.000,198.649,0.199,298271.716
9396,0.000,0.000,0.000,198.450,0.199,297973.444
9397,0.000,0.000,0.000,198.252,0.198,297675.471
9398,0.000,0.000,0.000,198.867,0.198,297377.795
9399,0.000,0.000,0.000,198.490,0.377,565529.615
9400,0.000,0.000,0.000,198.292,0.239,358348.711
9401,0.000,0.000,0.000,198.093,0.198,297437.653
9402,0.000,0.000,0.000,197.895,0.198,297140.216
9403,0.000,0.000,0.000,197.697,0.198,296843.075
9404,2.112,0.000,0.000,198.481,0.198,296546.232
9405,4.983,0.690,0.387,202.417,0.413,619958.068
9406,0.000,0.000,0.000,201.193,1.224,1836000.823
9407,0.000,0.000,0.000,200.294,0.899,1349217.269
9408,0.000,0.000,0.000,199.647,0.646,969608.961
9409,0.000,0.000,0.000,199.198,0.449,673597.261
9410,0.000,0.000,0.000,198.999,0.295,442790.833
9411,0.000,0.000,0.000,198.800,0.199,298499.020
9412,0.000,0.000,0.000,198.602,0.199,298200.521
9413,0.000,0.000,0.000,198.403,0.199,297902.320
9414,0.000,0.000,0.000,198.205,0.198,297604.418
9415,0.000,0.000,0.000,198.006,0.198,297306.813
9416,0.000,0.000,0.000,197.808,0.198,297009.507
9417,0.000,0.000,0.000,197.611,0.198,296712.497
9418,0.000,0.000,0.000,197.413,0.198,296415.785
9419,0.000,0.000,0.000,197.215,0.197,296119.369
9420,0.000,0.000,0.000,197.018,0.197,295823.249
9421,0.000,0.000,0.000,196.821,0.197,295527.426
9422,0.000,0.000,0.000,196.624,0.197,295231.899
9423,0.000,0.000,0.000,196.428,0.197,294936.667
9424,0.000,0.000,0.000,196.231,0.196,294641.730
9425,0.000,0.000,0.000,197.145,0.196,294347.088
9426,0.146,0.203,0.118,198.569,0.440,660220.502
9427,0.000,0.000,0.000,197.871,0.698,1046796.335
9428,0.000,0.000,0.000,197.382,0.489,733157.119
9429,0.000,0.000,0.000,197.057,0.326,488601.875
9430,0.000,0.000,0.000,196.860,0.199,297932.045
9431,0.000,0.000,0.000,196.663,0.197,295289.389
9432,0.000,0.000,0.000,196.466,0.197,294994.100
9433,0.000,0.000,0.000,196.270,0.196,294699.106
9434,4.789,8.139,4.775,207.736,0.196,294404.407
9435,3.798,9.758,5.982,218.909,2.762,4142633.576
9436,3.620,5.097,3.255,222.967,5.164,7746398.554
9437,0.693,0.000,0.000,217.617,6.001,9002142.555
9438,0.100,0.000,0.000,213.940,4.769,7153527.931
9439,0.000,0.000,0.000,210.035,3.905,5856794.254
9440,4.321,1.876,1.238,213.206,2.990,4485217.768
9441,0.000,0.000,0.000,209.574,3.632,5448730.493
9442,0.000,0.000,0.000,206.796,2.778,4167094.115
9443,0.000,0.000,0.000,204.684,2.112,3167500.656
9444,0.000,0.000,0.000,203.092,1.592,2387900.590
9445,0.000,0.000,0.000,201.905,1.187,1779895.289
9446,3.828,1.061,0.713,206.100,0.870,1305733.821
9447,0.000,0.000,0.000,204.362,1.738,2607499.640
9448,0.000,0.000,0.000,203.061,1.301,1951430.302
9449,0.000,0.000,0.000,202.101,0.960,1439778.637
9450,0.000,0.000,0.000,202.728,0.694,1040772.676
9451,1.207,2.036,1.397,206.917,0.777,1165532.479
9452,4.610,0.000,0.000,207.878,1.644,2465871.642
9453,1.678,1.420,0.994,210.643,1.801,2701021.445
9454,6.559,3.947,2.794,218.685,2.354,3531436.245
9455,5.067,5.530,4.001,226.426,4.069,6103391.101
9456,8.274,3.373,2.489,231.776,5.718,8576264.085
9457,4.793,1.443,1.087,231.682,6.840,10260104.414
9458,6.889,1.123,0.858,232.550,6.765,10147275.621
9459,3.450,1.439,1.116,231.789,6.902,10352357.453
9460,0.000,0.000,0.000,225.109,6.680,10019660.592
9461,0.000,0.000,0.000,219.953,5.156,7733980.891
9462,0.000,0.000,0.000,215.986,3.967,5951232.079
9463,0.000,0.000,0.000,212.945,3.041,4560769.279
9464,0.000,0.000,0.000,210.627,2.318,3476289.486
9465,0.000,0.000,0.000,208.874,1.754,2630476.358
9466,0.083,0.000,0.000,208.832,1.314,1970823.148
9467,0.000,0.000,0.000,207.581,1.251,1876262.335
9468,0.000,0.000,0.000,206.660,0.922,1382698.026
9469,0.000,0.000,0.000,205.994,0.665,997798.651
9470,0.000,0.000,0.000,205.529,0.465,697657.845
9471,0.000,0.000,0.000,205.301,0.309,463628.641
9472,0.000,0.000,0.000,205.096,0.205,307952.194
9473,0.965,0.000,0.000,205.242,0.205,307644.242
9474,0.000,0.000,0.000,205.037,0.282,423159.626
9475,0.000,0.000,0.000,204.832,0.205,307555.729
9476,2.565,0.952,0.749,209.204,0.205,307248.173
9477,0.000,0.000,0.000,207.992,1.211,1817168.391
9478,0.000,0.000,0.000,207.101,0.891,1336786.408
9479,0.000,0.000,0.000,206.460,0.641,962169.066
9480,0.000,0.296,0.235,208.610,0.447,670048.063
9481,1.072,0.000,0.000,208.841,0.866,1299191.774
9482,0.000,0.000,0.000,207.977,0.863,1295134.442
9483,0.000,0.000,0.000,207.357,0.620,930002.147
9484,0.000,0.000,0.000,206.927,0.430,645279.160
9485,0.000,0.000,0.000,206.720,0.282,423275.352
9486,0.000,0.000,0.000,206.514,0.207,310080.693
9487,0.000,0.000,0.000,206.307,0.207,309770.613
9488,0.000,0.000,0.000,206.101,0.206,309460.842
9489,0.000,0.000,0.000,205.895,0.206,309151.381
9490,0.000,0.000,0.000,205.689,0.206,308842.230
9491,0.000,0.000,0.000,205.483,0.206,308533.388
9492,0.000,0.000,0.000,205.278,0.205,308224.854
9493,0.000,0.000,0.000,205.072,0.205,307916.629
9494,0.000,0.000,0.000,204.867,0.205,307608.713
9495,0.000,0.000,0.000,204.663,0.205,307301.104
9496,0.000,0.000,0.000,204.458,0.205,306993.803
9497,0.000,0.000,0.000,204.253,0.204,306686.809
9498,0.000,0.000,0.000,204.049,0.204,306380.122
9499,0.000,0.000,0.000,203.845,0.204,306073.742
9500,0.000,0.000,0.000,203.641,0.204,305767.668
9501,0.000,0.000,0.000,203.438,0.204,305461.901
9502,0.000,0.000,0.000,203.234,0.203,305156.439
9503,1.114,0.000,0.000,203.356,0.203,304851.282
9504,0.000,1.915,1.533,207.850,0.275,411857.331
9505,0.000,4.532,3.646,215.228,1.237,1854752.796
9506,0.000,0.000,0.000,212.422,2.805,4208216.095
9507,0.000,0.000,0.000,210.288,2.134,3201400.439
9508,0.000,0.000,0.000,208.677,1.611,2416165.235
9509,0.000,0.000,0.000,207.475,1.203,1803762.704
9510,0.000,0.000,0.000,206.590,0.884,1326169.576
9511,0.000,0.000,0.000,205.955,0.636,953727.701
9512,0.000,0.000,0.000,205.512,0.442,663303.723
9513,0.000,0.000,0.000,205.307,0.291,436853.624
9514,0.000,0.000,0.000,205.102,0.205,307960.942
9515,0.000,0.000,0.000,204.897,0.205,307652.981
9516,0.000,0.000,0.000,204.692,0.205,307345.328
9517,0.000,0.000,0.000,204.487,0.205,307037.983
9518,0.000,0.000,0.000,204.283,0.204,306730.945
9519,0.000,0.000,0.000,204.079,0.204,306424.214
9520,0.000,0.000,0.000,203.874,0.204,306117.790
9521,0.000,0.000,0.000,203.671,0.204,305811.672
9522,0.000,0.000,0.000,203.467,0.204,305505.860
9523,0.000,0.000,0.000,203.263,0.203,305200.354
9524,0.000,0.000,0.000,203.060,0.203,304895.154
9525,0.000,0.000,0.000,202.857,0.203,304590.259
9526,0.000,0.000,0.000,202.654,0.203,304285.669
9527,0.000,0.000,0.000,202.452,0.203,303981.383
9528,0.000,0.000,0.000,202.249,0.202,303677.401
9529,0.000,0.000,0.000,202.047,0.202,303373.724
9530,4.647,0.000,0.000,205.721,0.202,303070.350
9531,10.546,3.034,2.476,217.853,1.055,1581947.508
9532,0.000,0.000,0.000,214.183,3.669,5503848.063
9533,0.000,0.000,0.000,211.376,2.808,4211564.043
9534,0.000,0.000,0.000,209.240,2.136,3203663.944
9535,0.000,0.000,0.000,207.628,1.612,2417583.223
9536,0.058,0.000,0.000,207.537,1.203,1804521.535
9537,0.000,0.000,0.000,206.408,1.129,1693178.254
9538,0.000,0.000,0.000,205.581,0.826,1239647.965
9539,0.000,0.000,0.000,204.991,0.591,885975.371
9540,0.000,0.000,0.000,204.914,0.407,610191.697
9541,0.000,0.000,0.000,204.681,0.336,504167.177
9542,0.000,0.000,0.000,204.476,0.231,346393.072
9543,0.000,0.000,0.000,204.272,0.204,306714.367
9544,0.000,0.000,0.000,204.067,0.204,306407.653
9545,0.000,0.000,0.000,203.863,0.204,306101.245
9546,0.000,0.000,0.000,203.660,0.204,305795.144
9547,0.000,0.000,0.000,203.456,0.204,305489.349
9548,0.000,0.000,0.000,203.252,0.203,305183.859
9549,0.000,0.000,0.000,203.049,0.203,304878.676
9550,0.000,0.000,0.000,202.846,0.203,304573.797
9551,0.000,0.000,0.000,202.643,0.203,304269.223
9552,0.000,0.000,0.000,202.441,0.203,303964.954
9553,0.000,0.000,0.000,202.238,0.202,303660.989
9554,0.000,0.000,0.000,202.036,0.202,303357.328
9555,0.000,0.000,0.000,201.834,0.202,303053.971
9556,0.000,0.000,0.000,201.632,0.202,302750.917
9557,0.000,0.000,0.000,201.430,0.202,302448.166
9558,0.000,0.000,0.000,201.229,0.201,302145.718
9559,0.000,0.000,0.000,201.028,0.201,301843.572
9560,0.000,0.000,0.000,200.827,0.201,301541.728
9561,0.000,0.000,0.000,200.626,0.201,301240.187
9562,0.000,0.000,0.000,200.425,0.201,300938.946
9563,0.000,0.000,0.000,200.225,0.200,300638.007
9564,0.000,0.000,0.000,200.025,0.200,300337.369
9565,0.000,0.000,0.000,199.825,0.200,300037.032
9566,0.000,0.000,0.000,199.625,0.200,299736.995
9567,0.000,0.000,0.000,199.425,0.200,299437.258
9568,0.000,0.000,0.000,199.226,0.199,299137.821
9569,0.000,0.000,0.000,199.027,0.199,298838.683
9570,0.000,0.000,0.000,198.828,0.199,298539.844
9571,0.000,0.000,0.000,198.629,0.199,298241.304
9572,0.000,0.000,0.000,198.430,0.199,297943.063
9573,0.000,0.000,0.000,198.232,0.198,297645.120
9574,0.000,0.000,0.000,198.033,0.198,297347.475
9575,0.000,0.000,0.000,197.835,0.198,297050.127
9576,0.000,0.000,0.000,197.638,0.198,296753.077
9577,0.000,0.000,0.000,197.440,0.198,296456.324
9578,0.000,0.000,0.000,197.242,0.197,296159.868
9579,0.000,0.000,0.000,197.045,0.197,295863.708
9580,0.000,0.000,0.000,196.848,0.197,295567.844
9581,0.000,0.000,0.000,196.651,0.197,295272.276
9582,0.000,0.000,0.000,196.455,0.197,294977.004
9583,0.000,0.000,0.000,196.258,0.196,294682.027
9584,0.000,0.000,0.000,196.062,0.196,294387.345
9585,0.000,0.000,0.000,195.866,0.196,294092.958
9586,0.000,0.000,0.000,195.670,0.196,293798.865
9587,0.000,0.000,0.000,195.474,0.196,293505.066
9588,0.000,0.000,0.000,195.279,0.195,293211.561
9589,0.000,0.000,0.000,195.084,0.195,292918.349
9590,0.000,0.000,0.000,194.889,0.195,292625.431
9591,0.000,0.000,0.000,194.694,0.195,292332.806
9592,0.000,0.000,0.000,194.499,0.195,292040.473
9593,0.000,0.000,0.000,194.304,0.194,291748.432
9594,0.000,0.000,0.000,194.110,0.194,291456.684
9595,0.000,0.000,0.000,193.916,0.194,291165.227
9596,0.000,0.000,0.000,194.116,0.194,290874.062
9597,0.000,0.000,0.000,194.253,0.280,420453.268
9598,0.000,0.000,0.000,194.059,0.267,400029.813
9599,0.000,0.000,0.000,193.865,0.194,291088.163
9600,0.000,0.000,0.000,193.671,0.194,290797.074
9601,0.000,2.796,2.334,199.424,0.194,290506.277
9602,0.000,2.890,2.422,204.481,1.502,2252509.373
9603,0.000,0.000,0.000,201.923,2.558,3837348.896
9604,1.502,0.948,0.797,204.668,1.939,2908948.660
9605,0.000,0.000,0.000,202.181,2.487,3730708.142
9606,0.000,0.000,0.000,200.297,1.884,2825937.155
9607,0.000,0.000,0.000,198.884,1.414,2120299.801
9608,0.000,0.000,0.000,197.837,1.047,1569986.595
9609,0.000,0.000,0.000,197.076,0.761,1140826.142
9610,0.000,0.000,0.000,196.539,0.537,806164.752
9611,0.000,0.000,0.000,196.175,0.363,545212.548
9612,0.000,0.000,0.000,195.979,0.228,341753.424
9613,0.000,0.000,0.000,195.783,0.196,293969.148
9614,0.000,0.000,0.000,195.588,0.196,293675.179
9615,0.000,0.000,0.000,195.392,0.196,293381.504
9616,0.000,0.000,0.000,195.197,0.195,293088.122
9617,0.000,0.000,0.000,195.001,0.195,292795.034
9618,0.000,0.000,0.000,194.806,0.195,292502.239
9619,0.000,0.000,0.000,194.612,0.195,292209.737
9620,0.000,0.000,0.000,194.417,0.195,291917.527
9621,0.000,0.000,0.000,194.223,0.194,291625.610
9622,0.000,0.000,0.000,194.028,0.194,291333.984
9623,0.000,0.000,0.000,193.834,0.194,291042.650
9624,0.000,0.000,0.000,194.905,0.194,290751.607
9625,0.000,1.424,1.207,198.890,0.472,707832.385
9626,0.000,2.332,1.985,203.429,1.292,1938425.142
9627,0.000,2.258,1.929,206.934,2.235,3352148.279
9628,0.000,3.245,2.781,211.229,2.950,4424881.716
9629,0.000,4.820,4.144,217.036,3.839,5758248.420
9630,0.000,3.748,3.230,220.023,5.061,7590794.355
9631,0.000,1.162,1.004,218.506,5.662,8492660.651
9632,0.000,0.928,0.805,217.035,5.272,7908164.517
9633,0.000,1.030,0.896,216.112,4.893,7339318.821
9634,0.000,0.000,0.000,211.478,4.634,6951064.969
9635,0.000,0.000,0.000,207.919,3.559,5338371.505
9636,0.000,0.000,0.000,205.198,2.720,4080554.063
9637,0.000,0.000,0.000,203.132,2.066,3099539.833
9638,0.000,0.000,0.000,201.713,1.556,2334432.027
9639,0.000,0.363,0.317,203.485,1.189,1783117.656
9640,0.000,0.000,0.000,202.550,1.523,2284781.217
9641,0.000,0.000,0.000,201.288,1.262,1893261.160
9642,0.000,0.000,0.000,200.359,0.929,1393866.999
9643,0.000,1.096,0.961,203.792,0.670,1004422.430
9644,0.915,4.001,3.519,211.643,1.370,2054601.798
9645,0.000,0.000,0.000,208.601,3.042,4562967.023
9646,0.000,0.000,0.000,206.882,2.318,3476568.582
9647,0.000,4.087,3.607,205.347,1.884,2826659.671
9648,3.348,3.011,2.630,206.099,1.492,2237848.489
9649,2.004,1.802,1.567,205.832,1.602,2403556.345
9650,0.000,0.975,0.846,204.343,1.489,2233516.575
9651,1.114,1.174,1.016,203.976,1.107,1660009.136
9652,0.000,0.569,0.492,203.005,0.971,1456714.602
9653,0.000,1.424,1.227,202.302,0.703,1054267.783
9654,0.000,2.254,1.936,201.808,0.494,740441.233
9655,0.000,4.699,4.013,201.478,0.330,495738.412
9656,0.088,5.355,4.517,201.277,0.203,304952.018
9657,0.000,5.772,4.801,201.075,0.201,301914.759
9658,10.061,7.324,6.001,206.742,0.201,301612.845
9659,5.226,3.764,3.061,208.509,1.492,2237858.151
9660,1.864,5.616,4.552,207.841,1.826,2738819.712
9661,5.638,5.171,4.140,209.675,1.624,2436616.797
9662,9.113,4.068,3.236,213.256,1.973,2960242.865
9663,0.121,4.419,3.519,210.623,2.707,4060416.158
9664,0.000,2.523,1.987,208.549,2.073,3109994.435
9665,0.000,0.706,0.552,206.987,1.563,2344366.191
9666,0.817,2.523,1.970,206.311,1.165,1747257.590
9667,6.090,0.000,0.000,208.971,0.962,1442911.415
9668,2.504,1.895,1.484,208.980,1.493,2239675.567
9669,7.951,4.009,3.134,212.299,1.441,2161420.031
9670,10.602,4.953,3.872,216.531,2.117,3175911.361
9671,7.949,3.405,2.665,218.304,2.994,4491548.718
9672,0.000,5.386,4.223,214.973,3.330,4995510.755
9673,0.000,6.579,5.086,212.429,2.544,3815718.081
9674,0.000,6.232,4.736,210.499,1.930,2895560.575
9675,0.000,10.627,7.944,209.047,1.452,2177918.420
9676,2.033,11.392,8.280,209.100,1.079,1618238.158
9677,5.220,7.753,5.487,210.890,1.037,1555130.703
9678,0.000,10.542,7.375,209.513,1.377,2065603.758
9679,0.000,11.240,7.648,208.493,1.021,1530874.095
9680,0.960,8.506,5.618,208.235,0.743,1113865.254
9681,0.413,6.630,4.291,207.807,0.632,948723.022
9682,0.000,5.265,3.351,207.322,0.485,727423.081
9683,0.000,6.092,3.824,207.028,0.325,487413.873
9684,2.239,7.995,4.940,207.429,0.207,310542.199
9685,0.000,8.709,5.296,207.088,0.340,510705.852
9686,3.192,9.017,5.359,207.899,0.212,318466.298
9687,0.000,5.577,3.262,207.468,0.431,646211.147
9688,0.000,6.474,3.732,207.261,0.283,424180.126
9689,0.732,10.144,5.748,207.054,0.207,310891.474
9690,0.549,8.373,4.629,206.847,0.207,310580.583
9691,0.000,8.171,4.425,206.640,0.207,310270.002
9692,0.000,12.749,6.758,206.433,0.207,309959.732
9693,0.000,17.355,8.895,206.227,0.206,309649.772
9694,3.371,14.836,7.260,206.829,0.206,309340.123
9695,5.305,14.231,6.774,208.370,0.384,575689.655
9696,24.167,14.005,6.542,216.305,0.669,1004083.374
9697,12.923,10.343,5.074,218.778,2.362,3542641.555
9698,0.000,13.646,6.802,215.925,2.852,4278667.520
9699,0.000,16.087,7.734,213.754,2.172,3257453.608
9700,12.754,14.625,6.737,216.590,1.641,2460986.664
9701,8.599,10.787,5.012,217.423,2.211,3317228.849
9702,1.531,9.208,4.291,215.625,2.342,3512584.626
9703,5.759,6.622,3.029,215.740,1.893,2839715.549
9704,0.901,6.154,2.827,214.190,1.865,2797897.495
9705,4.596,4.465,2.025,214.307,1.471,2207061.876
9706,2.108,7.320,3.338,213.595,1.444,2166198.468
9707,1.564,7.726,3.484,212.898,1.235,1852136.620
9708,0.000,5.706,2.537,211.869,1.029,1542850.548
9709,0.087,8.865,3.882,211.149,0.750,1124311.854
9710,0.000,11.801,5.051,210.610,0.538,807547.481
9711,1.051,12.741,5.286,210.575,0.367,550933.606
9712,0.663,8.155,3.286,210.461,0.307,460356.851
9713,0.000,5.920,2.342,210.251,0.232,347376.436
9714,0.000,5.448,2.122,210.041,0.210,315376.455
9715,0.112,6.575,2.525,209.831,0.210,315061.078
9716,0.485,7.691,2.904,209.621,0.210,314746.017
9717,0.000,9.976,3.701,209.411,0.210,314431.271
9718,0.000,13.549,4.896,209.202,0.209,314116.840
9719,7.811,17.098,5.961,210.612,0.209,313802.723
9720,0.000,15.460,5.381,210.047,0.565,847882.445
9721,0.000,11.868,3.964,209.659,0.388,582177.380
9722,3.843,12.289,3.978,210.087,0.250,375006.601
9723,3.759,11.641,3.736,210.654,0.350,524827.769
9724,5.606,12.028,3.832,211.588,0.422,632638.962
9725,0.728,8.436,2.697,211.190,0.575,862022.449
9726,0.000,7.539,2.368,210.756,0.435,651862.690
9727,0.000,8.845,2.724,210.545,0.286,429668.767
9728,0.000,12.460,3.749,210.335,0.211,315817.664
9729,0.000,12.679,3.691,210.124,0.210,315501.846
9730,10.373,11.232,3.162,211.678,0.210,315186.344
9731,0.104,7.082,2.086,211.104,0.598,897117.789
9732,7.796,5.854,1.693,212.395,0.419,628526.935
9733,6.043,12.316,3.704,213.124,0.651,975989.949
9734,2.789,10.261,3.111,213.007,0.758,1137643.649
9735,0.000,6.439,1.936,212.327,0.680,1020481.095
9736,0.000,5.039,1.490,211.848,0.478,717422.037
9737,1.604,5.963,1.740,211.882,0.321,481114.526
9738,0.404,10.440,3.033,211.671,0.276,414006.517
9739,0.283,10.924,3.096,211.459,0.212,317506.316
9740,0.216,13.829,3.816,211.248,0.211,317188.810
9741,0.000,12.613,3.361,211.036,0.211,316871.621
9742,0.000,13.888,3.579,210.825,0.211,316554.750
9743,0.000,13.939,3.463,210.615,0.211,316238.195
9744,0.063,15.779,3.778,210.404,0.211,315921.957
9745,5.774,14.594,3.352,210.747,0.210,315606.035
9746,13.012,14.531,3.392,212.714,0.332,498054.504
9747,10.972,9.964,2.516,214.100,0.712,1068322.038
9748,2.074,10.339,2.781,213.559,0.965,1447003.343
9749,4.668,12.554,3.340,213.707,0.793,1189623.529
9750,0.000,12.542,3.350,212.933,0.773,1160009.759
9751,2.333,6.844,1.768,212.839,0.551,826345.850
9752,0.000,5.772,1.493,212.361,0.478,716839.501
9753,0.000,8.323,2.120,212.105,0.321,480829.893
9754,0.000,11.053,2.755,211.893,0.212,318158.053
9755,0.000,15.233,3.687,211.681,0.212,317839.895
9756,8.310,13.096,3.044,212.482,0.212,317522.056
9757,0.000,9.493,2.301,212.048,0.434,651231.784
9758,0.000,7.753,1.833,211.836,0.286,429603.585
9759,0.000,8.514,1.972,211.624,0.212,317754.045
9760,0.000,6.778,1.535,211.413,0.212,317436.291
9761,0.000,7.862,1.749,211.201,0.211,317118.855
9762,0.000,8.716,1.900,210.990,0.211,316801.736
9763,0.267,7.238,1.542,210.779,0.211,316484.934
9764,0.000,8.486,1.778,210.568,0.211,316168.449
9765,0.000,8.908,1.826,210.358,0.211,315852.281
9766,0.000,8.919,1.786,210.147,0.210,315536.428
9767,0.000,7.546,1.476,209.937,0.210,315220.892
9768,0.000,7.574,1.452,209.727,0.210,314905.671
9769,0.000,6.291,1.182,209.517,0.210,314590.765
9770,0.000,5.008,0.926,209.308,0.210,314276.175
9771,0.000,4.933,0.900,209.099,0.209,313961.899
9772,0.000,5.881,1.059,208.890,0.209,313647.937
9773,23.667,5.893,1.045,211.399,0.209,313334.289
9774,10.937,6.665,1.519,212.479,0.807,1210028.493
9775,0.408,5.608,1.388,211.564,0.991,1487124.101
9776,0.895,4.329,1.060,210.992,0.737,1106023.596
9777,0.578,5.101,1.244,210.540,0.559,838338.684
9778,0.000,4.306,1.042,210.134,0.407,610116.568
9779,0.000,3.416,0.817,209.924,0.265,396934.130
9780,0.000,1.775,0.421,209.714,0.210,314885.619
9781,0.000,0.070,0.017,209.504,0.210,314570.734
9782,0.000,3.229,0.762,209.295,0.210,314256.163
9783,4.215,5.035,1.178,209.382,0.209,313941.907
9784,4.783,5.261,1.262,209.823,0.274,411460.613
9785,0.000,3.194,0.788,209.471,0.352,528300.854
9786,5.168,0.764,0.187,209.814,0.222,332962.894
9787,19.757,1.494,0.381,213.303,0.331,496219.117
9788,6.738,3.596,1.063,213.769,1.046,1568745.086
9789,3.685,3.377,1.035,213.531,1.096,1643471.505
9790,0.000,1.966,0.612,212.540,0.991,1485874.416
9791,1.798,1.345,0.417,212.243,0.720,1080136.360
9792,8.974,3.822,1.193,213.767,0.602,903183.512
9793,1.151,3.256,1.064,213.168,0.885,1327465.051
9794,0.000,2.558,0.835,212.467,0.701,1051130.929
9795,4.654,4.040,1.310,213.118,0.494,741351.349
9796,7.209,2.593,0.856,214.339,0.585,877863.495
9797,4.354,1.505,0.514,214.668,0.802,1202391.150
9798,4.154,2.055,0.717,214.947,0.822,1232557.825
9799,0.000,0.000,0.000,214.116,0.831,1246452.668
9800,0.000,1.435,0.509,213.520,0.596,894094.175
9801,1.144,2.886,1.020,213.415,0.413,619332.690
9802,0.075,0.000,0.000,213.097,0.338,506510.012
9803,0.309,0.835,0.295,212.884,0.216,323845.703
9804,0.000,1.989,0.702,212.671,0.213,319325.952
9805,7.698,0.000,0.000,214.063,0.213,319006.626
9806,1.022,0.363,0.133,213.782,0.565,848170.829
9807,2.433,0.000,0.000,214.010,0.452,677360.708
9808,0.000,0.121,0.045,213.560,0.450,674672.518
9809,0.000,0.000,0.000,213.347,0.299,448368.140
9810,0.000,0.000,0.000,213.134,0.213,320020.335
9811,0.000,0.000,0.000,212.920,0.213,319700.315
9812,0.000,0.000,0.000,212.707,0.213,319380.615
9813,0.000,0.000,0.000,212.495,0.213,319061.234
9814,0.046,0.000,0.000,212.282,0.212,318742.173
9815,1.432,0.000,0.000,212.070,0.212,318423.431
9816,0.894,0.963,0.361,211.858,0.212,318105.007
9817,2.048,1.330,0.499,211.781,0.212,317786.902
9818,0.000,3.385,1.279,211.569,0.241,361905.450
9819,2.745,3.962,1.484,211.689,0.212,317353.630
9820,0.438,4.294,1.614,211.478,0.284,426511.593
9821,0.000,0.897,0.334,211.266,0.211,317216.855
9822,0.000,2.332,0.866,211.055,0.211,316899.638
9823,4.217,1.057,0.390,211.578,0.211,316582.738
9824,3.234,2.434,0.915,212.131,0.372,558525.672
9825,10.136,0.000,0.000,214.617,0.442,662383.335
9826,10.744,1.462,0.583,216.939,0.936,1404369.111
9827,3.066,0.000,0.000,216.517,1.395,2092234.277
9828,0.000,0.000,0.000,215.267,1.250,1874442.845
9829,0.000,0.000,0.000,214.345,0.923,1383816.487
9830,0.000,0.000,0.000,213.677,0.667,1001206.176
9831,3.677,0.000,0.000,214.909,0.469,702848.305
9832,6.662,0.320,0.138,217.830,0.688,1031401.148
9833,4.526,5.928,2.668,218.859,1.278,1917291.936
9834,0.000,2.984,1.357,217.407,1.453,2179214.891
9835,0.000,0.000,0.000,216.325,1.081,1622007.004
9836,0.000,0.000,0.000,215.534,0.792,1187462.633
9837,0.000,0.000,0.000,214.968,0.566,848595.727
9838,0.000,0.000,0.000,214.578,0.390,584357.165
9839,0.000,0.000,0.000,214.364,0.252,378328.634
9840,0.000,0.000,0.000,214.150,0.214,321545.863
9841,0.000,0.000,0.000,213.935,0.214,321224.317
9842,0.000,0.000,0.000,213.721,0.214,320903.093
9843,0.000,0.000,0.000,213.508,0.214,320582.189
9844,0.000,0.000,0.000,213.294,0.214,320261.607
9845,0.000,0.000,0.000,213.081,0.213,319941.346
9846,0.000,0.000,0.000,212.868,0.213,319621.404
9847,0.000,0.000,0.000,212.655,0.213,319301.783
9848,0.000,0.000,0.000,212.442,0.213,318982.481
9849,0.000,0.000,0.000,212.230,0.212,318663.499
9850,0.000,0.000,0.000,212.018,0.212,318344.835
9851,0.000,0.000,0.000,211.806,0.212,318026.490
9852,0.000,0.000,0.000,211.594,0.212,317708.464
9853,0.000,0.000,0.000,211.382,0.212,317390.755
9854,0.000,0.000,0.000,211.171,0.211,317073.365
9855,0.000,0.000,0.000,210.960,0.211,316756.291
9856,0.000,0.000,0.000,210.749,0.211,316439.535
9857,0.000,0.000,0.000,210.538,0.211,316123.095
9858,0.000,0.000,0.000,210.327,0.211,315806.972
9859,0.000,0.000,0.000,210.117,0.210,315491.165
9860,0.000,0.000,0.000,209.907,0.210,315175.674
9861,0.000,0.000,0.000,209.697,0.210,314860.498
9862,0.000,0.000,0.000,209.487,0.210,314545.638
9863,0.000,0.000,0.000,209.278,0.209,314231.092
9864,0.000,0.000,0.000,209.069,0.209,313916.861
9865,0.000,0.000,0.000,208.860,0.209,313602.944
9866,0.000,0.000,0.000,208.651,0.209,313289.341
9867,0.000,0.000,0.000,208.442,0.209,312976.052
9868,0.000,0.000,0.000,208.234,0.208,312663.076
9869,0.000,0.000,0.000,208.025,0.208,312350.413
9870,0.000,0.000,0.000,207.817,0.208,312038.063
9871,0.000,0.000,0.000,207.610,0.208,311726.024
9872,0.000,0.000,0.000,207.402,0.208,311414.298
9873,0.000,0.000,0.000,207.195,0.207,311102.884
9874,0.000,0.000,0.000,206.987,0.207,310791.781
9875,0.000,0.000,0.000,206.780,0.207,310480.989
9876,0.000,0.000,0.000,206.574,0.207,310170.509
9877,0.000,0.000,0.000,206.367,0.207,309860.338
9878,0.000,0.000,0.000,206.161,0.206,309550.478
9879,0.000,0.000,0.000,205.954,0.206,309240.927
9880,0.000,0.000,0.000,205.749,0.206,308931.686
9881,0.000,0.000,0.000,205.543,0.206,308622.755
9882,0.000,0.000,0.000,205.337,0.206,308314.132
9883,0.000,0.000,0.000,205.132,0.205,308005.818
9884,0.000,0.000,0.000,204.927,0.205,307697.812
9885,0.000,0.000,0.000,204.722,0.205,307390.114
9886,0.000,0.000,0.000,204.517,0.205,307082.724
9887,0.000,0.000,0.000,204.313,0.205,306775.641
9888,0.000,0.000,0.000,204.108,0.204,306468.866
9889,0.000,0.000,0.000,203.904,0.204,306162.397
9890,0.000,0.000,0.000,203.700,0.204,305856.234
9891,0.000,0.000,0.000,203.497,0.204,305550.378
9892,0.000,0.000,0.000,203.293,0.203,305244.828
9893,0.000,0.000,0.000,203.090,0.203,304939.583
9894,0.000,0.000,0.000,202.887,0.203,304634.643
9895,0.000,0.000,0.000,202.684,0.203,304330.009
9896,0.000,0.000,0.000,202.481,0.203,304025.679
9897,0.000,0.000,0.000,202.279,0.202,303721.653
9898,0.000,0.000,0.000,202.076,0.202,303417.931
9899,0.000,0.000,0.000,201.874,0.202,303114.513
9900,0.000,0.000,0.000,201.672,0.202,302811.399
9901,0.000,0.000,0.000,201.471,0.202,302508.587
9902,0.000,0.000,0.000,201.269,0.201,302206.079
9903,0.000,0.000,0.000,201.068,0.201,301903.873
9904,0.000,0.000,0.000,200.867,0.201,301601.969
9905,0.000,0.000,0.000,200.666,0.201,301300.367
9906,0.000,0.000,0.000,200.465,0.201,300999.067
9907,1.849,0.000,0.000,200.862,0.200,300698.068
9908,0.141,0.000,0.000,200.791,0.332,497407.890
9909,0.000,0.000,0.000,200.590,0.261,391878.170
9910,0.000,0.000,0.000,200.390,0.201,300885.319
9911,0.000,0.000,0.000,200.189,0.200,300584.434
9912,0.000,0.000,0.000,199.989,0.200,300283.849
9913,0.000,0.000,0.000,199.789,0.200,299983.566
9914,0.000,0.000,0.000,199.589,0.200,299683.582
9915,0.000,0.000,0.000,199.390,0.200,299383.898
9916,0.000,0.000,0.000,199.190,0.199,299084.515
9917,0.000,0.000,0.000,198.991,0.199,298785.430
9918,0.000,0.000,0.000,198.792,0.199,298486.645
9919,0.000,0.000,0.000,198.593,0.199,298188.158
9920,0.000,0.000,0.000,198.395,0.199,297889.970
9921,0.000,0.000,0.000,198.196,0.198,297592.080
9922,0.000,0.000,0.000,197.998,0.198,297294.488
9923,0.000,0.000,0.000,197.800,0.198,296997.193
9924,0.000,0.000,0.000,197.602,0.198,296700.196
9925,0.000,0.000,0.000,197.405,0.198,296403.496
9926,0.000,1.431,0.655,199.153,0.197,296107.092
9927,0.000,0.000,0.000,199.422,0.625,937839.192
9928,0.000,0.000,0.000,198.793,0.629,943674.987
9929,0.000,0.000,0.000,198.358,0.435,653107.138
9930,0.000,0.000,0.000,198.160,0.284,426547.175
9931,0.000,0.000,0.000,198.414,0.198,297239.558
9932,0.000,2.168,1.032,201.222,0.298,446325.603
9933,0.000,1.307,0.637,202.809,0.860,1289993.347
9934,0.000,2.293,1.139,205.004,1.154,1731004.967
9935,1.464,1.677,0.852,206.869,1.582,2372754.564
9936,7.831,0.000,0.000,208.084,1.937,2905656.063
9937,0.000,0.000,0.000,205.934,2.149,3224166.548
9938,0.000,0.000,0.000,204.313,1.622,2432468.421
9939,0.000,0.000,0.000,203.103,1.210,1815026.264
9940,0.000,0.000,0.000,202.214,0.889,1333503.680
9941,0.000,0.000,0.000,201.575,0.639,957998.281
9942,0.000,0.000,0.000,201.132,0.443,665186.205
9943,0.000,0.000,0.000,200.931,0.291,436874.838
9944,0.000,0.000,0.000,200.730,0.201,301396.390
9945,0.000,0.000,0.000,200.529,0.201,301094.993
9946,0.000,0.000,0.000,200.329,0.201,300793.898
9947,0.000,0.000,0.000,200.128,0.200,300493.104
9948,0.000,0.000,0.000,199.928,0.200,300192.611
9949,0.000,0.000,0.000,199.728,0.200,299892.419
9950,0.000,0.000,0.000,199.529,0.200,299592.526
9951,0.000,0.944,0.503,201.219,0.200,299292.934
9952,3.723,2.145,1.159,205.648,0.615,922591.739
9953,0.000,3.393,1.887,208.938,1.535,2301864.508
9954,0.000,3.654,2.077,211.925,2.204,3305409.331
9955,0.000,4.793,2.782,215.579,2.806,4208964.172
9956,0.000,5.308,3.155,219.175,3.555,5332664.086
9957,0.000,4.883,2.971,221.754,4.292,6437349.908
9958,0.000,4.992,3.102,224.086,4.804,7206479.852
9959,0.000,1.076,0.682,221.758,5.263,7894001.107
9960,0.000,0.000,0.000,217.062,4.696,7043975.387
9961,0.000,0.495,0.317,215.766,3.608,5412611.871
9962,0.000,4.567,2.948,219.434,3.269,4903474.933
9963,0.000,5.487,3.602,223.525,4.021,6032247.236
9964,0.000,6.373,4.257,220.133,4.867,7300861.900
9965,10.217,7.234,4.779,221.229,4.067,6100281.554
9966,0.150,3.459,2.288,217.051,4.254,6380433.671
9967,0.000,3.272,2.145,213.770,3.280,4920551.910
9968,0.000,1.018,0.662,211.266,2.505,3756911.669
9969,0.000,0.039,0.025,209.366,1.900,2849353.400
9970,0.680,2.761,1.790,208.276,1.428,2141538.988
9971,0.000,0.000,0.000,207.142,1.134,1700801.712
9972,0.000,0.530,0.342,206.311,0.831,1245830.504
9973,0.000,7.164,4.610,205.717,0.594,891033.756
9974,0.000,5.101,3.222,205.308,0.410,614373.007
9975,0.000,0.312,0.194,205.103,0.266,398658.256
9976,0.000,2.695,1.678,204.898,0.205,307653.913
9977,0.000,5.947,3.677,204.693,0.205,307346.259
9978,0.000,7.578,4.613,204.488,0.205,307038.913
9979,0.000,8.482,5.062,204.283,0.204,306731.874
9980,0.000,6.295,3.673,204.079,0.204,306425.142
9981,0.000,7.215,4.141,203.875,0.204,306118.717
9982,0.000,7.172,4.039,203.671,0.204,305812.598
9983,0.000,8.592,4.749,203.468,0.204,305506.786
9984,0.000,10.452,5.648,203.264,0.203,305201.279
9985,0.000,11.138,5.855,203.061,0.203,304896.078
9986,0.000,9.984,5.096,202.858,0.203,304591.182
9987,0.000,13.389,6.656,202.655,0.203,304286.591
9988,0.000,14.980,7.188,202.452,0.203,303982.304
9989,0.000,15.588,7.188,202.250,0.202,303678.322
9990,2.948,15.362,6.797,202.591,0.202,303374.643
9991,0.324,14.633,6.290,202.376,0.322,482479.360
9992,5.968,14.161,5.863,203.667,0.220,329931.604
9993,3.412,10.284,4.211,204.200,0.531,796205.178
9994,3.072,11.255,4.554,204.552,0.594,890509.683
9995,9.107,11.844,4.717,206.695,0.617,925380.563
9996,0.000,10.390,4.182,205.661,1.034,1551362.937
9997,0.000,10.105,3.957,204.908,0.753,1128896.054
9998,0.000,12.117,4.621,204.375,0.533,799453.052
9999,0.000,16.162,5.969,204.013,0.362,542568.597
10000,4.514,14.910,5.275,204.659,0.228,342279.726
10001,0.096,14.559,5.076,204.294,0.391,586156.055
10002,1.702,15.959,5.356,204.260,0.256,384747.389
10003,32.806,12.886,4.188,211.834,0.241,362177.673
10004,0.357,9.274,3.509,210.022,1.915,2873049.491
10005,0.643,10.772,3.985,208.740,1.463,2194094.193
10006,3.079,8.572,3.092,208.458,1.127,1690358.038
10007,14.834,8.646,3.100,211.489,1.011,1516528.254
10008,5.698,8.642,3.271,211.505,1.624,2436410.432
10009,3.174,8.381,3.190,210.850,1.574,2361279.743
10010,4.565,9.138,3.455,210.786,1.376,2064624.711
10011,0.665,11.021,4.162,209.669,1.309,1963342.178
10012,0.000,13.662,5.028,208.659,1.009,1514240.011
10013,0.000,16.294,5.783,207.925,0.734,1100958.606
10014,4.104,15.526,5.277,208.466,0.519,778679.259
10015,11.524,11.361,3.795,210.806,0.585,877115.701
10016,6.517,10.031,3.476,211.476,1.046,1569336.975
10017,7.631,9.524,3.334,212.365,1.140,1710617.814
10018,0.000,9.263,3.297,211.082,1.283,1924407.002
10019,10.974,8.104,2.815,213.031,0.948,1421368.551
10020,6.050,9.703,3.503,213.368,1.323,1984952.692
10021,2.086,9.563,3.475,212.600,1.344,2016684.711
10022,0.701,7.145,2.559,211.668,1.122,1683744.322
10023,0.702,4.930,1.740,210.992,0.865,1296958.479
10024,2.858,6.552,2.291,211.089,0.663,994478.565
10025,5.931,6.314,2.205,212.031,0.631,947144.211
10026,5.947,7.862,2.790,212.849,0.786,1179087.009
10027,5.122,9.372,3.363,213.333,0.913,1369932.267
10028,28.769,8.611,3.098,220.234,0.967,1450656.003
10029,15.179,7.550,3.066,222.493,2.433,3649251.891
10030,4.148,9.785,4.163,220.960,2.877,4315893.533
10031,6.110,9.746,4.112,220.435,2.487,3731125.801
10032,2.174,11.470,4.840,218.814,2.320,3479296.473
10033,0.454,12.390,5.120,217.046,1.911,2865814.257
10034,3.842,10.768,4.315,216.749,1.469,2203973.090
10035,1.956,10.729,4.253,215.987,1.352,2027356.066
10036,8.753,9.087,3.534,217.445,1.132,1697766.285
10037,2.559,10.994,4.351,216.816,1.400,2100704.114
10038,3.117,10.986,4.275,216.529,1.210,1814723.727
10039,2.770,10.698,4.105,216.242,1.095,1641915.179
10040,3.128,8.755,3.311,216.162,0.980,1469495.032
10041,3.329,10.097,3.789,216.202,0.910,1365119.215
10042,59.688,7.773,2.889,232.203,0.867,1300478.772
10043,46.154,9.988,4.749,244.598,4.335,6502832.296
10044,12.761,6.291,3.395,242.844,7.010,10515524.099
10045,0.000,6.349,3.495,236.272,6.573,9859212.349
10046,1.463,10.042,5.436,231.801,5.075,7612640.049
10047,0.283,11.310,5.988,227.876,4.040,6059914.403
10048,5.000,10.495,5.397,226.713,3.125,4687111.369
10049,3.055,10.312,5.240,225.080,2.817,4226042.824
10050,8.337,9.925,4.956,225.848,2.407,3609882.823
10051,3.104,10.967,5.482,224.508,2.524,3786408.069
10052,0.000,11.166,5.478,222.330,2.178,3266904.980
10053,1.765,12.008,5.720,221.323,1.647,2471181.495
10054,12.946,10.440,4.849,224.531,1.375,2062136.666
10055,21.355,12.441,5.892,230.210,2.029,3043737.108
10056,3.628,11.197,5.528,228.349,3.227,4841221.342
10057,1.399,10.405,5.049,226.100,2.767,4150250.599
10058,8.002,8.451,4.009,226.772,2.221,3331390.120
10059,4.386,9.290,4.434,226.050,2.318,3476859.294
10060,15.168,8.576,4.056,229.411,2.108,3162071.867
10061,8.378,9.266,4.519,229.729,2.796,4194618.636
10062,10.000,9.403,4.604,230.647,2.816,4223507.883
10063,3.281,8.213,4.057,228.916,2.967,4450078.895
10064,1.439,7.433,3.633,226.917,2.535,3802713.334
10065,1.500,7.667,3.693,225.424,2.045,3067017.489
10066,0.000,8.069,3.828,223.758,1.665,2498062.611
10067,0.000,8.826,4.099,222.510,1.248,1872555.529
10068,3.298,7.328,3.326,222.727,0.923,1384735.939
10069,4.538,7.387,3.330,223.365,0.920,1380705.538
10070,1.549,12.437,5.595,222.886,1.010,1515536.742
10071,0.000,10.916,4.781,222.031,0.854,1281678.694
10072,0.000,9.001,3.830,221.415,0.616,924154.982
10073,0.000,12.063,5.013,220.985,0.430,645362.041
10074,0.000,14.301,5.757,220.764,0.285,427979.026
10075,0.000,13.872,5.376,220.543,0.221,331146.309
10076,2.677,12.780,4.774,220.633,0.221,330815.163
10077,12.954,11.829,4.331,223.811,0.289,432919.011
10078,0.000,6.751,2.560,222.843,0.968,1451941.848
10079,0.000,1.420,0.529,222.138,0.705,1057095.307
10080,1.774,2.235,0.829,222.139,0.499,749190.424
10081,0.819,6.302,2.346,221.922,0.450,674335.029
10082,1.878,3.338,1.228,222.095,0.352,527262.010
10083,0.598,3.085,1.135,221.923,0.340,509400.738
10084,17.901,4.512,1.652,226.341,0.252,377481.169
10085,12.291,4.754,1.880,228.798,1.243,1863796.285
10086,9.704,2.878,1.189,230.115,1.733,2599444.145
10087,19.558,9.302,3.974,234.505,1.973,2959384.805
10088,3.252,5.015,2.263,232.734,2.889,4333011.683
10089,0.000,3.354,1.512,230.285,2.449,3673848.981
10090,3.052,3.802,1.699,229.463,1.861,2790905.532
10091,2.567,9.067,4.060,228.709,1.630,2445162.833
10092,1.390,8.182,3.613,227.762,1.414,2121614.477
10093,3.378,7.196,3.127,227.723,1.156,1734657.004
10094,5.601,7.075,3.058,228.469,1.098,1647544.079
10095,1.098,7.184,3.119,227.619,1.213,1819356.707
10096,0.134,4.898,2.096,226.686,0.976,1464700.799
10097,0.000,3.990,1.686,225.965,0.722,1082698.695
10098,0.000,3.506,1.467,225.451,0.514,770403.795
10099,0.280,2.578,1.069,225.188,0.351,526887.874
10100,0.371,1.462,0.603,224.963,0.244,366159.838
10101,1.827,0.000,0.000,224.860,0.225,337444.410
10102,14.184,0.000,0.000,228.757,0.252,377412.696
10103,0.000,0.000,0.000,227.626,1.131,1697150.169
10104,0.000,0.000,0.000,226.793,0.833,1249744.853
10105,0.000,0.000,0.000,226.192,0.601,900842.739
10106,4.598,0.612,0.269,227.400,0.419,628773.049
10107,5.248,0.000,0.000,228.553,0.636,953527.619
10108,1.172,0.000,0.000,228.121,0.840,1260496.230
10109,5.095,0.000,0.000,229.205,0.696,1044106.208
10110,0.000,0.000,0.000,228.319,0.886,1328252.342
10111,0.000,0.000,0.000,227.678,0.642,962521.222
10112,0.000,0.000,0.000,227.226,0.452,677324.464
10113,0.000,0.000,0.000,227.165,0.303,454944.435
10114,0.000,0.000,0.000,226.938,0.263,395022.400
10115,0.000,0.000,0.000,226.711,0.227,340406.407
10116,0.000,0.000,0.000,226.484,0.227,340066.001
10117,0.000,0.000,0.000,226.257,0.226,339725.935
10118,0.000,0.000,0.000,226.031,0.226,339386.209
10119,0.000,0.000,0.000,225.805,0.226,339046.823
10120,0.000,0.000,0.000,225.579,0.226,338707.776
10121,0.000,0.000,0.000,225.354,0.226,338369.068
10122,0.000,0.000,0.000,225.128,0.225,338030.699
10123,0.000,0.000,0.000,224.903,0.225,337692.668
10124,0.000,0.000,0.000,224.678,0.225,337354.976
10125,0.000,0.000,0.000,224.454,0.225,337017.621
10126,0.000,0.000,0.000,224.229,0.224,336680.603
10127,0.000,0.000,0.000,224.005,0.224,336343.923
10128,0.000,0.000,0.000,223.781,0.224,336007.579
10129,0.000,0.000,0.000,223.557,0.224,335671.571
10130,0.000,0.000,0.000,223.334,0.224,335335.899
10131,0.000,0.000,0.000,223.110,0.223,335000.564
10132,0.000,0.000,0.000,222.887,0.223,334665.563
10133,0.000,0.000,0.000,222.664,0.223,334330.897
10134,0.000,0.000,0.000,222.442,0.223,333996.567
10135,0.000,0.000,0.000,222.219,0.222,333662.570
10136,0.000,0.000,0.000,221.997,0.222,333328.907
10137,0.000,0.000,0.000,221.775,0.222,332995.579
10138,0.000,0.000,0.000,221.553,0.222,332662.583
10139,0.000,0.000,0.000,221.332,0.222,332329.920
10140,0.000,0.000,0.000,221.110,0.221,331997.590
10141,0.000,0.000,0.000,220.889,0.221,331665.593
10142,0.000,0.000,0.000,220.668,0.221,331333.927
10143,0.000,0.000,0.000,220.448,0.221,331002.593
10144,0.000,0.000,0.000,220.227,0.220,330671.591
10145,0.000,0.000,0.000,220.007,0.220,330340.919
10146,0.000,0.000,0.000,219.787,0.220,330010.578
10147,0.000,0.000,0.000,219.567,0.220,329680.568
10148,0.000,0.000,0.000,219.348,0.220,329350.887
10149,0.000,0.000,0.000,219.128,0.219,329021.536
10150,0.000,0.000,0.000,218.909,0.219,328692.515
10151,0.000,0.000,0.000,218.690,0.219,328363.822
10152,0.000,0.000,0.000,218.472,0.219,328035.458
10153,0.000,0.000,0.000,218.253,0.218,327707.423
10154,0.000,0.000,0.000,218.035,0.218,327379.715
10155,0.000,0.000,0.000,217.817,0.218,327052.336
10156,0.000,0.000,0.000,217.599,0.218,326725.283
10157,0.000,0.000,0.000,217.381,0.218,326398.558
10158,0.000,0.000,0.000,217.164,0.217,326072.160
10159,0.000,0.000,0.000,216.947,0.217,325746.087
10160,0.000,0.000,0.000,216.730,0.217,325420.341
10161,0.000,0.000,0.000,216.513,0.217,325094.921
10162,0.000,0.000,0.000,216.297,0.217,324769.826
10163,0.000,0.000,0.000,216.080,0.216,324445.056
10164,0.000,0.000,0.000,215.864,0.216,324120.611
10165,6.434,0.000,0.000,218.129,0.216,323796.491
10166,2.007,0.000,0.000,219.211,0.761,1142181.947
10167,1.502,0.460,0.226,220.563,0.948,1421975.110
10168,0.000,0.000,0.000,219.369,1.194,1791407.442
10169,0.000,0.000,0.000,218.489,0.880,1320467.217
10170,0.000,0.000,0.000,217.853,0.635,953210.672
10171,0.000,0.000,0.000,217.408,0.445,666827.320
10172,0.000,0.000,0.000,217.191,0.296,443524.983
10173,0.000,0.000,0.000,216.974,0.217,325787.144
10174,0.000,0.000,0.000,216.757,0.217,325461.357
10175,0.000,0.000,0.000,216.541,0.217,325135.896
10176,0.000,0.000,0.000,216.324,0.217,324810.760
10177,0.000,0.000,0.000,216.108,0.216,324485.949
10178,0.000,0.000,0.000,215.892,0.216,324161.463
10179,0.000,0.000,0.000,215.676,0.216,323837.302
10180,0.000,0.000,0.000,215.460,0.216,323513.465
10181,0.000,0.000,0.000,215.245,0.215,323189.951
10182,0.000,0.000,0.000,215.029,0.215,322866.761
10183,0.000,0.000,0.000,214.814,0.215,322543.894
10184,0.000,0.000,0.000,214.599,0.215,322221.351
10185,0.000,0.000,0.000,214.385,0.215,321899.129
10186,0.000,0.000,0.000,214.170,0.214,321577.230
10187,0.000,0.000,0.000,213.956,0.214,321255.653
10188,0.000,0.000,0.000,213.742,0.214,320934.397
10189,0.000,0.000,0.000,213.529,0.214,320613.463
10190,0.000,0.000,0.000,213.315,0.214,320292.849
10191,0.000,0.000,0.000,213.102,0.213,319972.556
10192,0.000,0.000,0.000,213.345,0.213,319652.584
10193,0.000,0.000,0.000,213.126,0.313,469823.777
10194,0.000,0.000,0.000,212.913,0.213,319688.598
10195,0.000,0.000,0.000,212.700,0.213,319368.910
10196,0.000,0.000,0.000,212.487,0.213,319049.541
10197,0.000,0.000,0.000,212.275,0.212,318730.491
10198,0.000,0.000,0.000,212.062,0.212,318411.761
10199,0.000,0.000,0.000,211.850,0.212,318093.349
10200,0.000,0.000,0.000,211.638,0.212,317775.256
10201,0.000,0.000,0.000,211.427,0.212,317457.480
10202,0.000,0.000,0.000,211.215,0.211,317140.023
10203,0.000,0.000,0.000,211.004,0.211,316822.883
10204,0.000,0.000,0.000,210.793,0.211,316506.060
10205,0.000,0.000,0.000,210.582,0.211,316189.554
10206,0.000,0.000,0.000,210.372,0.211,315873.364
10207,0.000,0.000,0.000,210.161,0.210,315557.491
10208,0.000,0.000,0.000,210.083,0.210,315241.934
10209,0.000,0.000,0.000,209.873,0.239,358563.169
10210,0.000,0.000,0.000,209.664,0.210,314810.113
10211,0.000,0.000,0.000,209.454,0.210,314495.302
10212,0.000,0.000,0.000,209.244,0.209,314180.807
10213,0.000,0.000,0.000,209.035,0.209,313866.626
10214,0.000,0.000,0.000,208.826,0.209,313552.760
10215,0.000,0.000,0.000,208.617,0.209,313239.207
10216,0.000,0.000,0.000,208.409,0.209,312925.968
10217,0.000,0.000,0.000,208.200,0.208,312613.042
10218,0.000,0.000,0.000,207.992,0.208,312300.429
10219,0.000,0.000,0.000,207.784,0.208,311988.128
10220,0.000,0.000,0.000,207.576,0.208,311676.140
10221,0.000,0.000,0.000,207.369,0.208,311364.464
10222,0.000,0.000,0.000,207.161,0.207,311053.100
10223,0.000,0.000,0.000,206.954,0.207,310742.047
10224,0.000,0.000,0.000,206.747,0.207,310431.304
10225,0.000,0.000,0.000,206.541,0.207,310120.873
10226,0.000,0.000,0.000,206.334,0.207,309810.752
10227,0.000,0.000,0.000,206.128,0.206,309500.942
10228,0.000,0.000,0.000,205.921,0.206,309191.441
10229,0.000,0.000,0.000,205.716,0.206,308882.249
10230,0.000,0.000,0.000,205.510,0.206,308573.367
10231,0.000,0.000,0.000,205.304,0.206,308264.794
10232,0.000,0.000,0.000,205.099,0.205,307956.529
10233,0.000,0.000,0.000,204.894,0.205,307648.572
10234,0.000,0.000,0.000,204.689,0.205,307340.924
10235,0.000,0.000,0.000,204.484,0.205,307033.583
10236,0.000,0.000,0.000,204.280,0.204,306726.549
10237,0.000,0.000,0.000,204.076,0.204,306419.823
10238,0.000,0.000,0.000,203.872,0.204,306113.403
10239,0.000,0.000,0.000,203.668,0.204,305807.289
10240,0.000,0.000,0.000,203.464,0.204,305501.482
10241,0.000,0.000,0.000,203.261,0.203,305195.981
10242,0.000,0.000,0.000,203.057,0.203,304890.785
10243,3.680,0.000,0.000,204.183,0.203,304585.894
10244,0.000,0.000,0.000,203.688,0.495,742895.313
10245,0.000,0.000,0.000,203.356,0.332,498270.951
10246,0.000,0.000,0.000,203.153,0.205,307545.136
10247,0.000,0.000,0.000,202.949,0.203,304728.819
10248,0.000,0.000,0.000,202.746,0.203,304424.091
10249,0.000,0.000,0.000,202.544,0.203,304119.666
10250,0.000,0.000,0.000,202.341,0.203,303815.547
10251,0.000,0.000,0.000,202.139,0.202,303511.731
10252,0.000,0.000,0.000,201.937,0.202,303208.219
10253,0.000,0.000,0.000,201.735,0.202,302905.011
10254,0.000,0.000,0.000,201.533,0.202,302602.106
10255,0.000,0.000,0.000,201.331,0.202,302299.504
10256,0.000,0.000,0.000,201.130,0.201,301997.205
10257,0.000,0.000,0.000,200.929,0.201,301695.207
10258,0.000,0.000,0.000,200.728,0.201,301393.512
10259,0.000,0.000,0.000,200.527,0.201,301092.119
10260,0.000,0.000,0.000,200.327,0.201,300791.027
10261,0.000,0.000,0.000,200.126,0.200,300490.236
10262,0.000,0.000,0.000,199.926,0.200,300189.745
10263,0.000,0.000,0.000,199.726,0.200,299889.556
10264,0.000,0.000,0.000,199.527,0.200,299589.666
10265,0.000,0.000,0.000,199.327,0.200,299290.076
10266,0.000,0.000,0.000,199.128,0.199,298990.786
10267,0.000,0.000,0.000,198.929,0.199,298691.795
10268,3.271,0.000,0.000,199.726,0.199,298393.104
10269,1.348,0.000,0.000,200.482,0.418,626821.473
10270,0.000,0.000,0.000,199.952,0.529,793623.161
10271,3.582,0.000,0.000,201.791,0.358,536566.349
10272,0.000,0.000,0.000,201.084,0.707,1060893.392
10273,0.000,0.000,0.000,200.587,0.497,745201.967
10274,0.000,0.000,0.000,200.254,0.333,499044.950
10275,0.000,0.000,0.000,200.054,0.205,307124.689
10276,0.000,0.000,0.000,199.854,0.200,300080.938
10277,0.000,0.000,0.000,199.654,0.200,299780.857
10278,4.020,0.554,0.296,202.630,0.200,299481.076
10279,0.000,0.671,0.368,203.876,0.898,1347061.367
10280,5.889,1.810,1.004,208.529,1.117,1676124.968
10281,2.968,0.000,0.000,208.506,2.086,3129248.102
10282,1.265,0.909,0.527,209.550,2.026,3039570.023
10283,1.278,3.030,1.782,212.654,2.201,3301958.278
10284,1.935,0.901,0.541,213.306,2.830,4244484.173
10285,0.000,0.000,0.000,210.388,2.918,4377736.835
10286,0.000,0.000,0.000,208.166,2.222,3332823.093
10287,0.000,0.000,0.000,206.487,1.679,2517872.186
10288,0.000,0.000,0.000,205.233,1.255,1882292.208
10289,0.000,0.000,0.000,204.308,0.924,1386621.473
10290,0.000,0.000,0.000,203.641,0.667,1000079.867
10291,0.000,0.000,0.000,203.176,0.466,698658.899
10292,0.000,0.000,0.000,202.939,0.309,463631.947
10293,0.000,0.000,0.000,202.736,0.203,304408.989
10294,0.000,0.000,0.000,202.534,0.203,304104.580
10295,0.000,0.000,0.000,202.331,0.203,303800.476
10296,0.000,0.000,0.000,202.129,0.202,303496.675
10297,0.000,0.000,0.000,201.927,0.202,303193.179
10298,0.000,0.000,0.000,201.725,0.202,302889.985
10299,0.000,0.000,0.000,201.523,0.202,302587.095
10300,0.000,0.246,0.150,202.807,0.202,302284.508
10301,0.435,1.899,1.168,206.217,0.528,792161.334
10302,0.000,4.048,2.524,211.124,1.224,1835671.455
10303,0.000,5.620,3.566,216.862,2.249,3373587.353
10304,0.000,6.377,4.127,222.412,3.457,5185436.106
10305,0.000,6.283,4.150,226.872,4.624,6935447.347
10306,0.000,6.911,4.650,231.317,5.551,8325895.569
10307,0.000,4.579,3.137,232.224,6.474,9711457.011
10308,0.000,4.146,2.879,232.559,6.620,9929555.395
10309,0.158,4.259,2.994,233.185,6.639,9959110.505
10310,0.000,3.389,2.411,232.644,6.723,10084552.634
10311,0.000,2.005,1.441,229.031,6.550,9825202.830
10312,0.000,4.856,3.501,223.330,5.701,8552076.972
10313,0.000,8.463,6.026,218.937,4.393,6589823.265
10314,0.000,7.886,5.491,215.564,3.373,5059346.171
10315,0.000,8.564,5.841,212.987,2.577,3865654.754
10316,0.000,8.498,5.667,211.030,1.956,2934656.083
10317,0.000,10.011,6.528,209.558,1.472,2208557.675
10318,0.000,8.553,5.432,208.463,1.095,1642281.390
10319,0.000,8.529,5.296,207.663,0.800,1200666.282
10320,0.000,5.975,3.628,207.092,0.571,856286.811
10321,0.000,6.053,3.618,206.700,0.392,587751.056
10322,0.000,9.871,5.807,206.493,0.252,378373.320
10323,0.000,10.105,5.792,206.287,0.206,309739.999
10324,1.676,11.173,6.237,206.345,0.206,309430.259
10325,0.774,12.289,6.691,206.217,0.264,396359.430
10326,0.931,13.307,7.029,206.010,0.223,334869.590
10327,8.023,12.133,6.204,208.484,0.206,309015.682
10328,10.897,8.814,4.477,211.911,0.795,1192997.852
10329,8.604,9.898,5.084,213.787,1.496,2243707.101
10330,0.810,8.326,4.280,212.250,1.855,2782633.701
10331,5.804,6.735,3.396,213.018,1.463,2195234.105
10332,0.000,11.462,5.784,211.439,1.579,2368840.083
10333,0.000,13.295,6.509,210.260,1.179,1767797.417
10334,0.000,11.314,5.348,209.394,0.866,1299064.035
10335,0.000,6.400,2.936,208.772,0.622,933531.815
10336,13.494,4.224,1.905,212.978,0.432,648496.421
10337,10.607,2.172,1.019,215.466,1.304,1956742.338
10338,0.000,1.416,0.686,213.667,1.799,2698554.978
10339,1.771,2.371,1.144,212.969,1.350,2025453.225
10340,10.794,1.424,0.687,215.795,1.144,1715529.943
10341,5.734,0.753,0.375,216.262,1.713,2569039.991
10342,5.421,4.204,2.130,216.594,1.763,2643937.670
10343,2.705,4.735,2.414,215.863,1.783,2674495.371
10344,6.891,2.445,1.242,216.963,1.569,2354220.960
10345,9.048,3.635,1.874,218.763,1.759,2638188.275
10346,0.874,6.135,3.220,217.011,2.102,3153294.744
10347,4.019,5.745,2.975,216.935,1.664,2496273.834
10348,4.040,6.657,3.439,216.932,1.595,2392501.822
10349,5.246,6.985,3.590,217.447,1.542,2312888.167
10350,3.923,5.936,3.045,217.379,1.603,2404283.041
10351,0.000,6.493,3.319,215.843,1.536,2303402.883
10352,0.000,5.854,2.942,214.698,1.146,1718260.874
10353,0.000,9.968,4.933,213.856,0.841,1261928.501
10354,0.863,10.939,5.274,213.570,0.604,906067.565
10355,0.000,9.629,4.523,213.081,0.489,733227.495
10356,0.000,12.648,5.793,212.788,0.329,493837.175
10357,0.000,16.271,7.207,212.575,0.213,319181.787
10358,0.000,17.601,7.466,212.362,0.213,318862.605
10359,1.154,18.131,7.339,212.150,0.212,318543.743
10360,2.592,14.797,5.737,212.252,0.212,318225.199
10361,0.000,6.731,2.542,212.040,0.281,421667.866
10362,4.857,6.607,2.451,212.748,0.212,318060.707
10363,0.000,7.788,2.910,212.334,0.414,621340.160
10364,0.000,7.055,2.583,212.122,0.271,406405.964
10365,5.434,7.648,2.748,212.944,0.212,318183.195
10366,9.572,5.222,1.893,215.143,0.439,659235.667
10367,14.750,3.280,1.232,218.485,0.871,1306428.276
10368,6.955,6.766,2.705,219.047,1.554,2331263.153
10369,5.679,6.380,2.586,219.173,1.626,2438639.746
10370,6.156,6.829,2.792,219.487,1.602,2402320.195
10371,0.365,9.017,3.720,217.983,1.619,2428082.634
10372,18.436,7.090,2.862,222.410,1.236,1853903.363
10373,2.127,13.291,5.707,220.948,2.158,3237019.120
10374,0.000,13.295,5.561,219.163,1.785,2676760.005
10375,0.000,15.167,6.124,217.823,1.340,2010283.757
10376,14.168,11.946,4.633,221.010,0.994,1490509.872
10377,0.000,12.425,4.992,219.367,1.643,2464698.339
10378,4.232,11.774,4.578,219.388,1.230,1845108.192
10379,2.906,12.535,4.821,219.055,1.183,1774960.517
10380,0.000,12.511,4.722,217.996,1.059,1587809.873
10381,0.000,13.588,4.962,217.222,0.774,1161367.025
10382,0.000,17.706,6.237,216.670,0.553,828818.729
10383,6.367,17.105,5.748,217.915,0.380,569508.105
10384,16.858,11.630,3.877,221.582,0.602,903640.842
10385,5.301,11.626,4.140,221.659,1.358,2036916.543
10386,1.615,8.311,2.953,220.772,1.324,1985546.526
10387,0.000,11.396,3.997,219.694,1.077,1616040.251
10388,7.178,10.518,3.580,220.761,0.789,1183924.976
10389,3.602,9.103,3.139,220.732,0.973,1459441.032
10390,0.000,9.883,3.396,219.816,0.916,1373395.950
10391,0.000,10.405,3.484,219.153,0.663,994891.951
10392,0.000,10.916,3.556,218.686,0.466,699735.189
10393,0.000,8.553,2.707,218.468,0.313,469589.195
10394,0.000,9.290,2.875,218.250,0.218,327702.348
10395,0.000,12.979,3.919,218.032,0.218,327374.645
10396,9.040,12.230,3.568,219.364,0.218,327047.271
10397,1.792,12.827,3.858,219.214,0.559,838434.138
10398,0.000,13.931,4.100,218.739,0.475,712657.453
10399,2.176,15.647,4.439,218.887,0.320,479675.816
10400,7.895,12.718,3.517,220.169,0.302,452485.826
10401,3.607,9.793,2.778,220.396,0.549,823112.113
10402,16.355,7.098,2.014,223.368,0.548,822082.829
10403,0.714,7.348,2.292,222.386,1.151,1726909.042
10404,0.000,7.063,2.171,221.501,0.885,1326955.575
10405,0.000,10.577,3.192,220.862,0.640,959260.792
10406,0.000,13.174,3.866,220.414,0.448,672534.626
10407,12.532,14.063,3.985,222.718,0.299,448963.905
10408,4.024,12.164,3.632,222.854,0.776,1163311.313
10409,0.000,8.385,2.493,222.099,0.755,1132780.671
10410,0.000,7.223,2.100,221.560,0.539,808152.981
10411,5.241,6.150,1.755,222.324,0.370,555018.799
10412,0.000,6.759,1.970,221.836,0.488,731868.670
10413,15.457,9.645,2.761,224.862,0.330,495667.642
10414,2.867,7.917,2.459,224.592,0.946,1419119.417
10415,5.613,6.903,2.139,225.076,0.837,1254936.058
10416,6.913,6.474,2.043,225.839,0.893,1339639.445
10417,2.969,6.248,2.024,225.558,1.011,1516443.822
10418,0.000,6.607,2.143,224.658,0.899,1348963.360
10419,1.494,5.873,1.873,224.369,0.652,977451.513
10420,3.264,6.778,2.148,224.616,0.538,807118.686
10421,0.000,11.591,3.683,224.073,0.543,814119.109
10422,8.405,11.345,3.497,225.666,0.374,560496.993
10423,0.000,6.209,1.961,224.991,0.674,1011615.326
10424,0.000,8.003,2.487,224.515,0.476,714693.000
10425,0.000,11.478,3.493,224.291,0.322,483167.952
10426,6.000,8.420,2.486,224.960,0.224,336436.045
10427,11.629,9.719,2.924,227.194,0.421,631025.810
10428,3.090,13.026,4.124,227.074,0.863,1294079.250
10429,0.000,16.275,5.077,226.287,0.787,1180305.148
10430,0.000,15.124,4.518,225.723,0.564,846567.194
10431,0.000,13.358,3.834,225.332,0.391,586325.660
10432,13.137,13.081,3.624,227.524,0.256,383411.261
10433,24.658,11.688,3.443,232.278,0.757,1135342.329
10434,7.305,6.076,2.038,232.386,1.754,2630330.780
10435,3.131,3.217,1.108,231.477,1.728,2592154.124
10436,1.089,3.557,1.236,230.286,1.479,2218487.020
10437,0.000,0.308,0.107,229.118,1.168,1751640.688
10438,0.080,2.625,0.908,228.277,0.862,1292697.409
10439,3.291,8.635,2.969,228.509,0.628,941697.988
10440,2.752,8.135,2.786,228.595,0.630,944800.406
10441,0.000,7.714,2.627,227.995,0.600,899832.930
10442,0.000,12.008,4.006,227.576,0.419,628581.246
10443,0.000,12.117,3.917,227.349,0.278,417078.221
10444,0.000,12.238,3.831,227.121,0.227,341023.265
10445,0.000,10.007,3.033,226.894,0.227,340682.242
10446,0.000,9.411,2.778,226.667,0.227,340341.560
10447,0.000,6.057,1.744,226.441,0.227,340001.218
10448,12.576,2.500,0.708,228.467,0.226,339661.217
10449,14.764,0.199,0.061,231.188,0.722,1082822.460
10450,0.000,0.000,0.000,229.917,1.271,1907233.463
10451,0.000,0.000,0.000,228.974,0.943,1414202.035
10452,0.000,0.000,0.000,228.288,0.686,1029710.962
10453,0.000,0.000,0.000,227.801,0.487,729881.291
10454,0.000,0.031,0.011,228.137,0.331,496087.441
10455,0.000,0.562,0.192,227.781,0.356,533738.112
10456,0.000,0.000,0.000,227.553,0.229,343242.128
10457,0.000,0.000,0.000,227.326,0.228,341329.775
10458,0.000,0.000,0.000,227.098,0.227,340988.445
10459,3.798,1.408,0.480,227.405,0.227,340647.457
10460,2.229,2.648,0.919,227.649,0.344,516585.858
10461,3.589,1.108,0.387,228.252,0.349,523689.223
10462,5.545,3.256,1.156,229.315,0.433,649408.104
10463,11.140,3.838,1.391,231.766,0.618,926954.968
10464,0.000,0.000,0.000,230.657,1.109,1662803.748
10465,0.000,0.000,0.000,229.841,0.816,1223981.866
10466,0.000,0.000,0.000,229.254,0.588,881773.804
10467,2.779,0.000,0.000,229.858,0.410,614924.447
10468,0.000,0.000,0.000,229.364,0.494,741596.522
10469,0.000,0.000,0.000,229.092,0.337,505731.812
10470,0.000,0.374,0.145,229.721,0.229,343638.720
10471,2.350,3.912,1.542,230.635,0.417,626201.629
10472,0.000,4.122,1.641,230.065,0.570,855232.013
10473,8.360,5.698,2.244,232.174,0.396,594510.236
10474,6.190,5.862,2.364,233.262,0.812,1218063.954
10475,1.487,3.705,1.513,232.721,1.003,1504604.232
10476,3.303,1.088,0.443,232.908,0.836,1253690.096
10477,1.273,4.306,1.773,232.478,0.829,1243251.915
10478,0.000,3.736,1.530,231.792,0.686,1029179.091
10479,0.000,0.000,0.000,231.305,0.487,730623.294
10480,4.719,0.000,0.000,232.429,0.332,497821.909
10481,2.963,0.000,0.000,232.832,0.531,796920.570
10482,0.000,0.000,0.000,232.260,0.572,857865.487
10483,2.024,0.000,0.000,232.508,0.398,597286.796
10484,3.461,0.000,0.000,233.217,0.405,607295.072
10485,15.206,0.363,0.156,237.671,0.513,769725.367
10486,0.000,0.000,0.000,236.226,1.445,2167811.730
10487,0.000,0.000,0.000,235.146,1.080,1619331.828
10488,0.062,4.559,2.075,235.606,0.794,1191589.066
10489,0.000,1.162,0.530,234.758,0.848,1271941.444
10490,0.000,0.000,0.000,234.145,0.614,920767.475
10491,0.000,0.000,0.000,233.713,0.431,646923.125
10492,0.000,0.148,0.067,233.480,0.289,433395.808
10493,0.000,0.296,0.135,233.246,0.233,350219.675
10494,0.000,0.000,0.000,233.013,0.233,349869.455
10495,0.000,0.000,0.000,232.780,0.233,349519.586
10496,0.000,0.000,0.000,232.547,0.233,349170.066
10497,0.000,0.000,0.000,232.315,0.233,348820.896
10498,0.000,3.748,1.702,232.082,0.232,348472.075
10499,0.000,1.732,0.779,231.850,0.232,348123.603
10500,4.978,6.010,2.690,232.866,0.232,347775.480
10501,0.000,0.000,0.000,232.360,0.506,759046.535
10502,0.000,0.000,0.000,232.055,0.347,520317.964
10503,0.000,0.000,0.000,231.823,0.232,348082.521
10504,0.000,0.000,0.000,231.591,0.232,347734.439
10505,0.000,0.000,0.000,231.360,0.232,347386.704
10506,0.000,0.000,0.000,231.128,0.231,347039.317
10507,0.000,0.000,0.000,230.897,0.231,346692.278
10508,0.000,0.000,0.000,230.666,0.231,346345.586
10509,0.000,0.000,0.000,230.435,0.231,345999.240
10510,0.000,0.000,0.000,230.205,0.230,345653.241
10511,0.000,0.000,0.000,229.975,0.230,345307.588
10512,0.000,0.000,0.000,229.745,0.230,344962.280
10513,0.000,0.000,0.000,229.515,0.230,344617.318
10514,0.000,0.000,0.000,229.286,0.230,344272.701
10515,0.376,0.000,0.000,229.518,0.229,343928.428
10516,1.606,3.104,1.408,233.442,0.331,495807.635
10517,0.000,0.000,0.000,232.296,1.145,1718136.371
10518,0.000,0.000,0.000,231.451,0.845,1267638.955
10519,0.000,0.000,0.000,230.840,0.611,916323.477
10520,0.000,0.000,0.000,230.412,0.428,642369.840
10521,0.000,0.000,0.000,230.182,0.286,428758.365
10522,0.000,0.000,0.000,229.952,0.230,345272.665
10523,0.000,0.000,0.000,229.722,0.230,344927.392
10524,0.000,0.000,0.000,229.492,0.230,344582.465
10525,0.000,0.000,0.000,229.262,0.229,344237.882
10526,0.000,0.000,0.000,229.033,0.229,343893.644
10527,0.000,0.000,0.000,228.804,0.229,343549.751
10528,0.000,0.000,0.000,228.575,0.229,343206.201
10529,0.000,0.000,0.000,228.347,0.229,342862.995
10530,0.000,0.000,0.000,228.118,0.228,342520.132
10531,0.000,0.000,0.000,227.890,0.228,342177.611
10532,0.000,0.000,0.000,227.662,0.228,341835.434
10533,4.723,0.000,0.000,228.812,0.228,341493.598
10534,0.000,0.000,0.000,228.281,0.530,795571.380
10535,0.000,0.000,0.000,227.916,0.365,547432.988
10536,0.000,0.000,0.000,227.689,0.236,353958.154
10537,0.000,0.000,0.000,227.461,0.228,341532.823
10538,0.000,0.000,0.000,227.233,0.227,341191.290
10539,0.000,0.000,0.000,227.006,0.227,340850.099
10540,0.388,0.967,0.464,228.593,0.227,340509.249
10541,0.000,0.000,0.000,229.145,0.626,938868.021
10542,0.000,0.000,0.000,228.447,0.698,1047679.335
10543,0.000,0.000,0.000,227.951,0.496,743935.163
10544,0.000,0.000,0.000,227.671,0.338,507087.964
10545,0.000,0.000,0.000,227.443,0.228,341506.057
10546,0.000,0.000,0.000,227.216,0.227,341164.551
10547,0.000,0.000,0.000,226.988,0.227,340823.387
10548,0.000,0.000,0.000,226.761,0.227,340482.563
10549,0.000,0.000,0.000,226.535,0.227,340142.081
10550,0.000,0.000,0.000,226.308,0.227,339801.938
10551,0.000,0.000,0.000,226.082,0.226,339462.137
10552,0.000,0.000,0.000,225.856,0.226,339122.674
10553,0.000,0.000,0.000,225.630,0.226,338783.552
10554,0.000,0.000,0.000,225.404,0.226,338444.768
10555,0.000,0.000,0.000,225.179,0.225,338106.323
10556,0.000,0.000,0.000,224.954,0.225,337768.217
10557,0.000,0.000,0.000,224.729,0.225,337430.449
10558,0.000,0.000,0.000,224.504,0.225,337093.018
10559,0.000,0.000,0.000,224.279,0.225,336755.925
10560,0.000,0.000,0.000,224.055,0.224,336419.169
10561,0.000,1.650,0.814,226.155,0.224,336082.750
10562,0.000,5.499,2.769,231.636,0.735,1102764.699
10563,0.308,2.285,1.193,233.384,1.891,2837153.226
10564,0.000,0.714,0.381,233.285,2.227,3339824.932
10565,0.000,0.000,0.000,231.130,2.155,3232946.938
10566,0.000,0.000,0.000,229.498,1.632,2447624.798
10567,0.000,0.000,0.000,228.275,1.223,1835147.603
10568,0.000,0.000,0.000,227.370,0.905,1357489.391
10569,0.000,0.000,0.000,226.713,0.657,984989.911
10570,0.000,0.000,0.000,226.250,0.463,694514.168
10571,0.000,0.000,0.000,226.024,0.312,468016.867
10572,0.000,0.000,0.000,225.798,0.226,339036.380
10573,0.000,0.000,0.000,225.572,0.226,338697.344
10574,0.000,0.000,0.000,225.347,0.226,338358.646
10575,0.000,0.000,0.000,225.122,0.225,338020.288
10576,0.000,0.000,0.000,224.896,0.225,337682.267
10577,0.000,0.000,0.000,224.671,0.225,337344.585
10578,0.000,0.000,0.000,224.447,0.225,337007.241
10579,0.000,0.000,0.000,224.222,0.224,336670.233
10580,0.000,0.000,0.000,223.998,0.224,336333.563
10581,0.000,0.000,0.000,223.774,0.224,335997.230
10582,0.000,0.000,0.000,223.550,0.224,335661.232
10583,0.000,0.000,0.000,223.327,0.224,335325.571
10584,0.000,0.000,0.000,223.104,0.223,334990.246
10585,0.000,0.000,0.000,222.880,0.223,334655.255
10586,0.000,0.000,0.000,222.658,0.223,334320.600
10587,0.000,0.000,0.000,222.435,0.223,333986.279
10588,0.000,0.000,0.000,222.212,0.222,333652.293
10589,0.000,0.000,0.000,221.990,0.222,333318.641
10590,0.000,0.000,0.000,221.768,0.222,332985.322
10591,0.000,0.000,0.000,221.546,0.222,332652.337
10592,0.000,0.000,0.000,221.325,0.222,332319.685
10593,0.000,0.000,0.000,221.104,0.221,331987.365
10594,0.000,0.000,0.000,220.882,0.221,331655.378
10595,0.000,0.000,0.000,220.662,0.221,331323.722
10596,0.000,0.000,0.000,220.441,0.221,330992.398
10597,0.000,0.000,0.000,220.220,0.220,330661.406
10598,0.000,0.000,0.000,220.000,0.220,330330.745
10599,4.115,1.716,0.927,224.131,0.220,330000.414
10600,0.000,0.000,0.000,223.113,1.177,1765271.829
10601,0.000,0.000,0.000,223.516,0.903,1353829.628
10602,0.000,0.000,0.000,222.575,0.941,1411241.281
10603,0.000,0.000,0.000,221.892,0.684,1025292.199
10604,0.000,0.000,0.000,221.409,0.483,724327.390
10605,0.000,0.000,0.000,221.158,0.326,489650.240
10606,0.000,0.000,0.000,220.937,0.221,331737.218
10607,0.392,0.000,0.000,221.184,0.221,331405.481
10608,0.000,0.000,0.000,220.945,0.324,485514.337
10609,5.663,0.000,0.000,223.695,0.221,331418.001
10610,5.733,0.425,0.245,227.351,0.874,1311547.203
10611,0.000,2.340,1.381,229.759,1.628,2442516.702
10612,0.000,0.940,0.563,230.282,2.108,3162047.245
10613,0.000,0.000,0.000,228.109,2.173,3259523.675
10614,0.000,0.000,0.000,226.465,1.645,2467337.153
10615,0.000,0.000,0.000,225.232,1.233,1849506.758
10616,0.000,0.000,0.000,224.320,0.912,1367674.066
10617,0.000,0.000,0.000,223.658,0.661,991919.507
10618,0.000,0.000,0.000,223.193,0.466,698905.817
10619,0.000,0.000,0.000,222.970,0.314,470429.931
10620,0.000,0.000,0.000,222.747,0.223,334454.648
10621,0.000,0.000,0.000,222.524,0.223,334120.194
10622,0.000,0.000,0.000,222.302,0.223,333786.073
10623,0.000,0.000,0.000,222.196,0.222,333452.287
10624,0.000,0.000,0.000,221.974,0.248,371688.189
10625,0.000,0.000,0.000,221.752,0.222,332961.031
10626,0.000,0.000,0.000,221.530,0.222,332628.070
10627,0.000,0.000,0.000,221.309,0.222,332295.442
10628,0.000,0.000,0.000,221.087,0.221,331963.147
10629,0.000,0.000,0.000,220.866,0.221,331631.184
10630,0.000,0.000,0.000,220.646,0.221,331299.553
10631,0.000,0.000,0.000,220.425,0.221,330968.253
10632,0.000,0.027,0.017,221.453,0.220,330637.285
10633,0.000,0.749,0.459,223.445,0.495,742290.911
10634,0.000,0.000,0.000,222.562,0.883,1324321.040
10635,0.000,0.000,0.000,221.924,0.638,957558.055
10636,0.000,0.000,0.000,221.476,0.448,671558.339
10637,0.000,1.603,0.993,224.520,0.299,448553.897
10638,0.000,2.777,1.741,228.349,0.940,1409348.728
10639,0.000,1.622,1.032,230.170,1.732,2597774.807
10640,0.000,0.000,0.000,228.087,2.082,3123372.079
10641,0.000,0.000,0.000,226.513,1.574,2361237.787
10642,0.000,0.148,0.095,227.267,1.178,1766848.031
10643,0.000,0.000,0.000,227.115,1.294,1940907.544
10644,0.000,1.170,0.762,229.026,1.211,1815919.357
10645,0.000,0.000,0.000,228.450,1.581,2371750.271
10646,2.694,0.714,0.471,231.041,1.405,2107185.857
10647,0.000,3.619,2.420,235.193,1.925,2887741.088
10648,0.000,0.558,0.378,234.927,2.789,4183321.813
10649,4.125,1.345,0.918,237.885,2.681,4021269.367
10650,0.000,0.000,0.000,235.419,3.282,4923066.595
10651,1.072,0.121,0.084,235.358,2.690,4034863.431
10652,2.900,2.656,1.863,238.080,2.627,3940630.731
10653,4.587,2.820,1.998,237.391,3.177,4764813.549
10654,0.000,0.452,0.321,234.415,2.976,4463274.097
10655,0.000,0.382,0.271,232.144,2.272,3407404.458
10656,0.000,0.253,0.179,230.421,1.723,2583900.089
10657,0.000,1.416,1.000,229.127,1.294,1941640.557
10658,0.000,1.104,0.777,228.166,0.961,1440751.923
10659,0.000,0.523,0.367,227.466,0.700,1050132.516
10660,0.000,0.000,0.000,226.969,0.497,745523.033
10661,0.000,0.000,0.000,226.682,0.339,508001.216
10662,0.000,0.000,0.000,226.456,0.227,340023.701
10663,2.487,1.248,0.875,227.114,0.226,339683.678
10664,1.753,3.432,2.409,227.634,0.421,631128.087
10665,2.163,2.547,1.777,228.303,0.486,729509.698
10666,2.111,2.012,1.400,228.842,0.584,876656.758
10667,4.069,3.459,2.403,230.351,0.654,981249.648
10668,0.818,0.109,0.076,229.847,0.937,1405768.702
10669,0.262,0.000,0.000,229.209,0.778,1166475.813
10670,0.000,0.000,0.000,228.620,0.588,882645.886
10671,0.000,0.000,0.000,228.210,0.410,615395.077
10672,0.000,0.000,0.000,227.982,0.271,407012.514
10673,0.000,1.595,1.108,227.754,0.228,341973.264
10674,0.903,5.327,3.684,227.554,0.228,341631.290
10675,0.000,6.002,4.100,227.327,0.234,350418.987
10676,0.000,6.864,4.616,227.099,0.227,340989.866
10677,0.000,7.032,4.644,226.872,0.227,340648.877
10678,0.000,7.231,4.688,226.645,0.227,340308.228
10679,0.000,4.738,3.014,226.419,0.227,339967.920
10680,0.000,0.000,0.000,226.192,0.226,339627.952
10681,0.000,6.427,4.038,225.966,0.226,339288.324
10682,0.000,7.102,4.387,225.740,0.226,338949.035
10683,0.000,7.987,4.843,225.514,0.226,338610.086
10684,0.000,7.831,4.650,225.289,0.226,338271.476
10685,0.000,9.914,5.767,225.064,0.225,337933.205
10686,0.000,6.412,3.633,224.838,0.225,337595.272
10687,0.000,0.000,0.000,224.614,0.225,337257.676
10688,0.000,0.000,0.000,224.389,0.225,336920.419
10689,4.952,0.000,0.000,226.195,0.224,336583.498
10690,5.727,0.000,0.000,228.000,0.671,1006374.175
10691,7.400,1.513,0.869,230.228,1.018,1527602.179
10692,0.000,3.522,2.053,228.768,1.459,2188711.919
10693,7.110,1.221,0.705,230.816,1.089,1633156.670
10694,0.000,2.711,1.589,229.326,1.490,2235044.404
10695,4.387,4.001,2.329,230.164,1.113,1669444.012
10696,0.446,2.890,1.683,229.114,1.248,1871877.490
10697,1.490,3.284,1.900,228.805,0.968,1451825.848
10698,4.168,4.423,2.546,229.787,0.851,1276018.815
10699,0.000,3.015,1.734,228.769,1.018,1526477.767
10700,2.717,4.934,2.815,229.208,0.745,1117130.751
10701,0.000,4.891,2.775,228.416,0.792,1188642.781
10702,2.214,2.956,1.656,228.793,0.569,853766.432
10703,1.830,5.331,2.981,228.971,0.603,905087.516
10704,0.000,4.961,2.749,228.377,0.594,890515.781
10705,0.000,3.565,1.950,227.963,0.414,621447.277
10706,0.000,2.995,1.623,227.735,0.274,411646.998
10707,2.894,2.231,1.199,228.245,0.228,341603.151
10708,0.000,3.311,1.785,227.856,0.390,584680.299
10709,0.000,7.788,4.161,227.628,0.255,382961.912
10710,0.000,13.381,7.005,227.400,0.228,341441.721
10711,0.000,15.701,7.933,227.173,0.227,341100.280
10712,8.327,12.546,6.080,229.573,0.227,340759.179
10713,0.000,8.295,4.002,228.768,0.805,1207321.928
10714,1.923,8.003,3.778,228.881,0.579,868437.738
10715,0.564,5.246,2.441,228.526,0.555,832573.700
10716,0.000,5.035,2.316,228.098,0.428,642273.802
10717,0.450,5.971,2.711,227.870,0.285,427919.800
10718,0.000,7.956,3.562,227.642,0.228,341804.645
10719,2.374,8.564,3.755,227.757,0.228,341462.840
10720,13.662,8.518,3.686,231.850,0.303,454236.707
10721,3.225,6.166,2.756,231.770,1.178,1766990.468
10722,0.000,10.011,4.459,230.658,1.112,1667620.760
10723,4.625,12.117,5.256,231.368,0.818,1227735.752
10724,2.147,8.861,3.794,231.142,0.926,1388876.497
10725,2.221,8.455,3.569,231.028,0.828,1241456.241
10726,2.443,6.763,2.818,231.049,0.754,1131096.752
10727,0.000,9.699,4.013,230.339,0.710,1065235.792
10728,1.082,11.610,4.682,230.165,0.505,758239.789
10729,0.690,11.727,4.609,229.953,0.419,628428.860
10730,0.000,6.743,2.578,229.723,0.324,485766.929
10731,3.364,6.092,2.288,230.004,0.230,344584.592
10732,12.564,5.858,2.202,233.254,0.342,512790.900
10733,0.000,10.670,4.199,232.245,1.008,1512748.133
10734,1.338,9.750,3.730,231.896,0.738,1107579.541
10735,0.000,11.528,4.327,231.283,0.613,920118.768
10736,0.000,12.258,4.463,230.853,0.430,645473.293
10737,0.000,13.361,4.710,230.622,0.288,431322.041
10738,0.000,17.129,5.828,230.391,0.231,345932.938
10739,0.000,19.726,6.412,230.161,0.230,345587.005
10740,5.643,17.343,5.348,230.802,0.230,345241.418
10741,6.120,16.879,5.160,231.800,0.422,632285.303
10742,2.412,17.152,5.223,231.764,0.593,889489.187
10743,0.000,19.859,5.873,231.227,0.537,805501.290
10744,0.000,20.689,5.803,230.857,0.371,556142.782
10745,0.000,19.239,5.105,230.626,0.241,361715.294
10746,0.000,19.063,4.806,230.395,0.231,345938.855
10747,0.000,19.625,4.702,230.165,0.230,345592.916
10748,0.000,18.135,4.123,229.935,0.230,345247.324
10749,0.000,18.080,3.917,229.705,0.230,344902.076
10750,0.000,18.697,3.860,229.475,0.230,344557.174
10751,0.000,19.040,3.739,229.246,0.229,344212.617
10752,0.000,16.992,3.172,229.016,0.229,343868.404
10753,0.000,14.028,2.503,228.787,0.229,343524.536
10754,6.279,11.926,2.050,228.923,0.229,343181.011
10755,9.561,10.897,1.970,229.834,0.309,463093.744
10756,6.199,10.284,2.027,230.278,0.479,718962.383
10757,1.813,12.164,2.501,230.031,0.529,792819.054
10758,11.147,12.640,2.567,231.316,0.426,638735.072
10759,2.170,14.446,3.192,231.018,0.660,990240.123
10760,8.351,16.251,3.532,231.845,0.546,819604.658
10761,6.605,12.886,2.916,232.296,0.680,1019903.541
10762,8.908,11.162,2.600,233.136,0.731,1096402.061
10763,5.747,7.032,1.725,233.336,0.868,1301275.765
10764,0.815,6.521,1.650,232.628,0.863,1295043.569
10765,0.000,6.743,1.688,231.969,0.660,989536.272
10766,0.000,8.958,2.204,231.502,0.467,699791.083
10767,1.390,8.482,2.038,231.374,0.316,473861.884
10768,0.660,6.915,1.645,231.143,0.254,381047.904
10769,2.552,6.474,1.522,230.916,0.231,346714.679
10770,2.639,7.098,1.679,230.711,0.232,347728.642
10771,0.000,11.532,2.743,230.480,0.236,354536.101
10772,0.000,16.509,3.808,230.250,0.230,345720.428
10773,1.097,11.017,2.432,230.020,0.230,345374.708
10774,0.000,7.036,1.525,229.790,0.230,345029.333
10775,0.000,13.350,2.842,229.560,0.230,344684.303
10776,0.000,13.939,2.864,229.330,0.230,344339.619
10777,0.000,6.798,1.346,229.101,0.229,343995.280
10778,4.489,3.561,0.693,229.081,0.229,343651.284
10779,0.000,3.775,0.765,228.853,0.275,412496.430
10780,0.475,3.198,0.642,228.624,0.229,343278.820
10781,0.000,4.926,0.985,228.395,0.229,342935.541
10782,0.000,5.491,1.084,228.167,0.228,342592.606
10783,0.000,5.846,1.138,227.939,0.228,342250.013
10784,0.000,8.451,1.620,227.711,0.228,341907.763
10785,0.000,9.118,1.710,227.483,0.228,341565.855
10786,0.000,10.304,1.886,227.255,0.227,341224.289
10787,4.115,9.411,1.676,227.132,0.227,340883.065
10788,0.000,9.789,1.792,226.904,0.250,374660.826
10789,1.341,10.581,1.887,226.678,0.227,340356.725
10790,19.447,11.138,1.966,228.592,0.227,340016.368
10791,2.955,9.177,1.975,228.375,0.697,1046076.113
10792,11.787,9.894,2.142,229.705,0.601,901217.482
10793,5.574,11.501,2.721,229.858,0.844,1266574.247
10794,3.226,8.654,2.089,229.619,0.829,1244065.564
10795,0.000,8.299,2.015,228.891,0.728,1091728.380
10796,0.000,9.793,2.327,228.372,0.519,778405.561
10797,0.000,10.397,2.408,228.016,0.356,534086.904
10798,1.918,10.187,2.295,227.788,0.229,343591.421
10799,4.607,10.066,2.249,227.889,0.228,341681.729
10800,15.087,9.672,2.201,230.066,0.300,449851.679
10801,6.051,7.270,1.849,230.475,0.757,1134949.572
10802,0.000,5.534,1.451,229.677,0.798,1196973.896
10803,9.786,6.201,1.603,231.020,0.574,860674.412
10804,3.527,4.941,1.358,230.934,0.821,1230804.173
10805,2.161,6.201,1.727,230.637,0.753,1129644.811
10806,0.046,6.626,1.845,230.007,0.639,958934.531
10807,3.185,5.811,1.591,230.216,0.452,678472.811
10808,1.945,7.250,2.002,230.173,0.450,674747.393
10809,0.000,5.702,1.568,229.781,0.392,588180.492
10810,1.964,3.081,0.835,229.604,0.258,386324.784
10811,0.000,0.035,0.010,229.374,0.241,361545.731
10812,0.000,0.534,0.146,229.145,0.229,344061.189
10813,0.000,3.081,0.839,228.916,0.229,343717.128
10814,0.000,3.869,1.045,228.687,0.229,343373.411
10815,0.000,5.725,1.531,228.458,0.229,343030.038
10816,0.000,6.681,1.760,228.230,0.228,342687.008
10817,0.000,7.835,2.028,228.001,0.228,342344.321
10818,0.443,5.035,1.277,227.773,0.228,342001.976
10819,0.000,3.724,0.936,227.546,0.228,341659.974
10820,0.000,2.960,0.736,227.318,0.228,341318.314
10821,1.927,4.060,1.002,227.091,0.227,340976.996
10822,6.786,3.019,0.750,227.690,0.227,340636.019
10823,7.903,0.000,0.000,228.843,0.409,612983.922
10824,0.000,0.932,0.258,228.229,0.613,920038.527
10825,4.625,1.599,0.442,228.769,0.430,644403.040
10826,0.881,5.632,1.604,228.460,0.500,749513.472
10827,0.589,2.192,0.619,228.203,0.383,574384.688
10828,1.390,3.155,0.890,227.999,0.278,416657.194
10829,6.790,5.749,1.625,228.795,0.233,349858.172
10830,0.000,6.965,2.036,228.342,0.453,679571.403
10831,0.000,3.420,0.982,228.114,0.305,457063.584
10832,0.000,6.634,1.887,227.886,0.228,342171.440
10833,0.000,7.488,2.093,227.658,0.228,341829.269
10834,0.000,3.892,1.067,227.431,0.228,341487.440
10835,0.475,0.000,0.000,227.203,0.227,341145.952
10836,0.000,0.000,0.000,226.976,0.227,340804.806
10837,0.000,0.000,0.000,226.749,0.227,340464.002
10838,0.000,0.000,0.000,226.522,0.227,340123.538
10839,0.000,0.000,0.000,226.296,0.227,339783.414
10840,5.552,0.000,0.000,227.092,0.226,339443.631
10841,2.987,0.803,0.231,227.753,0.451,676532.603
10842,2.321,1.521,0.451,227.728,0.547,821068.079
10843,10.465,2.016,0.606,229.620,0.493,739449.205
10844,4.031,1.002,0.321,229.739,0.860,1290398.120
10845,4.358,0.051,0.017,229.983,0.837,1256159.564
10846,0.000,0.000,0.000,229.141,0.842,1263590.495
10847,0.000,0.000,0.000,228.533,0.608,912406.474
10848,0.000,0.000,0.000,228.107,0.426,638556.132
10849,0.000,0.000,0.000,227.879,0.283,425025.986
10850,0.000,0.000,0.000,227.651,0.228,341818.567
